token,valid,rank,error
0000548db87959c2,False,0,/mnt/chenpeijian/autodrive/StreetWorld/lead/3rd_party/navsim_workspace/dataset/maps does not exist!
001b34b45b2f50e4,False,0,/mnt/chenpeijian/autodrive/StreetWorld/lead/3rd_party/navsim_workspace/dataset/maps does not exist!
003a1fdca9505c09,False,0,/mnt/chenpeijian/autodrive/StreetWorld/lead/3rd_party/navsim_workspace/dataset/maps does not exist!
006d30e1af265b1e,False,0,/mnt/chenpeijian/autodrive/StreetWorld/lead/3rd_party/navsim_workspace/dataset/maps does not exist!
00a757f8d4e45f8c,False,0,/mnt/chenpeijian/autodrive/StreetWorld/lead/3rd_party/navsim_workspace/dataset/maps does not exist!
00f49d71f0eb507b,False,0,/mnt/chenpeijian/autodrive/StreetWorld/lead/3rd_party/navsim_workspace/dataset/maps does not exist!
012ca60989175c54,False,0,/mnt/chenpeijian/autodrive/StreetWorld/lead/3rd_party/navsim_workspace/dataset/maps does not exist!
013ec5b715635a66,False,0,/mnt/chenpeijian/autodrive/StreetWorld/lead/3rd_party/navsim_workspace/dataset/maps does not exist!
01518f6335d75c16,False,0,/mnt/chenpeijian/autodrive/StreetWorld/lead/3rd_party/navsim_workspace/dataset/maps does not exist!
018690bcb255590d,False,0,/mnt/chenpeijian/autodrive/StreetWorld/lead/3rd_party/navsim_workspace/dataset/maps does not exist!
01c019a7360f5445,False,0,/mnt/chenpeijian/autodrive/StreetWorld/lead/3rd_party/navsim_workspace/dataset/maps does not exist!
01f3a4a21dc2582f,False,0,/mnt/chenpeijian/autodrive/StreetWorld/lead/3rd_party/navsim_workspace/dataset/maps does not exist!
020ba7462c6f52b3,False,0,/mnt/chenpeijian/autodrive/StreetWorld/lead/3rd_party/navsim_workspace/dataset/maps does not exist!
024d89a3e1e752dc,False,0,/mnt/chenpeijian/autodrive/StreetWorld/lead/3rd_party/navsim_workspace/dataset/maps does not exist!
0278f1a2ae3b5ae5,False,0,/mnt/chenpeijian/autodrive/StreetWorld/lead/3rd_party/navsim_workspace/dataset/maps does not exist!
02c173ffafdd5be5,False,0,/mnt/chenpeijian/autodrive/StreetWorld/lead/3rd_party/navsim_workspace/dataset/maps does not exist!
02e3c48291855ae8,False,0,/mnt/chenpeijian/autodrive/StreetWorld/lead/3rd_party/navsim_workspace/dataset/maps does not exist!
03059436fa185bf8,False,0,/mnt/chenpeijian/autodrive/StreetWorld/lead/3rd_party/navsim_workspace/dataset/maps does not exist!
03503ef42eeb5573,False,0,/mnt/chenpeijian/autodrive/StreetWorld/lead/3rd_party/navsim_workspace/dataset/maps does not exist!
037698dae8d65558,False,0,/mnt/chenpeijian/autodrive/StreetWorld/lead/3rd_party/navsim_workspace/dataset/maps does not exist!
039e37993d565b25,False,0,/mnt/chenpeijian/autodrive/StreetWorld/lead/3rd_party/navsim_workspace/dataset/maps does not exist!
03c2e332abb25034,False,0,/mnt/chenpeijian/autodrive/StreetWorld/lead/3rd_party/navsim_workspace/dataset/maps does not exist!
04352eb4cb195fde,False,0,/mnt/chenpeijian/autodrive/StreetWorld/lead/3rd_party/navsim_workspace/dataset/maps does not exist!
0451b850addd591c,False,0,/mnt/chenpeijian/autodrive/StreetWorld/lead/3rd_party/navsim_workspace/dataset/maps does not exist!
04676f5bccee5447,False,0,/mnt/chenpeijian/autodrive/StreetWorld/lead/3rd_party/navsim_workspace/dataset/maps does not exist!
0490beca807c5e9f,False,0,/mnt/chenpeijian/autodrive/StreetWorld/lead/3rd_party/navsim_workspace/dataset/maps does not exist!
04e105927ad451ab,False,0,/mnt/chenpeijian/autodrive/StreetWorld/lead/3rd_party/navsim_workspace/dataset/maps does not exist!
0503cc398e2656be,False,0,/mnt/chenpeijian/autodrive/StreetWorld/lead/3rd_party/navsim_workspace/dataset/maps does not exist!
055c41d3c8e75bdc,False,0,/mnt/chenpeijian/autodrive/StreetWorld/lead/3rd_party/navsim_workspace/dataset/maps does not exist!
05741acd510e52f7,False,0,/mnt/chenpeijian/autodrive/StreetWorld/lead/3rd_party/navsim_workspace/dataset/maps does not exist!
0590bd1f5b2057f2,False,0,/mnt/chenpeijian/autodrive/StreetWorld/lead/3rd_party/navsim_workspace/dataset/maps does not exist!
05c3b54be1cc52d0,False,0,/mnt/chenpeijian/autodrive/StreetWorld/lead/3rd_party/navsim_workspace/dataset/maps does not exist!
06067b68f2655a55,False,0,/mnt/chenpeijian/autodrive/StreetWorld/lead/3rd_party/navsim_workspace/dataset/maps does not exist!
06279fdb46815c6c,False,0,/mnt/chenpeijian/autodrive/StreetWorld/lead/3rd_party/navsim_workspace/dataset/maps does not exist!
066c0c3f45915cba,False,0,/mnt/chenpeijian/autodrive/StreetWorld/lead/3rd_party/navsim_workspace/dataset/maps does not exist!
0691c520f834559d,False,0,/mnt/chenpeijian/autodrive/StreetWorld/lead/3rd_party/navsim_workspace/dataset/maps does not exist!
06b2df49f0455bd0,False,0,/mnt/chenpeijian/autodrive/StreetWorld/lead/3rd_party/navsim_workspace/dataset/maps does not exist!
06df6b00bdad5229,False,0,/mnt/chenpeijian/autodrive/StreetWorld/lead/3rd_party/navsim_workspace/dataset/maps does not exist!
0715626fc800527e,False,0,/mnt/chenpeijian/autodrive/StreetWorld/lead/3rd_party/navsim_workspace/dataset/maps does not exist!
073b782b57115061,False,0,/mnt/chenpeijian/autodrive/StreetWorld/lead/3rd_party/navsim_workspace/dataset/maps does not exist!
077031ef7dcb5ab4,False,0,/mnt/chenpeijian/autodrive/StreetWorld/lead/3rd_party/navsim_workspace/dataset/maps does not exist!
07930113a85651b0,False,0,/mnt/chenpeijian/autodrive/StreetWorld/lead/3rd_party/navsim_workspace/dataset/maps does not exist!
07bf0601ad425977,False,0,/mnt/chenpeijian/autodrive/StreetWorld/lead/3rd_party/navsim_workspace/dataset/maps does not exist!
0802a51b0a1d512c,False,0,/mnt/chenpeijian/autodrive/StreetWorld/lead/3rd_party/navsim_workspace/dataset/maps does not exist!
082dba79a46d57b2,False,0,/mnt/chenpeijian/autodrive/StreetWorld/lead/3rd_party/navsim_workspace/dataset/maps does not exist!
086e4501de295946,False,0,/mnt/chenpeijian/autodrive/StreetWorld/lead/3rd_party/navsim_workspace/dataset/maps does not exist!
089e3eac4f7e5c5c,False,0,/mnt/chenpeijian/autodrive/StreetWorld/lead/3rd_party/navsim_workspace/dataset/maps does not exist!
08c1c8fbe5435208,False,0,/mnt/chenpeijian/autodrive/StreetWorld/lead/3rd_party/navsim_workspace/dataset/maps does not exist!
08ebfd6fbc145517,False,0,/mnt/chenpeijian/autodrive/StreetWorld/lead/3rd_party/navsim_workspace/dataset/maps does not exist!
090af86f693c507b,False,0,/mnt/chenpeijian/autodrive/StreetWorld/lead/3rd_party/navsim_workspace/dataset/maps does not exist!
0969be1cc6a85a76,False,0,/mnt/chenpeijian/autodrive/StreetWorld/lead/3rd_party/navsim_workspace/dataset/maps does not exist!
0992d669b9a25a25,False,0,/mnt/chenpeijian/autodrive/StreetWorld/lead/3rd_party/navsim_workspace/dataset/maps does not exist!
09be81c492625fd5,False,0,/mnt/chenpeijian/autodrive/StreetWorld/lead/3rd_party/navsim_workspace/dataset/maps does not exist!
09d9a0cd32c25dee,False,0,/mnt/chenpeijian/autodrive/StreetWorld/lead/3rd_party/navsim_workspace/dataset/maps does not exist!
09fc278e5d43564f,False,0,/mnt/chenpeijian/autodrive/StreetWorld/lead/3rd_party/navsim_workspace/dataset/maps does not exist!
0a2f44ba3be05531,False,0,/mnt/chenpeijian/autodrive/StreetWorld/lead/3rd_party/navsim_workspace/dataset/maps does not exist!
0a6021edcc74538a,False,0,/mnt/chenpeijian/autodrive/StreetWorld/lead/3rd_party/navsim_workspace/dataset/maps does not exist!
0a7ed373b7de5037,False,0,/mnt/chenpeijian/autodrive/StreetWorld/lead/3rd_party/navsim_workspace/dataset/maps does not exist!
0ac3823481f15815,False,0,/mnt/chenpeijian/autodrive/StreetWorld/lead/3rd_party/navsim_workspace/dataset/maps does not exist!
0ae7ba2fd0f95d17,False,0,/mnt/chenpeijian/autodrive/StreetWorld/lead/3rd_party/navsim_workspace/dataset/maps does not exist!
0b0a92d14c3c508e,False,0,/mnt/chenpeijian/autodrive/StreetWorld/lead/3rd_party/navsim_workspace/dataset/maps does not exist!
0b2bdcb48c3e561a,False,0,/mnt/chenpeijian/autodrive/StreetWorld/lead/3rd_party/navsim_workspace/dataset/maps does not exist!
0b57b00279885fd4,False,0,/mnt/chenpeijian/autodrive/StreetWorld/lead/3rd_party/navsim_workspace/dataset/maps does not exist!
0b99739b06c455bf,False,0,/mnt/chenpeijian/autodrive/StreetWorld/lead/3rd_party/navsim_workspace/dataset/maps does not exist!
0bc64fd1b3ff5d1a,False,0,/mnt/chenpeijian/autodrive/StreetWorld/lead/3rd_party/navsim_workspace/dataset/maps does not exist!
0bf5bbbd53fe5ea6,False,0,/mnt/chenpeijian/autodrive/StreetWorld/lead/3rd_party/navsim_workspace/dataset/maps does not exist!
0c318d7923d15b78,False,0,/mnt/chenpeijian/autodrive/StreetWorld/lead/3rd_party/navsim_workspace/dataset/maps does not exist!
0c4bf4c931b05734,False,0,/mnt/chenpeijian/autodrive/StreetWorld/lead/3rd_party/navsim_workspace/dataset/maps does not exist!
0c81f22d5e0658de,False,0,/mnt/chenpeijian/autodrive/StreetWorld/lead/3rd_party/navsim_workspace/dataset/maps does not exist!
0ca7781c66ea5fc9,False,0,/mnt/chenpeijian/autodrive/StreetWorld/lead/3rd_party/navsim_workspace/dataset/maps does not exist!
0ceeda78f4745942,False,0,/mnt/chenpeijian/autodrive/StreetWorld/lead/3rd_party/navsim_workspace/dataset/maps does not exist!
0d1800f960bf5d51,False,0,/mnt/chenpeijian/autodrive/StreetWorld/lead/3rd_party/navsim_workspace/dataset/maps does not exist!
0d5b8da00d505be0,False,0,/mnt/chenpeijian/autodrive/StreetWorld/lead/3rd_party/navsim_workspace/dataset/maps does not exist!
0d7f280bf979592b,False,0,/mnt/chenpeijian/autodrive/StreetWorld/lead/3rd_party/navsim_workspace/dataset/maps does not exist!
0da1e53d70565ba4,False,0,/mnt/chenpeijian/autodrive/StreetWorld/lead/3rd_party/navsim_workspace/dataset/maps does not exist!
0dc54a8c8203567b,False,0,/mnt/chenpeijian/autodrive/StreetWorld/lead/3rd_party/navsim_workspace/dataset/maps does not exist!
0defa8939c9851ea,False,0,/mnt/chenpeijian/autodrive/StreetWorld/lead/3rd_party/navsim_workspace/dataset/maps does not exist!
0dff39153a005f4f,False,0,/mnt/chenpeijian/autodrive/StreetWorld/lead/3rd_party/navsim_workspace/dataset/maps does not exist!
0e272e003af65a71,False,0,/mnt/chenpeijian/autodrive/StreetWorld/lead/3rd_party/navsim_workspace/dataset/maps does not exist!
0e70c369a99157c3,False,0,/mnt/chenpeijian/autodrive/StreetWorld/lead/3rd_party/navsim_workspace/dataset/maps does not exist!
0eaa844dc2605267,False,0,/mnt/chenpeijian/autodrive/StreetWorld/lead/3rd_party/navsim_workspace/dataset/maps does not exist!
0ee1f95f55d95f7e,False,0,/mnt/chenpeijian/autodrive/StreetWorld/lead/3rd_party/navsim_workspace/dataset/maps does not exist!
0f206a62842b59b2,False,0,/mnt/chenpeijian/autodrive/StreetWorld/lead/3rd_party/navsim_workspace/dataset/maps does not exist!
0f422a003dab525e,False,0,/mnt/chenpeijian/autodrive/StreetWorld/lead/3rd_party/navsim_workspace/dataset/maps does not exist!
0f65bd2bac90534a,False,0,/mnt/chenpeijian/autodrive/StreetWorld/lead/3rd_party/navsim_workspace/dataset/maps does not exist!
0f78ffea52a85031,False,0,/mnt/chenpeijian/autodrive/StreetWorld/lead/3rd_party/navsim_workspace/dataset/maps does not exist!
0f8e3ba3d90958d1,False,0,/mnt/chenpeijian/autodrive/StreetWorld/lead/3rd_party/navsim_workspace/dataset/maps does not exist!
0fb88262272f5110,False,0,/mnt/chenpeijian/autodrive/StreetWorld/lead/3rd_party/navsim_workspace/dataset/maps does not exist!
0ffcae2811b257ee,False,0,/mnt/chenpeijian/autodrive/StreetWorld/lead/3rd_party/navsim_workspace/dataset/maps does not exist!
1029003770aa5e2e,False,0,/mnt/chenpeijian/autodrive/StreetWorld/lead/3rd_party/navsim_workspace/dataset/maps does not exist!
107e89e927fa571a,False,0,/mnt/chenpeijian/autodrive/StreetWorld/lead/3rd_party/navsim_workspace/dataset/maps does not exist!
10ae805f0be95c1f,False,0,/mnt/chenpeijian/autodrive/StreetWorld/lead/3rd_party/navsim_workspace/dataset/maps does not exist!
10d18b323ff35a1f,False,0,/mnt/chenpeijian/autodrive/StreetWorld/lead/3rd_party/navsim_workspace/dataset/maps does not exist!
11094634534c53fd,False,0,/mnt/chenpeijian/autodrive/StreetWorld/lead/3rd_party/navsim_workspace/dataset/maps does not exist!
111cb2c23a325817,False,0,/mnt/chenpeijian/autodrive/StreetWorld/lead/3rd_party/navsim_workspace/dataset/maps does not exist!
11482e143a4e5dec,False,0,/mnt/chenpeijian/autodrive/StreetWorld/lead/3rd_party/navsim_workspace/dataset/maps does not exist!
117372631fc4501c,False,0,/mnt/chenpeijian/autodrive/StreetWorld/lead/3rd_party/navsim_workspace/dataset/maps does not exist!
11b9e3f204815f4a,False,0,/mnt/chenpeijian/autodrive/StreetWorld/lead/3rd_party/navsim_workspace/dataset/maps does not exist!
11d091d0bd985e5e,False,0,/mnt/chenpeijian/autodrive/StreetWorld/lead/3rd_party/navsim_workspace/dataset/maps does not exist!
12030460794b563e,False,0,/mnt/chenpeijian/autodrive/StreetWorld/lead/3rd_party/navsim_workspace/dataset/maps does not exist!
121b6c8a61d85945,False,0,/mnt/chenpeijian/autodrive/StreetWorld/lead/3rd_party/navsim_workspace/dataset/maps does not exist!
126dbed7a6b458ee,False,0,/mnt/chenpeijian/autodrive/StreetWorld/lead/3rd_party/navsim_workspace/dataset/maps does not exist!
128ea9f2561d53d1,False,0,/mnt/chenpeijian/autodrive/StreetWorld/lead/3rd_party/navsim_workspace/dataset/maps does not exist!
12b32c24d2cf5309,False,0,/mnt/chenpeijian/autodrive/StreetWorld/lead/3rd_party/navsim_workspace/dataset/maps does not exist!
12d4637822bb5f19,False,0,/mnt/chenpeijian/autodrive/StreetWorld/lead/3rd_party/navsim_workspace/dataset/maps does not exist!
131c7298c6745bde,False,0,/mnt/chenpeijian/autodrive/StreetWorld/lead/3rd_party/navsim_workspace/dataset/maps does not exist!
1347c91c511a5918,False,0,/mnt/chenpeijian/autodrive/StreetWorld/lead/3rd_party/navsim_workspace/dataset/maps does not exist!
13625214a30e5005,False,0,/mnt/chenpeijian/autodrive/StreetWorld/lead/3rd_party/navsim_workspace/dataset/maps does not exist!
13c555e68671524f,False,0,/mnt/chenpeijian/autodrive/StreetWorld/lead/3rd_party/navsim_workspace/dataset/maps does not exist!
13e6cd945bf95a1f,False,0,/mnt/chenpeijian/autodrive/StreetWorld/lead/3rd_party/navsim_workspace/dataset/maps does not exist!
1423dcf83efa5241,False,0,/mnt/chenpeijian/autodrive/StreetWorld/lead/3rd_party/navsim_workspace/dataset/maps does not exist!
14769a8e472350cc,False,0,/mnt/chenpeijian/autodrive/StreetWorld/lead/3rd_party/navsim_workspace/dataset/maps does not exist!
14c2bb3737ab519c,False,0,/mnt/chenpeijian/autodrive/StreetWorld/lead/3rd_party/navsim_workspace/dataset/maps does not exist!
14e8d439dd5a5da0,False,0,/mnt/chenpeijian/autodrive/StreetWorld/lead/3rd_party/navsim_workspace/dataset/maps does not exist!
1509901c10495792,False,0,/mnt/chenpeijian/autodrive/StreetWorld/lead/3rd_party/navsim_workspace/dataset/maps does not exist!
152449b7967c541d,False,0,/mnt/chenpeijian/autodrive/StreetWorld/lead/3rd_party/navsim_workspace/dataset/maps does not exist!
1537a74401845849,False,0,/mnt/chenpeijian/autodrive/StreetWorld/lead/3rd_party/navsim_workspace/dataset/maps does not exist!
1558511dc7b45b86,False,0,/mnt/chenpeijian/autodrive/StreetWorld/lead/3rd_party/navsim_workspace/dataset/maps does not exist!
15959d7a3d3a53f5,False,0,/mnt/chenpeijian/autodrive/StreetWorld/lead/3rd_party/navsim_workspace/dataset/maps does not exist!
15bfed200b0d570e,False,0,/mnt/chenpeijian/autodrive/StreetWorld/lead/3rd_party/navsim_workspace/dataset/maps does not exist!
160e6592389759c5,False,0,/mnt/chenpeijian/autodrive/StreetWorld/lead/3rd_party/navsim_workspace/dataset/maps does not exist!
1647fbd477655958,False,0,/mnt/chenpeijian/autodrive/StreetWorld/lead/3rd_party/navsim_workspace/dataset/maps does not exist!
167fd80fa8635037,False,0,/mnt/chenpeijian/autodrive/StreetWorld/lead/3rd_party/navsim_workspace/dataset/maps does not exist!
16c1e641b6d350b1,False,0,/mnt/chenpeijian/autodrive/StreetWorld/lead/3rd_party/navsim_workspace/dataset/maps does not exist!
16dbc607f5f75479,False,0,/mnt/chenpeijian/autodrive/StreetWorld/lead/3rd_party/navsim_workspace/dataset/maps does not exist!
17296f6032025ecc,False,0,/mnt/chenpeijian/autodrive/StreetWorld/lead/3rd_party/navsim_workspace/dataset/maps does not exist!
1766fa78fd10576e,False,0,/mnt/chenpeijian/autodrive/StreetWorld/lead/3rd_party/navsim_workspace/dataset/maps does not exist!
17a015f4ef9b56d0,False,0,/mnt/chenpeijian/autodrive/StreetWorld/lead/3rd_party/navsim_workspace/dataset/maps does not exist!
17de441a1185528d,False,0,/mnt/chenpeijian/autodrive/StreetWorld/lead/3rd_party/navsim_workspace/dataset/maps does not exist!
1809a28a46465129,False,0,/mnt/chenpeijian/autodrive/StreetWorld/lead/3rd_party/navsim_workspace/dataset/maps does not exist!
182688f3d2c25fc8,False,0,/mnt/chenpeijian/autodrive/StreetWorld/lead/3rd_party/navsim_workspace/dataset/maps does not exist!
184ad79fb6555bf0,False,0,/mnt/chenpeijian/autodrive/StreetWorld/lead/3rd_party/navsim_workspace/dataset/maps does not exist!
18649e595e7b51ab,False,0,/mnt/chenpeijian/autodrive/StreetWorld/lead/3rd_party/navsim_workspace/dataset/maps does not exist!
18b5995484435fbe,False,0,/mnt/chenpeijian/autodrive/StreetWorld/lead/3rd_party/navsim_workspace/dataset/maps does not exist!
190808cc16cc53af,False,0,/mnt/chenpeijian/autodrive/StreetWorld/lead/3rd_party/navsim_workspace/dataset/maps does not exist!
193b39b2ec4f53af,False,0,/mnt/chenpeijian/autodrive/StreetWorld/lead/3rd_party/navsim_workspace/dataset/maps does not exist!
19768d49bbd45f08,False,0,/mnt/chenpeijian/autodrive/StreetWorld/lead/3rd_party/navsim_workspace/dataset/maps does not exist!
19a718729d3a5e37,False,0,/mnt/chenpeijian/autodrive/StreetWorld/lead/3rd_party/navsim_workspace/dataset/maps does not exist!
19d7afdb02055502,False,0,/mnt/chenpeijian/autodrive/StreetWorld/lead/3rd_party/navsim_workspace/dataset/maps does not exist!
1a0605b15ce0596b,False,0,/mnt/chenpeijian/autodrive/StreetWorld/lead/3rd_party/navsim_workspace/dataset/maps does not exist!
1a1f73871bea5afa,False,0,/mnt/chenpeijian/autodrive/StreetWorld/lead/3rd_party/navsim_workspace/dataset/maps does not exist!
1a442597212150c2,False,0,/mnt/chenpeijian/autodrive/StreetWorld/lead/3rd_party/navsim_workspace/dataset/maps does not exist!
1a707ed0d7ba541d,False,0,/mnt/chenpeijian/autodrive/StreetWorld/lead/3rd_party/navsim_workspace/dataset/maps does not exist!
1ac0023fd2655313,False,0,/mnt/chenpeijian/autodrive/StreetWorld/lead/3rd_party/navsim_workspace/dataset/maps does not exist!
1b18327179f15a8f,False,0,/mnt/chenpeijian/autodrive/StreetWorld/lead/3rd_party/navsim_workspace/dataset/maps does not exist!
1b35b775c4a95647,False,0,/mnt/chenpeijian/autodrive/StreetWorld/lead/3rd_party/navsim_workspace/dataset/maps does not exist!
1b5606e475d554f7,False,0,/mnt/chenpeijian/autodrive/StreetWorld/lead/3rd_party/navsim_workspace/dataset/maps does not exist!
1b963a72d0cf5320,False,0,/mnt/chenpeijian/autodrive/StreetWorld/lead/3rd_party/navsim_workspace/dataset/maps does not exist!
1be3fd906c435f85,False,0,/mnt/chenpeijian/autodrive/StreetWorld/lead/3rd_party/navsim_workspace/dataset/maps does not exist!
1c03788c47b75b6b,False,0,/mnt/chenpeijian/autodrive/StreetWorld/lead/3rd_party/navsim_workspace/dataset/maps does not exist!
1c2eb038a9ea5caa,False,0,/mnt/chenpeijian/autodrive/StreetWorld/lead/3rd_party/navsim_workspace/dataset/maps does not exist!
1c542cec168557e3,False,0,/mnt/chenpeijian/autodrive/StreetWorld/lead/3rd_party/navsim_workspace/dataset/maps does not exist!
1c7bdbbc34c853bf,False,0,/mnt/chenpeijian/autodrive/StreetWorld/lead/3rd_party/navsim_workspace/dataset/maps does not exist!
1cac49b248b05705,False,0,/mnt/chenpeijian/autodrive/StreetWorld/lead/3rd_party/navsim_workspace/dataset/maps does not exist!
1cff7a7ece6851c4,False,0,/mnt/chenpeijian/autodrive/StreetWorld/lead/3rd_party/navsim_workspace/dataset/maps does not exist!
1d1dde59c417522f,False,0,/mnt/chenpeijian/autodrive/StreetWorld/lead/3rd_party/navsim_workspace/dataset/maps does not exist!
1d58f582aa95543b,False,0,/mnt/chenpeijian/autodrive/StreetWorld/lead/3rd_party/navsim_workspace/dataset/maps does not exist!
1db7c81f96855ce9,False,0,/mnt/chenpeijian/autodrive/StreetWorld/lead/3rd_party/navsim_workspace/dataset/maps does not exist!
1df82f9400b35ebb,False,0,/mnt/chenpeijian/autodrive/StreetWorld/lead/3rd_party/navsim_workspace/dataset/maps does not exist!
1e15c5256da5549a,False,0,/mnt/chenpeijian/autodrive/StreetWorld/lead/3rd_party/navsim_workspace/dataset/maps does not exist!
1e6597b57a335949,False,0,/mnt/chenpeijian/autodrive/StreetWorld/lead/3rd_party/navsim_workspace/dataset/maps does not exist!
1e91e4b9af695706,False,0,/mnt/chenpeijian/autodrive/StreetWorld/lead/3rd_party/navsim_workspace/dataset/maps does not exist!
1eb474de58ca5d6f,False,0,/mnt/chenpeijian/autodrive/StreetWorld/lead/3rd_party/navsim_workspace/dataset/maps does not exist!
1ecaacbc53a754e7,False,0,/mnt/chenpeijian/autodrive/StreetWorld/lead/3rd_party/navsim_workspace/dataset/maps does not exist!
1edf90bb34fc5d3f,False,0,/mnt/chenpeijian/autodrive/StreetWorld/lead/3rd_party/navsim_workspace/dataset/maps does not exist!
1f174dcc44335ad6,False,0,/mnt/chenpeijian/autodrive/StreetWorld/lead/3rd_party/navsim_workspace/dataset/maps does not exist!
1f2b81cc64b45658,False,0,/mnt/chenpeijian/autodrive/StreetWorld/lead/3rd_party/navsim_workspace/dataset/maps does not exist!
1f57ce2072e25edb,False,0,/mnt/chenpeijian/autodrive/StreetWorld/lead/3rd_party/navsim_workspace/dataset/maps does not exist!
1fc38f9fc93f5a29,False,0,/mnt/chenpeijian/autodrive/StreetWorld/lead/3rd_party/navsim_workspace/dataset/maps does not exist!
1fe885bcdf8d53de,False,0,/mnt/chenpeijian/autodrive/StreetWorld/lead/3rd_party/navsim_workspace/dataset/maps does not exist!
20162e17faf656f2,False,0,/mnt/chenpeijian/autodrive/StreetWorld/lead/3rd_party/navsim_workspace/dataset/maps does not exist!
2055bd0e7a885e4a,False,0,/mnt/chenpeijian/autodrive/StreetWorld/lead/3rd_party/navsim_workspace/dataset/maps does not exist!
2073f76964735ff7,False,0,/mnt/chenpeijian/autodrive/StreetWorld/lead/3rd_party/navsim_workspace/dataset/maps does not exist!
20ae5f5df50a5865,False,0,/mnt/chenpeijian/autodrive/StreetWorld/lead/3rd_party/navsim_workspace/dataset/maps does not exist!
20f0988b6050572a,False,0,/mnt/chenpeijian/autodrive/StreetWorld/lead/3rd_party/navsim_workspace/dataset/maps does not exist!
210fa74895dc5f52,False,0,/mnt/chenpeijian/autodrive/StreetWorld/lead/3rd_party/navsim_workspace/dataset/maps does not exist!
2115a02d06035ce0,False,0,/mnt/chenpeijian/autodrive/StreetWorld/lead/3rd_party/navsim_workspace/dataset/maps does not exist!
2150cda2905d51ca,False,0,/mnt/chenpeijian/autodrive/StreetWorld/lead/3rd_party/navsim_workspace/dataset/maps does not exist!
218adf8c450058eb,False,0,/mnt/chenpeijian/autodrive/StreetWorld/lead/3rd_party/navsim_workspace/dataset/maps does not exist!
21b54e6d58985ae3,False,0,/mnt/chenpeijian/autodrive/StreetWorld/lead/3rd_party/navsim_workspace/dataset/maps does not exist!
21ce6f815188587a,False,0,/mnt/chenpeijian/autodrive/StreetWorld/lead/3rd_party/navsim_workspace/dataset/maps does not exist!
21e4dfb3741d529f,False,0,/mnt/chenpeijian/autodrive/StreetWorld/lead/3rd_party/navsim_workspace/dataset/maps does not exist!
223a8f20abb752e9,False,0,/mnt/chenpeijian/autodrive/StreetWorld/lead/3rd_party/navsim_workspace/dataset/maps does not exist!
226f50441ff35772,False,0,/mnt/chenpeijian/autodrive/StreetWorld/lead/3rd_party/navsim_workspace/dataset/maps does not exist!
22a9f8694d425753,False,0,/mnt/chenpeijian/autodrive/StreetWorld/lead/3rd_party/navsim_workspace/dataset/maps does not exist!
2302da9c486d5e3b,False,0,/mnt/chenpeijian/autodrive/StreetWorld/lead/3rd_party/navsim_workspace/dataset/maps does not exist!
2352a994954555ba,False,0,/mnt/chenpeijian/autodrive/StreetWorld/lead/3rd_party/navsim_workspace/dataset/maps does not exist!
2380261642d25251,False,0,/mnt/chenpeijian/autodrive/StreetWorld/lead/3rd_party/navsim_workspace/dataset/maps does not exist!
239cb4818dc458fd,False,0,/mnt/chenpeijian/autodrive/StreetWorld/lead/3rd_party/navsim_workspace/dataset/maps does not exist!
23ee5a5b9a1a550c,False,0,/mnt/chenpeijian/autodrive/StreetWorld/lead/3rd_party/navsim_workspace/dataset/maps does not exist!
24108688ab4856ab,False,0,/mnt/chenpeijian/autodrive/StreetWorld/lead/3rd_party/navsim_workspace/dataset/maps does not exist!
24567f5ad57455c4,False,0,/mnt/chenpeijian/autodrive/StreetWorld/lead/3rd_party/navsim_workspace/dataset/maps does not exist!
24817ec41ccb5f01,False,0,/mnt/chenpeijian/autodrive/StreetWorld/lead/3rd_party/navsim_workspace/dataset/maps does not exist!
24a09c3c8a985e8e,False,0,/mnt/chenpeijian/autodrive/StreetWorld/lead/3rd_party/navsim_workspace/dataset/maps does not exist!
24d02c4c2a325f01,False,0,/mnt/chenpeijian/autodrive/StreetWorld/lead/3rd_party/navsim_workspace/dataset/maps does not exist!
250be1db1d67582c,False,0,/mnt/chenpeijian/autodrive/StreetWorld/lead/3rd_party/navsim_workspace/dataset/maps does not exist!
255be1c4910b506e,False,0,/mnt/chenpeijian/autodrive/StreetWorld/lead/3rd_party/navsim_workspace/dataset/maps does not exist!
258fd15174fb5e47,False,0,/mnt/chenpeijian/autodrive/StreetWorld/lead/3rd_party/navsim_workspace/dataset/maps does not exist!
25b846255c715c69,False,0,/mnt/chenpeijian/autodrive/StreetWorld/lead/3rd_party/navsim_workspace/dataset/maps does not exist!
25d6781d5063561a,False,0,/mnt/chenpeijian/autodrive/StreetWorld/lead/3rd_party/navsim_workspace/dataset/maps does not exist!
2620b03dcfcc567b,False,0,/mnt/chenpeijian/autodrive/StreetWorld/lead/3rd_party/navsim_workspace/dataset/maps does not exist!
2640335fd6565b4f,False,0,/mnt/chenpeijian/autodrive/StreetWorld/lead/3rd_party/navsim_workspace/dataset/maps does not exist!
26565788812b5fde,False,0,/mnt/chenpeijian/autodrive/StreetWorld/lead/3rd_party/navsim_workspace/dataset/maps does not exist!
2692d8b89688506f,False,0,/mnt/chenpeijian/autodrive/StreetWorld/lead/3rd_party/navsim_workspace/dataset/maps does not exist!
26af85cbc2d15e05,False,0,/mnt/chenpeijian/autodrive/StreetWorld/lead/3rd_party/navsim_workspace/dataset/maps does not exist!
26e5c3fb8af15012,False,0,/mnt/chenpeijian/autodrive/StreetWorld/lead/3rd_party/navsim_workspace/dataset/maps does not exist!
27209d511a785510,False,0,/mnt/chenpeijian/autodrive/StreetWorld/lead/3rd_party/navsim_workspace/dataset/maps does not exist!
2751f9eb641455c9,False,0,/mnt/chenpeijian/autodrive/StreetWorld/lead/3rd_party/navsim_workspace/dataset/maps does not exist!
277758d55617567b,False,0,/mnt/chenpeijian/autodrive/StreetWorld/lead/3rd_party/navsim_workspace/dataset/maps does not exist!
278885f077d65d53,False,0,/mnt/chenpeijian/autodrive/StreetWorld/lead/3rd_party/navsim_workspace/dataset/maps does not exist!
27cd5e04627e5258,False,0,/mnt/chenpeijian/autodrive/StreetWorld/lead/3rd_party/navsim_workspace/dataset/maps does not exist!
27ff47ea8aea59cf,False,0,/mnt/chenpeijian/autodrive/StreetWorld/lead/3rd_party/navsim_workspace/dataset/maps does not exist!
281798a7d40559bb,False,0,/mnt/chenpeijian/autodrive/StreetWorld/lead/3rd_party/navsim_workspace/dataset/maps does not exist!
2836705e16ba5691,False,0,/mnt/chenpeijian/autodrive/StreetWorld/lead/3rd_party/navsim_workspace/dataset/maps does not exist!
288ea364ec115f46,False,0,/mnt/chenpeijian/autodrive/StreetWorld/lead/3rd_party/navsim_workspace/dataset/maps does not exist!
28cd9541bc35593f,False,0,/mnt/chenpeijian/autodrive/StreetWorld/lead/3rd_party/navsim_workspace/dataset/maps does not exist!
290a914d4ef15443,False,0,/mnt/chenpeijian/autodrive/StreetWorld/lead/3rd_party/navsim_workspace/dataset/maps does not exist!
291e2af79c2258d5,False,0,/mnt/chenpeijian/autodrive/StreetWorld/lead/3rd_party/navsim_workspace/dataset/maps does not exist!
2943657d55dc5d65,False,0,/mnt/chenpeijian/autodrive/StreetWorld/lead/3rd_party/navsim_workspace/dataset/maps does not exist!
29647b1293bf52b0,False,0,/mnt/chenpeijian/autodrive/StreetWorld/lead/3rd_party/navsim_workspace/dataset/maps does not exist!
29949ff80141506e,False,0,/mnt/chenpeijian/autodrive/StreetWorld/lead/3rd_party/navsim_workspace/dataset/maps does not exist!
29be20efdac25f74,False,0,/mnt/chenpeijian/autodrive/StreetWorld/lead/3rd_party/navsim_workspace/dataset/maps does not exist!
29d3fc42d08d57d2,False,0,/mnt/chenpeijian/autodrive/StreetWorld/lead/3rd_party/navsim_workspace/dataset/maps does not exist!
2a1cb4c27a4459a7,False,0,/mnt/chenpeijian/autodrive/StreetWorld/lead/3rd_party/navsim_workspace/dataset/maps does not exist!
2a48beb84af65349,False,0,/mnt/chenpeijian/autodrive/StreetWorld/lead/3rd_party/navsim_workspace/dataset/maps does not exist!
2a6936d84bda531f,False,0,/mnt/chenpeijian/autodrive/StreetWorld/lead/3rd_party/navsim_workspace/dataset/maps does not exist!
2aa414aa9a9057fb,False,0,/mnt/chenpeijian/autodrive/StreetWorld/lead/3rd_party/navsim_workspace/dataset/maps does not exist!
2ad650691b5d58f0,False,0,/mnt/chenpeijian/autodrive/StreetWorld/lead/3rd_party/navsim_workspace/dataset/maps does not exist!
2b052ebbd7ec543b,False,0,/mnt/chenpeijian/autodrive/StreetWorld/lead/3rd_party/navsim_workspace/dataset/maps does not exist!
2b4e72f733d35e89,False,0,/mnt/chenpeijian/autodrive/StreetWorld/lead/3rd_party/navsim_workspace/dataset/maps does not exist!
2ba3f7adca335912,False,0,/mnt/chenpeijian/autodrive/StreetWorld/lead/3rd_party/navsim_workspace/dataset/maps does not exist!
2be07b9c94db5de7,False,0,/mnt/chenpeijian/autodrive/StreetWorld/lead/3rd_party/navsim_workspace/dataset/maps does not exist!
2c1f43c6b93c5952,False,0,/mnt/chenpeijian/autodrive/StreetWorld/lead/3rd_party/navsim_workspace/dataset/maps does not exist!
2c5ed5662dfb5ee9,False,0,/mnt/chenpeijian/autodrive/StreetWorld/lead/3rd_party/navsim_workspace/dataset/maps does not exist!
2c9ad43fb0cd5394,False,0,/mnt/chenpeijian/autodrive/StreetWorld/lead/3rd_party/navsim_workspace/dataset/maps does not exist!
2cc43d98cfa55ab6,False,0,/mnt/chenpeijian/autodrive/StreetWorld/lead/3rd_party/navsim_workspace/dataset/maps does not exist!
2cd54836815b5fb0,False,0,/mnt/chenpeijian/autodrive/StreetWorld/lead/3rd_party/navsim_workspace/dataset/maps does not exist!
2d24100bcb1e57e2,False,0,/mnt/chenpeijian/autodrive/StreetWorld/lead/3rd_party/navsim_workspace/dataset/maps does not exist!
2d4d907377f35695,False,0,/mnt/chenpeijian/autodrive/StreetWorld/lead/3rd_party/navsim_workspace/dataset/maps does not exist!
2d741bb457ed5434,False,0,/mnt/chenpeijian/autodrive/StreetWorld/lead/3rd_party/navsim_workspace/dataset/maps does not exist!
2dad1998a320527d,False,0,/mnt/chenpeijian/autodrive/StreetWorld/lead/3rd_party/navsim_workspace/dataset/maps does not exist!
2dd8a04bcb735c5e,False,0,/mnt/chenpeijian/autodrive/StreetWorld/lead/3rd_party/navsim_workspace/dataset/maps does not exist!
2e1c1db92800578d,False,0,/mnt/chenpeijian/autodrive/StreetWorld/lead/3rd_party/navsim_workspace/dataset/maps does not exist!
2e5e4be9579d568d,False,0,/mnt/chenpeijian/autodrive/StreetWorld/lead/3rd_party/navsim_workspace/dataset/maps does not exist!
2e9c19d0168c58ac,False,0,/mnt/chenpeijian/autodrive/StreetWorld/lead/3rd_party/navsim_workspace/dataset/maps does not exist!
2ec759b29e0155b5,False,0,/mnt/chenpeijian/autodrive/StreetWorld/lead/3rd_party/navsim_workspace/dataset/maps does not exist!
2f03781e3fd05c28,False,0,/mnt/chenpeijian/autodrive/StreetWorld/lead/3rd_party/navsim_workspace/dataset/maps does not exist!
2f4a5f8093b25fae,False,0,/mnt/chenpeijian/autodrive/StreetWorld/lead/3rd_party/navsim_workspace/dataset/maps does not exist!
2f9b9537ea1c5018,False,0,/mnt/chenpeijian/autodrive/StreetWorld/lead/3rd_party/navsim_workspace/dataset/maps does not exist!
2fc619c5acbe54b8,False,0,/mnt/chenpeijian/autodrive/StreetWorld/lead/3rd_party/navsim_workspace/dataset/maps does not exist!
3009df5312fa581c,False,0,/mnt/chenpeijian/autodrive/StreetWorld/lead/3rd_party/navsim_workspace/dataset/maps does not exist!
303e7dd5717f54cd,False,0,/mnt/chenpeijian/autodrive/StreetWorld/lead/3rd_party/navsim_workspace/dataset/maps does not exist!
30638699ab8e575c,False,0,/mnt/chenpeijian/autodrive/StreetWorld/lead/3rd_party/navsim_workspace/dataset/maps does not exist!
30827c8c62c55b46,False,0,/mnt/chenpeijian/autodrive/StreetWorld/lead/3rd_party/navsim_workspace/dataset/maps does not exist!
30c52d38e4975fe7,False,0,/mnt/chenpeijian/autodrive/StreetWorld/lead/3rd_party/navsim_workspace/dataset/maps does not exist!
30f09e001cf55013,False,0,/mnt/chenpeijian/autodrive/StreetWorld/lead/3rd_party/navsim_workspace/dataset/maps does not exist!
311302972dd15a8b,False,0,/mnt/chenpeijian/autodrive/StreetWorld/lead/3rd_party/navsim_workspace/dataset/maps does not exist!
313a7a6feb1c5490,False,0,/mnt/chenpeijian/autodrive/StreetWorld/lead/3rd_party/navsim_workspace/dataset/maps does not exist!
315ac5cd44ad5d1e,False,0,/mnt/chenpeijian/autodrive/StreetWorld/lead/3rd_party/navsim_workspace/dataset/maps does not exist!
31960634eefb5d47,False,0,/mnt/chenpeijian/autodrive/StreetWorld/lead/3rd_party/navsim_workspace/dataset/maps does not exist!
31f2d9d9334d5a06,False,0,/mnt/chenpeijian/autodrive/StreetWorld/lead/3rd_party/navsim_workspace/dataset/maps does not exist!
32454d817bcb5305,False,0,/mnt/chenpeijian/autodrive/StreetWorld/lead/3rd_party/navsim_workspace/dataset/maps does not exist!
3260b9e0a6ac5b8b,False,0,/mnt/chenpeijian/autodrive/StreetWorld/lead/3rd_party/navsim_workspace/dataset/maps does not exist!
3296651e2cf0547d,False,0,/mnt/chenpeijian/autodrive/StreetWorld/lead/3rd_party/navsim_workspace/dataset/maps does not exist!
32c74fb957e45651,False,0,/mnt/chenpeijian/autodrive/StreetWorld/lead/3rd_party/navsim_workspace/dataset/maps does not exist!
32f53a8cb63f55db,False,0,/mnt/chenpeijian/autodrive/StreetWorld/lead/3rd_party/navsim_workspace/dataset/maps does not exist!
33197ac2a7445bd7,False,0,/mnt/chenpeijian/autodrive/StreetWorld/lead/3rd_party/navsim_workspace/dataset/maps does not exist!
333ba3fb0fc85da9,False,0,/mnt/chenpeijian/autodrive/StreetWorld/lead/3rd_party/navsim_workspace/dataset/maps does not exist!
3379515437535154,False,0,/mnt/chenpeijian/autodrive/StreetWorld/lead/3rd_party/navsim_workspace/dataset/maps does not exist!
33a4b3a5822e52db,False,0,/mnt/chenpeijian/autodrive/StreetWorld/lead/3rd_party/navsim_workspace/dataset/maps does not exist!
33c1e6fe4ce650bf,False,0,/mnt/chenpeijian/autodrive/StreetWorld/lead/3rd_party/navsim_workspace/dataset/maps does not exist!
33e37f9d760a56b1,False,0,/mnt/chenpeijian/autodrive/StreetWorld/lead/3rd_party/navsim_workspace/dataset/maps does not exist!
3402ab10c02a5e25,False,0,/mnt/chenpeijian/autodrive/StreetWorld/lead/3rd_party/navsim_workspace/dataset/maps does not exist!
3458fad66b245ac3,False,0,/mnt/chenpeijian/autodrive/StreetWorld/lead/3rd_party/navsim_workspace/dataset/maps does not exist!
3486294123695bed,False,0,/mnt/chenpeijian/autodrive/StreetWorld/lead/3rd_party/navsim_workspace/dataset/maps does not exist!
34a6eb93916e5962,False,0,/mnt/chenpeijian/autodrive/StreetWorld/lead/3rd_party/navsim_workspace/dataset/maps does not exist!
34bead43250559f7,False,0,/mnt/chenpeijian/autodrive/StreetWorld/lead/3rd_party/navsim_workspace/dataset/maps does not exist!
3502b30911d75ed8,False,0,/mnt/chenpeijian/autodrive/StreetWorld/lead/3rd_party/navsim_workspace/dataset/maps does not exist!
351f4333f34258b6,False,0,/mnt/chenpeijian/autodrive/StreetWorld/lead/3rd_party/navsim_workspace/dataset/maps does not exist!
354a67b9e10c562e,False,0,/mnt/chenpeijian/autodrive/StreetWorld/lead/3rd_party/navsim_workspace/dataset/maps does not exist!
3580cf9f59395963,False,0,/mnt/chenpeijian/autodrive/StreetWorld/lead/3rd_party/navsim_workspace/dataset/maps does not exist!
35c98e62401f5c7e,False,0,/mnt/chenpeijian/autodrive/StreetWorld/lead/3rd_party/navsim_workspace/dataset/maps does not exist!
35eba76323535988,False,0,/mnt/chenpeijian/autodrive/StreetWorld/lead/3rd_party/navsim_workspace/dataset/maps does not exist!
360670b878f45284,False,0,/mnt/chenpeijian/autodrive/StreetWorld/lead/3rd_party/navsim_workspace/dataset/maps does not exist!
36419e8c59275f61,False,0,/mnt/chenpeijian/autodrive/StreetWorld/lead/3rd_party/navsim_workspace/dataset/maps does not exist!
367ee5f18e345a72,False,0,/mnt/chenpeijian/autodrive/StreetWorld/lead/3rd_party/navsim_workspace/dataset/maps does not exist!
36cdfb296218516d,False,0,/mnt/chenpeijian/autodrive/StreetWorld/lead/3rd_party/navsim_workspace/dataset/maps does not exist!
36ea923bc32b5181,False,0,/mnt/chenpeijian/autodrive/StreetWorld/lead/3rd_party/navsim_workspace/dataset/maps does not exist!
371d154a89425165,False,0,/mnt/chenpeijian/autodrive/StreetWorld/lead/3rd_party/navsim_workspace/dataset/maps does not exist!
37430d1c47995fdd,False,0,/mnt/chenpeijian/autodrive/StreetWorld/lead/3rd_party/navsim_workspace/dataset/maps does not exist!
3770407dcc67520c,False,0,/mnt/chenpeijian/autodrive/StreetWorld/lead/3rd_party/navsim_workspace/dataset/maps does not exist!
37a8f4466b8b5110,False,0,/mnt/chenpeijian/autodrive/StreetWorld/lead/3rd_party/navsim_workspace/dataset/maps does not exist!
381a23cb547c53fd,False,0,/mnt/chenpeijian/autodrive/StreetWorld/lead/3rd_party/navsim_workspace/dataset/maps does not exist!
38736da1e9dc51c8,False,0,/mnt/chenpeijian/autodrive/StreetWorld/lead/3rd_party/navsim_workspace/dataset/maps does not exist!
3889b6ba58845785,False,0,/mnt/chenpeijian/autodrive/StreetWorld/lead/3rd_party/navsim_workspace/dataset/maps does not exist!
38b08f2868a75306,False,0,/mnt/chenpeijian/autodrive/StreetWorld/lead/3rd_party/navsim_workspace/dataset/maps does not exist!
38d08753fa4651c2,False,0,/mnt/chenpeijian/autodrive/StreetWorld/lead/3rd_party/navsim_workspace/dataset/maps does not exist!
390cb416304c5d2a,False,0,/mnt/chenpeijian/autodrive/StreetWorld/lead/3rd_party/navsim_workspace/dataset/maps does not exist!
3953e2236a735999,False,0,/mnt/chenpeijian/autodrive/StreetWorld/lead/3rd_party/navsim_workspace/dataset/maps does not exist!
3971312f7bb55ea2,False,0,/mnt/chenpeijian/autodrive/StreetWorld/lead/3rd_party/navsim_workspace/dataset/maps does not exist!
398326681cd7500a,False,0,/mnt/chenpeijian/autodrive/StreetWorld/lead/3rd_party/navsim_workspace/dataset/maps does not exist!
39bcaa3072bc5198,False,0,/mnt/chenpeijian/autodrive/StreetWorld/lead/3rd_party/navsim_workspace/dataset/maps does not exist!
39f81c49a1ba5f41,False,0,/mnt/chenpeijian/autodrive/StreetWorld/lead/3rd_party/navsim_workspace/dataset/maps does not exist!
3a2203251ab65b53,False,0,/mnt/chenpeijian/autodrive/StreetWorld/lead/3rd_party/navsim_workspace/dataset/maps does not exist!
3a5278b27c87565f,False,0,/mnt/chenpeijian/autodrive/StreetWorld/lead/3rd_party/navsim_workspace/dataset/maps does not exist!
3aa9d1c9ceb35906,False,0,/mnt/chenpeijian/autodrive/StreetWorld/lead/3rd_party/navsim_workspace/dataset/maps does not exist!
3ae59f6099b65d31,False,0,/mnt/chenpeijian/autodrive/StreetWorld/lead/3rd_party/navsim_workspace/dataset/maps does not exist!
3afcfc58857f5790,False,0,/mnt/chenpeijian/autodrive/StreetWorld/lead/3rd_party/navsim_workspace/dataset/maps does not exist!
3b185264ec565b67,False,0,/mnt/chenpeijian/autodrive/StreetWorld/lead/3rd_party/navsim_workspace/dataset/maps does not exist!
3b4031def0f45d96,False,0,/mnt/chenpeijian/autodrive/StreetWorld/lead/3rd_party/navsim_workspace/dataset/maps does not exist!
3b6e03834b255849,False,0,/mnt/chenpeijian/autodrive/StreetWorld/lead/3rd_party/navsim_workspace/dataset/maps does not exist!
3b910accfc12560a,False,0,/mnt/chenpeijian/autodrive/StreetWorld/lead/3rd_party/navsim_workspace/dataset/maps does not exist!
3bae0e44f3095a9c,False,0,/mnt/chenpeijian/autodrive/StreetWorld/lead/3rd_party/navsim_workspace/dataset/maps does not exist!
3bd0bc4b1100504c,False,0,/mnt/chenpeijian/autodrive/StreetWorld/lead/3rd_party/navsim_workspace/dataset/maps does not exist!
3bf1265b7ab65fc2,False,0,/mnt/chenpeijian/autodrive/StreetWorld/lead/3rd_party/navsim_workspace/dataset/maps does not exist!
3c24bf88e9b150dd,False,0,/mnt/chenpeijian/autodrive/StreetWorld/lead/3rd_party/navsim_workspace/dataset/maps does not exist!
3c462254687e5ef8,False,0,/mnt/chenpeijian/autodrive/StreetWorld/lead/3rd_party/navsim_workspace/dataset/maps does not exist!
3c8a95ec33f45af6,False,0,/mnt/chenpeijian/autodrive/StreetWorld/lead/3rd_party/navsim_workspace/dataset/maps does not exist!
3cb9b99bc4185d33,False,0,/mnt/chenpeijian/autodrive/StreetWorld/lead/3rd_party/navsim_workspace/dataset/maps does not exist!
3cf6bf2e7992584c,False,0,/mnt/chenpeijian/autodrive/StreetWorld/lead/3rd_party/navsim_workspace/dataset/maps does not exist!
3d1bf2cf5ad151c7,False,0,/mnt/chenpeijian/autodrive/StreetWorld/lead/3rd_party/navsim_workspace/dataset/maps does not exist!
3d37ed78124057a1,False,0,/mnt/chenpeijian/autodrive/StreetWorld/lead/3rd_party/navsim_workspace/dataset/maps does not exist!
3d6703caa0c951a8,False,0,/mnt/chenpeijian/autodrive/StreetWorld/lead/3rd_party/navsim_workspace/dataset/maps does not exist!
3d86e3fc3499578f,False,0,/mnt/chenpeijian/autodrive/StreetWorld/lead/3rd_party/navsim_workspace/dataset/maps does not exist!
3de31c78c86c52b7,False,0,/mnt/chenpeijian/autodrive/StreetWorld/lead/3rd_party/navsim_workspace/dataset/maps does not exist!
3e11d77a9aca5bb7,False,0,/mnt/chenpeijian/autodrive/StreetWorld/lead/3rd_party/navsim_workspace/dataset/maps does not exist!
3e53e34cb63f5d05,False,0,/mnt/chenpeijian/autodrive/StreetWorld/lead/3rd_party/navsim_workspace/dataset/maps does not exist!
3e730f46f6f055a3,False,0,/mnt/chenpeijian/autodrive/StreetWorld/lead/3rd_party/navsim_workspace/dataset/maps does not exist!
3ea43d5abad05188,False,0,/mnt/chenpeijian/autodrive/StreetWorld/lead/3rd_party/navsim_workspace/dataset/maps does not exist!
3eef6c6972dd538f,False,0,/mnt/chenpeijian/autodrive/StreetWorld/lead/3rd_party/navsim_workspace/dataset/maps does not exist!
3f19f97d980754f7,False,0,/mnt/chenpeijian/autodrive/StreetWorld/lead/3rd_party/navsim_workspace/dataset/maps does not exist!
3f4cedf4897a568e,False,0,/mnt/chenpeijian/autodrive/StreetWorld/lead/3rd_party/navsim_workspace/dataset/maps does not exist!
3f6b582803bd58e8,False,0,/mnt/chenpeijian/autodrive/StreetWorld/lead/3rd_party/navsim_workspace/dataset/maps does not exist!
3fac271cd0795af0,False,0,/mnt/chenpeijian/autodrive/StreetWorld/lead/3rd_party/navsim_workspace/dataset/maps does not exist!
3fd7c487c29f53bc,False,0,/mnt/chenpeijian/autodrive/StreetWorld/lead/3rd_party/navsim_workspace/dataset/maps does not exist!
4007544abfa3548f,False,0,/mnt/chenpeijian/autodrive/StreetWorld/lead/3rd_party/navsim_workspace/dataset/maps does not exist!
402b6ac9448a58d7,False,0,/mnt/chenpeijian/autodrive/StreetWorld/lead/3rd_party/navsim_workspace/dataset/maps does not exist!
406564d5dc7358f6,False,0,/mnt/chenpeijian/autodrive/StreetWorld/lead/3rd_party/navsim_workspace/dataset/maps does not exist!
407ff7eab601527c,False,0,/mnt/chenpeijian/autodrive/StreetWorld/lead/3rd_party/navsim_workspace/dataset/maps does not exist!
40c5ce24f85a5540,False,0,/mnt/chenpeijian/autodrive/StreetWorld/lead/3rd_party/navsim_workspace/dataset/maps does not exist!
40f6df731aed5f6f,False,0,/mnt/chenpeijian/autodrive/StreetWorld/lead/3rd_party/navsim_workspace/dataset/maps does not exist!
4131dd1f0fd5571b,False,0,/mnt/chenpeijian/autodrive/StreetWorld/lead/3rd_party/navsim_workspace/dataset/maps does not exist!
4161016e65df5b37,False,0,/mnt/chenpeijian/autodrive/StreetWorld/lead/3rd_party/navsim_workspace/dataset/maps does not exist!
4196ab00e95e532d,False,0,/mnt/chenpeijian/autodrive/StreetWorld/lead/3rd_party/navsim_workspace/dataset/maps does not exist!
41d49aa70484596d,False,0,/mnt/chenpeijian/autodrive/StreetWorld/lead/3rd_party/navsim_workspace/dataset/maps does not exist!
42032a0cedd95dc9,False,0,/mnt/chenpeijian/autodrive/StreetWorld/lead/3rd_party/navsim_workspace/dataset/maps does not exist!
42559fd839fa54b2,False,0,/mnt/chenpeijian/autodrive/StreetWorld/lead/3rd_party/navsim_workspace/dataset/maps does not exist!
4291f388556f5837,False,0,/mnt/chenpeijian/autodrive/StreetWorld/lead/3rd_party/navsim_workspace/dataset/maps does not exist!
42b4245406ee5ab8,False,0,/mnt/chenpeijian/autodrive/StreetWorld/lead/3rd_party/navsim_workspace/dataset/maps does not exist!
42dc421e37c154e5,False,0,/mnt/chenpeijian/autodrive/StreetWorld/lead/3rd_party/navsim_workspace/dataset/maps does not exist!
4314c162a57f568e,False,0,/mnt/chenpeijian/autodrive/StreetWorld/lead/3rd_party/navsim_workspace/dataset/maps does not exist!
4332fab190e05b95,False,0,/mnt/chenpeijian/autodrive/StreetWorld/lead/3rd_party/navsim_workspace/dataset/maps does not exist!
43493f9be4735732,False,0,/mnt/chenpeijian/autodrive/StreetWorld/lead/3rd_party/navsim_workspace/dataset/maps does not exist!
43761f0721035214,False,0,/mnt/chenpeijian/autodrive/StreetWorld/lead/3rd_party/navsim_workspace/dataset/maps does not exist!
43c65ce08ad6564e,False,0,/mnt/chenpeijian/autodrive/StreetWorld/lead/3rd_party/navsim_workspace/dataset/maps does not exist!
43ebecce459052f2,False,0,/mnt/chenpeijian/autodrive/StreetWorld/lead/3rd_party/navsim_workspace/dataset/maps does not exist!
44324a7aa04f5501,False,0,/mnt/chenpeijian/autodrive/StreetWorld/lead/3rd_party/navsim_workspace/dataset/maps does not exist!
44894928f21d5e38,False,0,/mnt/chenpeijian/autodrive/StreetWorld/lead/3rd_party/navsim_workspace/dataset/maps does not exist!
44c39701a6d65696,False,0,/mnt/chenpeijian/autodrive/StreetWorld/lead/3rd_party/navsim_workspace/dataset/maps does not exist!
4501554f824e59fc,False,0,/mnt/chenpeijian/autodrive/StreetWorld/lead/3rd_party/navsim_workspace/dataset/maps does not exist!
451f66014a765bce,False,0,/mnt/chenpeijian/autodrive/StreetWorld/lead/3rd_party/navsim_workspace/dataset/maps does not exist!
454446c80b625c47,False,0,/mnt/chenpeijian/autodrive/StreetWorld/lead/3rd_party/navsim_workspace/dataset/maps does not exist!
4581d95a873c5679,False,0,/mnt/chenpeijian/autodrive/StreetWorld/lead/3rd_party/navsim_workspace/dataset/maps does not exist!
45c3a52706c555df,False,0,/mnt/chenpeijian/autodrive/StreetWorld/lead/3rd_party/navsim_workspace/dataset/maps does not exist!
4606b66d9fe75354,False,0,/mnt/chenpeijian/autodrive/StreetWorld/lead/3rd_party/navsim_workspace/dataset/maps does not exist!
467879c3d37054f5,False,0,/mnt/chenpeijian/autodrive/StreetWorld/lead/3rd_party/navsim_workspace/dataset/maps does not exist!
46b79218b0195050,False,0,/mnt/chenpeijian/autodrive/StreetWorld/lead/3rd_party/navsim_workspace/dataset/maps does not exist!
470d0eceeaf75102,False,0,/mnt/chenpeijian/autodrive/StreetWorld/lead/3rd_party/navsim_workspace/dataset/maps does not exist!
4742cf16ab0f515b,False,0,/mnt/chenpeijian/autodrive/StreetWorld/lead/3rd_party/navsim_workspace/dataset/maps does not exist!
475a45837ca75030,False,0,/mnt/chenpeijian/autodrive/StreetWorld/lead/3rd_party/navsim_workspace/dataset/maps does not exist!
47a83e9f70525906,False,0,/mnt/chenpeijian/autodrive/StreetWorld/lead/3rd_party/navsim_workspace/dataset/maps does not exist!
47da19c4edbe5b95,False,0,/mnt/chenpeijian/autodrive/StreetWorld/lead/3rd_party/navsim_workspace/dataset/maps does not exist!
47f9e40a21f7510a,False,0,/mnt/chenpeijian/autodrive/StreetWorld/lead/3rd_party/navsim_workspace/dataset/maps does not exist!
4827434c5d3659cd,False,0,/mnt/chenpeijian/autodrive/StreetWorld/lead/3rd_party/navsim_workspace/dataset/maps does not exist!
485b3e83878255b2,False,0,/mnt/chenpeijian/autodrive/StreetWorld/lead/3rd_party/navsim_workspace/dataset/maps does not exist!
488822d6447b5b58,False,0,/mnt/chenpeijian/autodrive/StreetWorld/lead/3rd_party/navsim_workspace/dataset/maps does not exist!
48b2f85cc68c5a0a,False,0,/mnt/chenpeijian/autodrive/StreetWorld/lead/3rd_party/navsim_workspace/dataset/maps does not exist!
48ee746b1bfb5e7a,False,0,/mnt/chenpeijian/autodrive/StreetWorld/lead/3rd_party/navsim_workspace/dataset/maps does not exist!
4909b88b347c5764,False,0,/mnt/chenpeijian/autodrive/StreetWorld/lead/3rd_party/navsim_workspace/dataset/maps does not exist!
4936360c43435011,False,0,/mnt/chenpeijian/autodrive/StreetWorld/lead/3rd_party/navsim_workspace/dataset/maps does not exist!
498bf3fdec5e5506,False,0,/mnt/chenpeijian/autodrive/StreetWorld/lead/3rd_party/navsim_workspace/dataset/maps does not exist!
49b8cbfbe63e5c09,False,0,/mnt/chenpeijian/autodrive/StreetWorld/lead/3rd_party/navsim_workspace/dataset/maps does not exist!
49d613966f25569b,False,0,/mnt/chenpeijian/autodrive/StreetWorld/lead/3rd_party/navsim_workspace/dataset/maps does not exist!
4a07defcfe7f57fb,False,0,/mnt/chenpeijian/autodrive/StreetWorld/lead/3rd_party/navsim_workspace/dataset/maps does not exist!
4a4a11299e125c20,False,0,/mnt/chenpeijian/autodrive/StreetWorld/lead/3rd_party/navsim_workspace/dataset/maps does not exist!
4a681a6497d35e68,False,0,/mnt/chenpeijian/autodrive/StreetWorld/lead/3rd_party/navsim_workspace/dataset/maps does not exist!
4a9901b941be5695,False,0,/mnt/chenpeijian/autodrive/StreetWorld/lead/3rd_party/navsim_workspace/dataset/maps does not exist!
4abc4549b6d45891,False,0,/mnt/chenpeijian/autodrive/StreetWorld/lead/3rd_party/navsim_workspace/dataset/maps does not exist!
4ae68544ec0f502c,False,0,/mnt/chenpeijian/autodrive/StreetWorld/lead/3rd_party/navsim_workspace/dataset/maps does not exist!
4b0be4847dd45b5c,False,0,/mnt/chenpeijian/autodrive/StreetWorld/lead/3rd_party/navsim_workspace/dataset/maps does not exist!
4b499c985f02545f,False,0,/mnt/chenpeijian/autodrive/StreetWorld/lead/3rd_party/navsim_workspace/dataset/maps does not exist!
4b594a8e80915943,False,0,/mnt/chenpeijian/autodrive/StreetWorld/lead/3rd_party/navsim_workspace/dataset/maps does not exist!
4b7b765455d1517c,False,0,/mnt/chenpeijian/autodrive/StreetWorld/lead/3rd_party/navsim_workspace/dataset/maps does not exist!
4b98bb0bbbc75b1f,False,0,/mnt/chenpeijian/autodrive/StreetWorld/lead/3rd_party/navsim_workspace/dataset/maps does not exist!
4bbfb5ec60205e63,False,0,/mnt/chenpeijian/autodrive/StreetWorld/lead/3rd_party/navsim_workspace/dataset/maps does not exist!
4bf95781578b59ec,False,0,/mnt/chenpeijian/autodrive/StreetWorld/lead/3rd_party/navsim_workspace/dataset/maps does not exist!
4c3547b853675e66,False,0,/mnt/chenpeijian/autodrive/StreetWorld/lead/3rd_party/navsim_workspace/dataset/maps does not exist!
4c771d89311d548a,False,0,/mnt/chenpeijian/autodrive/StreetWorld/lead/3rd_party/navsim_workspace/dataset/maps does not exist!
4cbe138f73975e82,False,0,/mnt/chenpeijian/autodrive/StreetWorld/lead/3rd_party/navsim_workspace/dataset/maps does not exist!
4cdcf106cb5d5c63,False,0,/mnt/chenpeijian/autodrive/StreetWorld/lead/3rd_party/navsim_workspace/dataset/maps does not exist!
4cf1c34e608158a6,False,0,/mnt/chenpeijian/autodrive/StreetWorld/lead/3rd_party/navsim_workspace/dataset/maps does not exist!
4d13950871eb5917,False,0,/mnt/chenpeijian/autodrive/StreetWorld/lead/3rd_party/navsim_workspace/dataset/maps does not exist!
4d38d745131c5de1,False,0,/mnt/chenpeijian/autodrive/StreetWorld/lead/3rd_party/navsim_workspace/dataset/maps does not exist!
4d6456183bd056bc,False,0,/mnt/chenpeijian/autodrive/StreetWorld/lead/3rd_party/navsim_workspace/dataset/maps does not exist!
4d8c41cf686957d1,False,0,/mnt/chenpeijian/autodrive/StreetWorld/lead/3rd_party/navsim_workspace/dataset/maps does not exist!
4dbe96a8a7be58dc,False,0,/mnt/chenpeijian/autodrive/StreetWorld/lead/3rd_party/navsim_workspace/dataset/maps does not exist!
4dd9f8881881500d,False,0,/mnt/chenpeijian/autodrive/StreetWorld/lead/3rd_party/navsim_workspace/dataset/maps does not exist!
4e09d6c847dc5d3e,False,0,/mnt/chenpeijian/autodrive/StreetWorld/lead/3rd_party/navsim_workspace/dataset/maps does not exist!
4e2f593274aa5417,False,0,/mnt/chenpeijian/autodrive/StreetWorld/lead/3rd_party/navsim_workspace/dataset/maps does not exist!
4e5e09ac14395d70,False,0,/mnt/chenpeijian/autodrive/StreetWorld/lead/3rd_party/navsim_workspace/dataset/maps does not exist!
4eaf35cea96d5dd9,False,0,/mnt/chenpeijian/autodrive/StreetWorld/lead/3rd_party/navsim_workspace/dataset/maps does not exist!
4efe0ad78b655ecd,False,0,/mnt/chenpeijian/autodrive/StreetWorld/lead/3rd_party/navsim_workspace/dataset/maps does not exist!
4f5b00e0de115593,False,0,/mnt/chenpeijian/autodrive/StreetWorld/lead/3rd_party/navsim_workspace/dataset/maps does not exist!
4f6fb990b8875e5f,False,0,/mnt/chenpeijian/autodrive/StreetWorld/lead/3rd_party/navsim_workspace/dataset/maps does not exist!
4fb652e8a58f5623,False,0,/mnt/chenpeijian/autodrive/StreetWorld/lead/3rd_party/navsim_workspace/dataset/maps does not exist!
4fd76f9d056d5fb3,False,0,/mnt/chenpeijian/autodrive/StreetWorld/lead/3rd_party/navsim_workspace/dataset/maps does not exist!
5016bf8ca2ee554c,False,0,/mnt/chenpeijian/autodrive/StreetWorld/lead/3rd_party/navsim_workspace/dataset/maps does not exist!
50433807834059b1,False,0,/mnt/chenpeijian/autodrive/StreetWorld/lead/3rd_party/navsim_workspace/dataset/maps does not exist!
50708f973eec5e38,False,0,/mnt/chenpeijian/autodrive/StreetWorld/lead/3rd_party/navsim_workspace/dataset/maps does not exist!
5099c20d468f5cf4,False,0,/mnt/chenpeijian/autodrive/StreetWorld/lead/3rd_party/navsim_workspace/dataset/maps does not exist!
50b72b9404da516c,False,0,/mnt/chenpeijian/autodrive/StreetWorld/lead/3rd_party/navsim_workspace/dataset/maps does not exist!
511741d6df93540d,False,0,/mnt/chenpeijian/autodrive/StreetWorld/lead/3rd_party/navsim_workspace/dataset/maps does not exist!
51467056c4f35555,False,0,/mnt/chenpeijian/autodrive/StreetWorld/lead/3rd_party/navsim_workspace/dataset/maps does not exist!
517530489c455086,False,0,/mnt/chenpeijian/autodrive/StreetWorld/lead/3rd_party/navsim_workspace/dataset/maps does not exist!
51d4ce9889525c4f,False,0,/mnt/chenpeijian/autodrive/StreetWorld/lead/3rd_party/navsim_workspace/dataset/maps does not exist!
520c2defbbc958a0,False,0,/mnt/chenpeijian/autodrive/StreetWorld/lead/3rd_party/navsim_workspace/dataset/maps does not exist!
5233faf7f9935f97,False,0,/mnt/chenpeijian/autodrive/StreetWorld/lead/3rd_party/navsim_workspace/dataset/maps does not exist!
5252cad32bf358b2,False,0,/mnt/chenpeijian/autodrive/StreetWorld/lead/3rd_party/navsim_workspace/dataset/maps does not exist!
52a632acca085891,False,0,/mnt/chenpeijian/autodrive/StreetWorld/lead/3rd_party/navsim_workspace/dataset/maps does not exist!
52b428b6ff135845,False,0,/mnt/chenpeijian/autodrive/StreetWorld/lead/3rd_party/navsim_workspace/dataset/maps does not exist!
52cb88473a965bac,False,0,/mnt/chenpeijian/autodrive/StreetWorld/lead/3rd_party/navsim_workspace/dataset/maps does not exist!
52f07f442baa5fe5,False,0,/mnt/chenpeijian/autodrive/StreetWorld/lead/3rd_party/navsim_workspace/dataset/maps does not exist!
530df64bb4b5533f,False,0,/mnt/chenpeijian/autodrive/StreetWorld/lead/3rd_party/navsim_workspace/dataset/maps does not exist!
534587f0abca573b,False,0,/mnt/chenpeijian/autodrive/StreetWorld/lead/3rd_party/navsim_workspace/dataset/maps does not exist!
535e19c081ec5c28,False,0,/mnt/chenpeijian/autodrive/StreetWorld/lead/3rd_party/navsim_workspace/dataset/maps does not exist!
5380625bddba59a2,False,0,/mnt/chenpeijian/autodrive/StreetWorld/lead/3rd_party/navsim_workspace/dataset/maps does not exist!
53e360156fe05050,False,0,/mnt/chenpeijian/autodrive/StreetWorld/lead/3rd_party/navsim_workspace/dataset/maps does not exist!
541d2d0ac174524b,False,0,/mnt/chenpeijian/autodrive/StreetWorld/lead/3rd_party/navsim_workspace/dataset/maps does not exist!
542d8c3b05145bbe,False,0,/mnt/chenpeijian/autodrive/StreetWorld/lead/3rd_party/navsim_workspace/dataset/maps does not exist!
5487bbfde69354cb,False,0,/mnt/chenpeijian/autodrive/StreetWorld/lead/3rd_party/navsim_workspace/dataset/maps does not exist!
54a9fe6636755234,False,0,/mnt/chenpeijian/autodrive/StreetWorld/lead/3rd_party/navsim_workspace/dataset/maps does not exist!
54d86279a0015154,False,0,/mnt/chenpeijian/autodrive/StreetWorld/lead/3rd_party/navsim_workspace/dataset/maps does not exist!
54fbc5743190519c,False,0,/mnt/chenpeijian/autodrive/StreetWorld/lead/3rd_party/navsim_workspace/dataset/maps does not exist!
551867c095c35991,False,0,/mnt/chenpeijian/autodrive/StreetWorld/lead/3rd_party/navsim_workspace/dataset/maps does not exist!
552fd48bfce35a20,False,0,/mnt/chenpeijian/autodrive/StreetWorld/lead/3rd_party/navsim_workspace/dataset/maps does not exist!
557a287c11cc5960,False,0,/mnt/chenpeijian/autodrive/StreetWorld/lead/3rd_party/navsim_workspace/dataset/maps does not exist!
55992af369b95456,False,0,/mnt/chenpeijian/autodrive/StreetWorld/lead/3rd_party/navsim_workspace/dataset/maps does not exist!
55bb551a2aa85849,False,0,/mnt/chenpeijian/autodrive/StreetWorld/lead/3rd_party/navsim_workspace/dataset/maps does not exist!
55e7ff380d7e5491,False,0,/mnt/chenpeijian/autodrive/StreetWorld/lead/3rd_party/navsim_workspace/dataset/maps does not exist!
563fd35940785c61,False,0,/mnt/chenpeijian/autodrive/StreetWorld/lead/3rd_party/navsim_workspace/dataset/maps does not exist!
566cac9a7c0358ce,False,0,/mnt/chenpeijian/autodrive/StreetWorld/lead/3rd_party/navsim_workspace/dataset/maps does not exist!
56780fc1a6bc53a8,False,0,/mnt/chenpeijian/autodrive/StreetWorld/lead/3rd_party/navsim_workspace/dataset/maps does not exist!
569a63e20e845d44,False,0,/mnt/chenpeijian/autodrive/StreetWorld/lead/3rd_party/navsim_workspace/dataset/maps does not exist!
56af8eae4788597f,False,0,/mnt/chenpeijian/autodrive/StreetWorld/lead/3rd_party/navsim_workspace/dataset/maps does not exist!
57076e49ca7c5570,False,0,/mnt/chenpeijian/autodrive/StreetWorld/lead/3rd_party/navsim_workspace/dataset/maps does not exist!
57730912486a5853,False,0,/mnt/chenpeijian/autodrive/StreetWorld/lead/3rd_party/navsim_workspace/dataset/maps does not exist!
579942d331b9571d,False,0,/mnt/chenpeijian/autodrive/StreetWorld/lead/3rd_party/navsim_workspace/dataset/maps does not exist!
57dceadaafe053ef,False,0,/mnt/chenpeijian/autodrive/StreetWorld/lead/3rd_party/navsim_workspace/dataset/maps does not exist!
580a10ad9ad55a5d,False,0,/mnt/chenpeijian/autodrive/StreetWorld/lead/3rd_party/navsim_workspace/dataset/maps does not exist!
5825e60bec9f59fb,False,0,/mnt/chenpeijian/autodrive/StreetWorld/lead/3rd_party/navsim_workspace/dataset/maps does not exist!
5856cd24d07c5b79,False,0,/mnt/chenpeijian/autodrive/StreetWorld/lead/3rd_party/navsim_workspace/dataset/maps does not exist!
5883b0e7c7215e80,False,0,/mnt/chenpeijian/autodrive/StreetWorld/lead/3rd_party/navsim_workspace/dataset/maps does not exist!
58a10d0c924050cf,False,0,/mnt/chenpeijian/autodrive/StreetWorld/lead/3rd_party/navsim_workspace/dataset/maps does not exist!
58c61cbce5825c91,False,0,/mnt/chenpeijian/autodrive/StreetWorld/lead/3rd_party/navsim_workspace/dataset/maps does not exist!
592f536375e755b6,False,0,/mnt/chenpeijian/autodrive/StreetWorld/lead/3rd_party/navsim_workspace/dataset/maps does not exist!
594e39f9024a5835,False,0,/mnt/chenpeijian/autodrive/StreetWorld/lead/3rd_party/navsim_workspace/dataset/maps does not exist!
5971485918d155dd,False,0,/mnt/chenpeijian/autodrive/StreetWorld/lead/3rd_party/navsim_workspace/dataset/maps does not exist!
5982df20d90a59cc,False,0,/mnt/chenpeijian/autodrive/StreetWorld/lead/3rd_party/navsim_workspace/dataset/maps does not exist!
59b5e5a171965609,False,0,/mnt/chenpeijian/autodrive/StreetWorld/lead/3rd_party/navsim_workspace/dataset/maps does not exist!
59ced21f109a5320,False,0,/mnt/chenpeijian/autodrive/StreetWorld/lead/3rd_party/navsim_workspace/dataset/maps does not exist!
5a06f03022ec5b67,False,0,/mnt/chenpeijian/autodrive/StreetWorld/lead/3rd_party/navsim_workspace/dataset/maps does not exist!
5a2e2da8e6b75138,False,0,/mnt/chenpeijian/autodrive/StreetWorld/lead/3rd_party/navsim_workspace/dataset/maps does not exist!
5a5e81f1432a51a1,False,0,/mnt/chenpeijian/autodrive/StreetWorld/lead/3rd_party/navsim_workspace/dataset/maps does not exist!
5a80299213875068,False,0,/mnt/chenpeijian/autodrive/StreetWorld/lead/3rd_party/navsim_workspace/dataset/maps does not exist!
5aad75c605655367,False,0,/mnt/chenpeijian/autodrive/StreetWorld/lead/3rd_party/navsim_workspace/dataset/maps does not exist!
5ac5a4a182b859f7,False,0,/mnt/chenpeijian/autodrive/StreetWorld/lead/3rd_party/navsim_workspace/dataset/maps does not exist!
5af27ca0b8135d9d,False,0,/mnt/chenpeijian/autodrive/StreetWorld/lead/3rd_party/navsim_workspace/dataset/maps does not exist!
5b24b678ff67555d,False,0,/mnt/chenpeijian/autodrive/StreetWorld/lead/3rd_party/navsim_workspace/dataset/maps does not exist!
5b4f392698d35a5f,False,0,/mnt/chenpeijian/autodrive/StreetWorld/lead/3rd_party/navsim_workspace/dataset/maps does not exist!
5b891b54880f5fab,False,0,/mnt/chenpeijian/autodrive/StreetWorld/lead/3rd_party/navsim_workspace/dataset/maps does not exist!
5be54baed8b35bd7,False,0,/mnt/chenpeijian/autodrive/StreetWorld/lead/3rd_party/navsim_workspace/dataset/maps does not exist!
5c2c553d990d5a17,False,0,/mnt/chenpeijian/autodrive/StreetWorld/lead/3rd_party/navsim_workspace/dataset/maps does not exist!
5c838efd36805c92,False,0,/mnt/chenpeijian/autodrive/StreetWorld/lead/3rd_party/navsim_workspace/dataset/maps does not exist!
5cb436b6276f59ae,False,0,/mnt/chenpeijian/autodrive/StreetWorld/lead/3rd_party/navsim_workspace/dataset/maps does not exist!
5ce3b2260be35a1e,False,0,/mnt/chenpeijian/autodrive/StreetWorld/lead/3rd_party/navsim_workspace/dataset/maps does not exist!
5d1312c4f2aa5bbf,False,0,/mnt/chenpeijian/autodrive/StreetWorld/lead/3rd_party/navsim_workspace/dataset/maps does not exist!
5d68b0c80cab59c4,False,0,/mnt/chenpeijian/autodrive/StreetWorld/lead/3rd_party/navsim_workspace/dataset/maps does not exist!
5d9e2570d7565e91,False,0,/mnt/chenpeijian/autodrive/StreetWorld/lead/3rd_party/navsim_workspace/dataset/maps does not exist!
5ddfd1fe80af5ceb,False,0,/mnt/chenpeijian/autodrive/StreetWorld/lead/3rd_party/navsim_workspace/dataset/maps does not exist!
5e2b839cccb95921,False,0,/mnt/chenpeijian/autodrive/StreetWorld/lead/3rd_party/navsim_workspace/dataset/maps does not exist!
5e8d717cc46a5988,False,0,/mnt/chenpeijian/autodrive/StreetWorld/lead/3rd_party/navsim_workspace/dataset/maps does not exist!
5ee1455d53695e5b,False,0,/mnt/chenpeijian/autodrive/StreetWorld/lead/3rd_party/navsim_workspace/dataset/maps does not exist!
5f3da1e584905c8e,False,0,/mnt/chenpeijian/autodrive/StreetWorld/lead/3rd_party/navsim_workspace/dataset/maps does not exist!
5f8eb8f944eb596c,False,0,/mnt/chenpeijian/autodrive/StreetWorld/lead/3rd_party/navsim_workspace/dataset/maps does not exist!
5ff30edb240758c4,False,0,/mnt/chenpeijian/autodrive/StreetWorld/lead/3rd_party/navsim_workspace/dataset/maps does not exist!
601c3cce2a215275,False,0,/mnt/chenpeijian/autodrive/StreetWorld/lead/3rd_party/navsim_workspace/dataset/maps does not exist!
6050bcf9baab54f6,False,0,/mnt/chenpeijian/autodrive/StreetWorld/lead/3rd_party/navsim_workspace/dataset/maps does not exist!
60729ba7537a5622,False,0,/mnt/chenpeijian/autodrive/StreetWorld/lead/3rd_party/navsim_workspace/dataset/maps does not exist!
608913faecb959b4,False,0,/mnt/chenpeijian/autodrive/StreetWorld/lead/3rd_party/navsim_workspace/dataset/maps does not exist!
60ae22c26d59572e,False,0,/mnt/chenpeijian/autodrive/StreetWorld/lead/3rd_party/navsim_workspace/dataset/maps does not exist!
60e9369e91da5d9c,False,0,/mnt/chenpeijian/autodrive/StreetWorld/lead/3rd_party/navsim_workspace/dataset/maps does not exist!
610271d0c1515c8c,False,0,/mnt/chenpeijian/autodrive/StreetWorld/lead/3rd_party/navsim_workspace/dataset/maps does not exist!
611ff428aa8a5e86,False,0,/mnt/chenpeijian/autodrive/StreetWorld/lead/3rd_party/navsim_workspace/dataset/maps does not exist!
6136d15f12905f36,False,0,/mnt/chenpeijian/autodrive/StreetWorld/lead/3rd_party/navsim_workspace/dataset/maps does not exist!
614cdeb09cc25923,False,0,/mnt/chenpeijian/autodrive/StreetWorld/lead/3rd_party/navsim_workspace/dataset/maps does not exist!
6162cfa976a1521f,False,0,/mnt/chenpeijian/autodrive/StreetWorld/lead/3rd_party/navsim_workspace/dataset/maps does not exist!
61766a0be9165cb7,False,0,/mnt/chenpeijian/autodrive/StreetWorld/lead/3rd_party/navsim_workspace/dataset/maps does not exist!
619d1afc63c35621,False,0,/mnt/chenpeijian/autodrive/StreetWorld/lead/3rd_party/navsim_workspace/dataset/maps does not exist!
61b6aabef76153af,False,0,/mnt/chenpeijian/autodrive/StreetWorld/lead/3rd_party/navsim_workspace/dataset/maps does not exist!
61d847c3a95f5032,False,0,/mnt/chenpeijian/autodrive/StreetWorld/lead/3rd_party/navsim_workspace/dataset/maps does not exist!
620a34ec02795768,False,0,/mnt/chenpeijian/autodrive/StreetWorld/lead/3rd_party/navsim_workspace/dataset/maps does not exist!
6233d1b3e62a5772,False,0,/mnt/chenpeijian/autodrive/StreetWorld/lead/3rd_party/navsim_workspace/dataset/maps does not exist!
624b5f7f1f4a503e,False,0,/mnt/chenpeijian/autodrive/StreetWorld/lead/3rd_party/navsim_workspace/dataset/maps does not exist!
625bda810b66583a,False,0,/mnt/chenpeijian/autodrive/StreetWorld/lead/3rd_party/navsim_workspace/dataset/maps does not exist!
62974364debd5463,False,0,/mnt/chenpeijian/autodrive/StreetWorld/lead/3rd_party/navsim_workspace/dataset/maps does not exist!
62c0730b5f435548,False,0,/mnt/chenpeijian/autodrive/StreetWorld/lead/3rd_party/navsim_workspace/dataset/maps does not exist!
62fc6bfdfba650ed,False,0,/mnt/chenpeijian/autodrive/StreetWorld/lead/3rd_party/navsim_workspace/dataset/maps does not exist!
631ef1b9ceeb5d0d,False,0,/mnt/chenpeijian/autodrive/StreetWorld/lead/3rd_party/navsim_workspace/dataset/maps does not exist!
63573ea2fdb85b0e,False,0,/mnt/chenpeijian/autodrive/StreetWorld/lead/3rd_party/navsim_workspace/dataset/maps does not exist!
637b2eb74b0d5144,False,0,/mnt/chenpeijian/autodrive/StreetWorld/lead/3rd_party/navsim_workspace/dataset/maps does not exist!
6394162caa7c5821,False,0,/mnt/chenpeijian/autodrive/StreetWorld/lead/3rd_party/navsim_workspace/dataset/maps does not exist!
63b91b18f46a5a96,False,0,/mnt/chenpeijian/autodrive/StreetWorld/lead/3rd_party/navsim_workspace/dataset/maps does not exist!
63ec67c4a58a5e5b,False,0,/mnt/chenpeijian/autodrive/StreetWorld/lead/3rd_party/navsim_workspace/dataset/maps does not exist!
641e208507255987,False,0,/mnt/chenpeijian/autodrive/StreetWorld/lead/3rd_party/navsim_workspace/dataset/maps does not exist!
645f5f6b94345fc3,False,0,/mnt/chenpeijian/autodrive/StreetWorld/lead/3rd_party/navsim_workspace/dataset/maps does not exist!
6482eb343a2b5329,False,0,/mnt/chenpeijian/autodrive/StreetWorld/lead/3rd_party/navsim_workspace/dataset/maps does not exist!
6498149e85ef5b8d,False,0,/mnt/chenpeijian/autodrive/StreetWorld/lead/3rd_party/navsim_workspace/dataset/maps does not exist!
64a7186ab49b5cdc,False,0,/mnt/chenpeijian/autodrive/StreetWorld/lead/3rd_party/navsim_workspace/dataset/maps does not exist!
64f5ed7f37905836,False,0,/mnt/chenpeijian/autodrive/StreetWorld/lead/3rd_party/navsim_workspace/dataset/maps does not exist!
6532afe679315809,False,0,/mnt/chenpeijian/autodrive/StreetWorld/lead/3rd_party/navsim_workspace/dataset/maps does not exist!
6545ea70cb285327,False,0,/mnt/chenpeijian/autodrive/StreetWorld/lead/3rd_party/navsim_workspace/dataset/maps does not exist!
657ea52878935352,False,0,/mnt/chenpeijian/autodrive/StreetWorld/lead/3rd_party/navsim_workspace/dataset/maps does not exist!
65b76ee44ba5521c,False,0,/mnt/chenpeijian/autodrive/StreetWorld/lead/3rd_party/navsim_workspace/dataset/maps does not exist!
65e41bd322a25dd1,False,0,/mnt/chenpeijian/autodrive/StreetWorld/lead/3rd_party/navsim_workspace/dataset/maps does not exist!
66129006472354e7,False,0,/mnt/chenpeijian/autodrive/StreetWorld/lead/3rd_party/navsim_workspace/dataset/maps does not exist!
66225fc71bd35554,False,0,/mnt/chenpeijian/autodrive/StreetWorld/lead/3rd_party/navsim_workspace/dataset/maps does not exist!
664106f910475a53,False,0,/mnt/chenpeijian/autodrive/StreetWorld/lead/3rd_party/navsim_workspace/dataset/maps does not exist!
667afe1f010351c5,False,0,/mnt/chenpeijian/autodrive/StreetWorld/lead/3rd_party/navsim_workspace/dataset/maps does not exist!
669b4ffc8b8a5f21,False,0,/mnt/chenpeijian/autodrive/StreetWorld/lead/3rd_party/navsim_workspace/dataset/maps does not exist!
66ca1ffcef4354e9,False,0,/mnt/chenpeijian/autodrive/StreetWorld/lead/3rd_party/navsim_workspace/dataset/maps does not exist!
66e559e29cca52e0,False,0,/mnt/chenpeijian/autodrive/StreetWorld/lead/3rd_party/navsim_workspace/dataset/maps does not exist!
67094a5dcc8c5ff6,False,0,/mnt/chenpeijian/autodrive/StreetWorld/lead/3rd_party/navsim_workspace/dataset/maps does not exist!
673cfe7af7db5911,False,0,/mnt/chenpeijian/autodrive/StreetWorld/lead/3rd_party/navsim_workspace/dataset/maps does not exist!
67628d15c5b45860,False,0,/mnt/chenpeijian/autodrive/StreetWorld/lead/3rd_party/navsim_workspace/dataset/maps does not exist!
679b181821395966,False,0,/mnt/chenpeijian/autodrive/StreetWorld/lead/3rd_party/navsim_workspace/dataset/maps does not exist!
67e6aea894f0568f,False,0,/mnt/chenpeijian/autodrive/StreetWorld/lead/3rd_party/navsim_workspace/dataset/maps does not exist!
681dc1d77f125936,False,0,/mnt/chenpeijian/autodrive/StreetWorld/lead/3rd_party/navsim_workspace/dataset/maps does not exist!
683e518fbfa650d5,False,0,/mnt/chenpeijian/autodrive/StreetWorld/lead/3rd_party/navsim_workspace/dataset/maps does not exist!
685911b9ba8b554f,False,0,/mnt/chenpeijian/autodrive/StreetWorld/lead/3rd_party/navsim_workspace/dataset/maps does not exist!
6881586931a25031,False,0,/mnt/chenpeijian/autodrive/StreetWorld/lead/3rd_party/navsim_workspace/dataset/maps does not exist!
689ed7a2ee4b583d,False,0,/mnt/chenpeijian/autodrive/StreetWorld/lead/3rd_party/navsim_workspace/dataset/maps does not exist!
68bbcb5f42845480,False,0,/mnt/chenpeijian/autodrive/StreetWorld/lead/3rd_party/navsim_workspace/dataset/maps does not exist!
68e8dda3806f5b88,False,0,/mnt/chenpeijian/autodrive/StreetWorld/lead/3rd_party/navsim_workspace/dataset/maps does not exist!
690fef019ad25dd6,False,0,/mnt/chenpeijian/autodrive/StreetWorld/lead/3rd_party/navsim_workspace/dataset/maps does not exist!
6929a902435e56b0,False,0,/mnt/chenpeijian/autodrive/StreetWorld/lead/3rd_party/navsim_workspace/dataset/maps does not exist!
695cc61845975896,False,0,/mnt/chenpeijian/autodrive/StreetWorld/lead/3rd_party/navsim_workspace/dataset/maps does not exist!
697f7ae6d60f5f2d,False,0,/mnt/chenpeijian/autodrive/StreetWorld/lead/3rd_party/navsim_workspace/dataset/maps does not exist!
69ad18166f085da8,False,0,/mnt/chenpeijian/autodrive/StreetWorld/lead/3rd_party/navsim_workspace/dataset/maps does not exist!
69c991e96f74541f,False,0,/mnt/chenpeijian/autodrive/StreetWorld/lead/3rd_party/navsim_workspace/dataset/maps does not exist!
69df428fe853580e,False,0,/mnt/chenpeijian/autodrive/StreetWorld/lead/3rd_party/navsim_workspace/dataset/maps does not exist!
69fab78920a55a7a,False,0,/mnt/chenpeijian/autodrive/StreetWorld/lead/3rd_party/navsim_workspace/dataset/maps does not exist!
6a383816e5c1568b,False,0,/mnt/chenpeijian/autodrive/StreetWorld/lead/3rd_party/navsim_workspace/dataset/maps does not exist!
6a8087fb9f3e5751,False,0,/mnt/chenpeijian/autodrive/StreetWorld/lead/3rd_party/navsim_workspace/dataset/maps does not exist!
6a9642ab1a745aac,False,0,/mnt/chenpeijian/autodrive/StreetWorld/lead/3rd_party/navsim_workspace/dataset/maps does not exist!
6ac603d43fbb57ef,False,0,/mnt/chenpeijian/autodrive/StreetWorld/lead/3rd_party/navsim_workspace/dataset/maps does not exist!
6b183b48b7175f38,False,0,/mnt/chenpeijian/autodrive/StreetWorld/lead/3rd_party/navsim_workspace/dataset/maps does not exist!
6b580c6ff00b511f,False,0,/mnt/chenpeijian/autodrive/StreetWorld/lead/3rd_party/navsim_workspace/dataset/maps does not exist!
6b8daf3b57175e70,False,0,/mnt/chenpeijian/autodrive/StreetWorld/lead/3rd_party/navsim_workspace/dataset/maps does not exist!
6bb2c2106e435a57,False,0,/mnt/chenpeijian/autodrive/StreetWorld/lead/3rd_party/navsim_workspace/dataset/maps does not exist!
6bf9b9cf5ae25aba,False,0,/mnt/chenpeijian/autodrive/StreetWorld/lead/3rd_party/navsim_workspace/dataset/maps does not exist!
6c5d84e81aca5755,False,0,/mnt/chenpeijian/autodrive/StreetWorld/lead/3rd_party/navsim_workspace/dataset/maps does not exist!
6c8af7c93b5751c4,False,0,/mnt/chenpeijian/autodrive/StreetWorld/lead/3rd_party/navsim_workspace/dataset/maps does not exist!
6cbc045e25c2506d,False,0,/mnt/chenpeijian/autodrive/StreetWorld/lead/3rd_party/navsim_workspace/dataset/maps does not exist!
6d088615a8c05649,False,0,/mnt/chenpeijian/autodrive/StreetWorld/lead/3rd_party/navsim_workspace/dataset/maps does not exist!
6d540c863075575c,False,0,/mnt/chenpeijian/autodrive/StreetWorld/lead/3rd_party/navsim_workspace/dataset/maps does not exist!
6d72d039fb9a551b,False,0,/mnt/chenpeijian/autodrive/StreetWorld/lead/3rd_party/navsim_workspace/dataset/maps does not exist!
6d8767e46d975896,False,0,/mnt/chenpeijian/autodrive/StreetWorld/lead/3rd_party/navsim_workspace/dataset/maps does not exist!
6da3bcc544be52d3,False,0,/mnt/chenpeijian/autodrive/StreetWorld/lead/3rd_party/navsim_workspace/dataset/maps does not exist!
6de13c6c9af05cac,False,0,/mnt/chenpeijian/autodrive/StreetWorld/lead/3rd_party/navsim_workspace/dataset/maps does not exist!
6e0bfaa448c5587d,False,0,/mnt/chenpeijian/autodrive/StreetWorld/lead/3rd_party/navsim_workspace/dataset/maps does not exist!
6e6c19ea921f550d,False,0,/mnt/chenpeijian/autodrive/StreetWorld/lead/3rd_party/navsim_workspace/dataset/maps does not exist!
6e9027bc59c857a9,False,0,/mnt/chenpeijian/autodrive/StreetWorld/lead/3rd_party/navsim_workspace/dataset/maps does not exist!
6ebf87c3da335680,False,0,/mnt/chenpeijian/autodrive/StreetWorld/lead/3rd_party/navsim_workspace/dataset/maps does not exist!
6efb5186a9e55a68,False,0,/mnt/chenpeijian/autodrive/StreetWorld/lead/3rd_party/navsim_workspace/dataset/maps does not exist!
6f1be4d182475bc8,False,0,/mnt/chenpeijian/autodrive/StreetWorld/lead/3rd_party/navsim_workspace/dataset/maps does not exist!
6f393be3019c508a,False,0,/mnt/chenpeijian/autodrive/StreetWorld/lead/3rd_party/navsim_workspace/dataset/maps does not exist!
6f7a20c618a9573e,False,0,/mnt/chenpeijian/autodrive/StreetWorld/lead/3rd_party/navsim_workspace/dataset/maps does not exist!
6fa0a76b37b558bd,False,0,/mnt/chenpeijian/autodrive/StreetWorld/lead/3rd_party/navsim_workspace/dataset/maps does not exist!
6fd56fa51891517e,False,0,/mnt/chenpeijian/autodrive/StreetWorld/lead/3rd_party/navsim_workspace/dataset/maps does not exist!
700cac410af95cc4,False,0,/mnt/chenpeijian/autodrive/StreetWorld/lead/3rd_party/navsim_workspace/dataset/maps does not exist!
702b40dba11550ae,False,0,/mnt/chenpeijian/autodrive/StreetWorld/lead/3rd_party/navsim_workspace/dataset/maps does not exist!
706cc8e44dbd557d,False,0,/mnt/chenpeijian/autodrive/StreetWorld/lead/3rd_party/navsim_workspace/dataset/maps does not exist!
70b8b9ad6d6f54f7,False,0,/mnt/chenpeijian/autodrive/StreetWorld/lead/3rd_party/navsim_workspace/dataset/maps does not exist!
70d79606f745562e,False,0,/mnt/chenpeijian/autodrive/StreetWorld/lead/3rd_party/navsim_workspace/dataset/maps does not exist!
71017c020a0b5a75,False,0,/mnt/chenpeijian/autodrive/StreetWorld/lead/3rd_party/navsim_workspace/dataset/maps does not exist!
71357a4fc5c65199,False,0,/mnt/chenpeijian/autodrive/StreetWorld/lead/3rd_party/navsim_workspace/dataset/maps does not exist!
71531dafe28052ac,False,0,/mnt/chenpeijian/autodrive/StreetWorld/lead/3rd_party/navsim_workspace/dataset/maps does not exist!
7186e23637965344,False,0,/mnt/chenpeijian/autodrive/StreetWorld/lead/3rd_party/navsim_workspace/dataset/maps does not exist!
71bacc65bda2569c,False,0,/mnt/chenpeijian/autodrive/StreetWorld/lead/3rd_party/navsim_workspace/dataset/maps does not exist!
720c4f312c0f529e,False,0,/mnt/chenpeijian/autodrive/StreetWorld/lead/3rd_party/navsim_workspace/dataset/maps does not exist!
726a691895a75bfc,False,0,/mnt/chenpeijian/autodrive/StreetWorld/lead/3rd_party/navsim_workspace/dataset/maps does not exist!
7288ac3781fd51a8,False,0,/mnt/chenpeijian/autodrive/StreetWorld/lead/3rd_party/navsim_workspace/dataset/maps does not exist!
72be63ed04f15f97,False,0,/mnt/chenpeijian/autodrive/StreetWorld/lead/3rd_party/navsim_workspace/dataset/maps does not exist!
72d6e0ab829553ed,False,0,/mnt/chenpeijian/autodrive/StreetWorld/lead/3rd_party/navsim_workspace/dataset/maps does not exist!
7320f05fb6675c76,False,0,/mnt/chenpeijian/autodrive/StreetWorld/lead/3rd_party/navsim_workspace/dataset/maps does not exist!
735587b14e39568c,False,0,/mnt/chenpeijian/autodrive/StreetWorld/lead/3rd_party/navsim_workspace/dataset/maps does not exist!
7399b61d44ea592a,False,0,/mnt/chenpeijian/autodrive/StreetWorld/lead/3rd_party/navsim_workspace/dataset/maps does not exist!
73c8918f6d995213,False,0,/mnt/chenpeijian/autodrive/StreetWorld/lead/3rd_party/navsim_workspace/dataset/maps does not exist!
73fe2f6dea43577f,False,0,/mnt/chenpeijian/autodrive/StreetWorld/lead/3rd_party/navsim_workspace/dataset/maps does not exist!
7444ae8aea51554e,False,0,/mnt/chenpeijian/autodrive/StreetWorld/lead/3rd_party/navsim_workspace/dataset/maps does not exist!
747f309bac56509f,False,0,/mnt/chenpeijian/autodrive/StreetWorld/lead/3rd_party/navsim_workspace/dataset/maps does not exist!
74abadad5fd65d44,False,0,/mnt/chenpeijian/autodrive/StreetWorld/lead/3rd_party/navsim_workspace/dataset/maps does not exist!
74deabca4e1259f5,False,0,/mnt/chenpeijian/autodrive/StreetWorld/lead/3rd_party/navsim_workspace/dataset/maps does not exist!
7515bed58abd5f21,False,0,/mnt/chenpeijian/autodrive/StreetWorld/lead/3rd_party/navsim_workspace/dataset/maps does not exist!
757c23c6819c589c,False,0,/mnt/chenpeijian/autodrive/StreetWorld/lead/3rd_party/navsim_workspace/dataset/maps does not exist!
7597912d2a175b46,False,0,/mnt/chenpeijian/autodrive/StreetWorld/lead/3rd_party/navsim_workspace/dataset/maps does not exist!
75bb2e7612425d57,False,0,/mnt/chenpeijian/autodrive/StreetWorld/lead/3rd_party/navsim_workspace/dataset/maps does not exist!
75e25b5026885256,False,0,/mnt/chenpeijian/autodrive/StreetWorld/lead/3rd_party/navsim_workspace/dataset/maps does not exist!
7606dcaf85735093,False,0,/mnt/chenpeijian/autodrive/StreetWorld/lead/3rd_party/navsim_workspace/dataset/maps does not exist!
7643b4b3f33d5910,False,0,/mnt/chenpeijian/autodrive/StreetWorld/lead/3rd_party/navsim_workspace/dataset/maps does not exist!
767ce55e55515539,False,0,/mnt/chenpeijian/autodrive/StreetWorld/lead/3rd_party/navsim_workspace/dataset/maps does not exist!
76a0c83f0b6453a0,False,0,/mnt/chenpeijian/autodrive/StreetWorld/lead/3rd_party/navsim_workspace/dataset/maps does not exist!
76d3db995c9e5946,False,0,/mnt/chenpeijian/autodrive/StreetWorld/lead/3rd_party/navsim_workspace/dataset/maps does not exist!
770c714d82535180,False,0,/mnt/chenpeijian/autodrive/StreetWorld/lead/3rd_party/navsim_workspace/dataset/maps does not exist!
773005dea0fc53ab,False,0,/mnt/chenpeijian/autodrive/StreetWorld/lead/3rd_party/navsim_workspace/dataset/maps does not exist!
774aad2507f75660,False,0,/mnt/chenpeijian/autodrive/StreetWorld/lead/3rd_party/navsim_workspace/dataset/maps does not exist!
775df8f025845f5f,False,0,/mnt/chenpeijian/autodrive/StreetWorld/lead/3rd_party/navsim_workspace/dataset/maps does not exist!
7779c453de865aff,False,0,/mnt/chenpeijian/autodrive/StreetWorld/lead/3rd_party/navsim_workspace/dataset/maps does not exist!
779852a1160f56f9,False,0,/mnt/chenpeijian/autodrive/StreetWorld/lead/3rd_party/navsim_workspace/dataset/maps does not exist!
77dd24d1d09c5e50,False,0,/mnt/chenpeijian/autodrive/StreetWorld/lead/3rd_party/navsim_workspace/dataset/maps does not exist!
77f11643ced5562a,False,0,/mnt/chenpeijian/autodrive/StreetWorld/lead/3rd_party/navsim_workspace/dataset/maps does not exist!
784ddfd058865dcb,False,0,/mnt/chenpeijian/autodrive/StreetWorld/lead/3rd_party/navsim_workspace/dataset/maps does not exist!
789af91cd1755b7e,False,0,/mnt/chenpeijian/autodrive/StreetWorld/lead/3rd_party/navsim_workspace/dataset/maps does not exist!
78beb0eba954535e,False,0,/mnt/chenpeijian/autodrive/StreetWorld/lead/3rd_party/navsim_workspace/dataset/maps does not exist!
78e8eab14d8e5d65,False,0,/mnt/chenpeijian/autodrive/StreetWorld/lead/3rd_party/navsim_workspace/dataset/maps does not exist!
79322494f7975811,False,0,/mnt/chenpeijian/autodrive/StreetWorld/lead/3rd_party/navsim_workspace/dataset/maps does not exist!
7956fe13f69e53dc,False,0,/mnt/chenpeijian/autodrive/StreetWorld/lead/3rd_party/navsim_workspace/dataset/maps does not exist!
797606b9788852f2,False,0,/mnt/chenpeijian/autodrive/StreetWorld/lead/3rd_party/navsim_workspace/dataset/maps does not exist!
79bb6b3243f151a6,False,0,/mnt/chenpeijian/autodrive/StreetWorld/lead/3rd_party/navsim_workspace/dataset/maps does not exist!
79d3720b23b6533e,False,0,/mnt/chenpeijian/autodrive/StreetWorld/lead/3rd_party/navsim_workspace/dataset/maps does not exist!
79efd3e82ef059b6,False,0,/mnt/chenpeijian/autodrive/StreetWorld/lead/3rd_party/navsim_workspace/dataset/maps does not exist!
7a35be74d30b5a74,False,0,/mnt/chenpeijian/autodrive/StreetWorld/lead/3rd_party/navsim_workspace/dataset/maps does not exist!
7a7ff4cc1f1a501e,False,0,/mnt/chenpeijian/autodrive/StreetWorld/lead/3rd_party/navsim_workspace/dataset/maps does not exist!
7aeb6cedbf4353ef,False,0,/mnt/chenpeijian/autodrive/StreetWorld/lead/3rd_party/navsim_workspace/dataset/maps does not exist!
7b29ee091c295f7a,False,0,/mnt/chenpeijian/autodrive/StreetWorld/lead/3rd_party/navsim_workspace/dataset/maps does not exist!
7b4fca2db9255996,False,0,/mnt/chenpeijian/autodrive/StreetWorld/lead/3rd_party/navsim_workspace/dataset/maps does not exist!
7b8bb16c6e9b512c,False,0,/mnt/chenpeijian/autodrive/StreetWorld/lead/3rd_party/navsim_workspace/dataset/maps does not exist!
7bbb6cfc4f135e50,False,0,/mnt/chenpeijian/autodrive/StreetWorld/lead/3rd_party/navsim_workspace/dataset/maps does not exist!
7be8784c329456b4,False,0,/mnt/chenpeijian/autodrive/StreetWorld/lead/3rd_party/navsim_workspace/dataset/maps does not exist!
7c57d68b038450cd,False,0,/mnt/chenpeijian/autodrive/StreetWorld/lead/3rd_party/navsim_workspace/dataset/maps does not exist!
7c8900e0a2ef5024,False,0,/mnt/chenpeijian/autodrive/StreetWorld/lead/3rd_party/navsim_workspace/dataset/maps does not exist!
7ccd759aa0535b9a,False,0,/mnt/chenpeijian/autodrive/StreetWorld/lead/3rd_party/navsim_workspace/dataset/maps does not exist!
7cee421600545b00,False,0,/mnt/chenpeijian/autodrive/StreetWorld/lead/3rd_party/navsim_workspace/dataset/maps does not exist!
7d399fe8e4335fc3,False,0,/mnt/chenpeijian/autodrive/StreetWorld/lead/3rd_party/navsim_workspace/dataset/maps does not exist!
7d59e0ea1e0d524b,False,0,/mnt/chenpeijian/autodrive/StreetWorld/lead/3rd_party/navsim_workspace/dataset/maps does not exist!
7d6f05aa48385ce8,False,0,/mnt/chenpeijian/autodrive/StreetWorld/lead/3rd_party/navsim_workspace/dataset/maps does not exist!
7d930b1f5365521f,False,0,/mnt/chenpeijian/autodrive/StreetWorld/lead/3rd_party/navsim_workspace/dataset/maps does not exist!
7db790f4d8965df8,False,0,/mnt/chenpeijian/autodrive/StreetWorld/lead/3rd_party/navsim_workspace/dataset/maps does not exist!
7e052b9f5ca25531,False,0,/mnt/chenpeijian/autodrive/StreetWorld/lead/3rd_party/navsim_workspace/dataset/maps does not exist!
7e2675bbae325f36,False,0,/mnt/chenpeijian/autodrive/StreetWorld/lead/3rd_party/navsim_workspace/dataset/maps does not exist!
7e7acb8e97a9520d,False,0,/mnt/chenpeijian/autodrive/StreetWorld/lead/3rd_party/navsim_workspace/dataset/maps does not exist!
7e8ca7a00f83587d,False,0,/mnt/chenpeijian/autodrive/StreetWorld/lead/3rd_party/navsim_workspace/dataset/maps does not exist!
7ec8d2521964548f,False,0,/mnt/chenpeijian/autodrive/StreetWorld/lead/3rd_party/navsim_workspace/dataset/maps does not exist!
7ef6481e00005279,False,0,/mnt/chenpeijian/autodrive/StreetWorld/lead/3rd_party/navsim_workspace/dataset/maps does not exist!
7f0cd8a968f45cf9,False,0,/mnt/chenpeijian/autodrive/StreetWorld/lead/3rd_party/navsim_workspace/dataset/maps does not exist!
7f3a478c21ce55f9,False,0,/mnt/chenpeijian/autodrive/StreetWorld/lead/3rd_party/navsim_workspace/dataset/maps does not exist!
7fa02fbd7287526f,False,0,/mnt/chenpeijian/autodrive/StreetWorld/lead/3rd_party/navsim_workspace/dataset/maps does not exist!
7fb4ab2c7e8c527f,False,0,/mnt/chenpeijian/autodrive/StreetWorld/lead/3rd_party/navsim_workspace/dataset/maps does not exist!
7fcd06d455d55572,False,0,/mnt/chenpeijian/autodrive/StreetWorld/lead/3rd_party/navsim_workspace/dataset/maps does not exist!
7ff005be930e5ad6,False,0,/mnt/chenpeijian/autodrive/StreetWorld/lead/3rd_party/navsim_workspace/dataset/maps does not exist!
80386d2e9c215d3b,False,0,/mnt/chenpeijian/autodrive/StreetWorld/lead/3rd_party/navsim_workspace/dataset/maps does not exist!
806b014bc8c15160,False,0,/mnt/chenpeijian/autodrive/StreetWorld/lead/3rd_party/navsim_workspace/dataset/maps does not exist!
80a22559c9565d0a,False,0,/mnt/chenpeijian/autodrive/StreetWorld/lead/3rd_party/navsim_workspace/dataset/maps does not exist!
80dea9d7cb445906,False,0,/mnt/chenpeijian/autodrive/StreetWorld/lead/3rd_party/navsim_workspace/dataset/maps does not exist!
810b73ca95975db9,False,0,/mnt/chenpeijian/autodrive/StreetWorld/lead/3rd_party/navsim_workspace/dataset/maps does not exist!
812d49975bf357fc,False,0,/mnt/chenpeijian/autodrive/StreetWorld/lead/3rd_party/navsim_workspace/dataset/maps does not exist!
815153cb27f95a7c,False,0,/mnt/chenpeijian/autodrive/StreetWorld/lead/3rd_party/navsim_workspace/dataset/maps does not exist!
8179a26d74615228,False,0,/mnt/chenpeijian/autodrive/StreetWorld/lead/3rd_party/navsim_workspace/dataset/maps does not exist!
81b16700f22d5688,False,0,/mnt/chenpeijian/autodrive/StreetWorld/lead/3rd_party/navsim_workspace/dataset/maps does not exist!
81e5ddc060675e0b,False,0,/mnt/chenpeijian/autodrive/StreetWorld/lead/3rd_party/navsim_workspace/dataset/maps does not exist!
8220631d2c6a52f4,False,0,/mnt/chenpeijian/autodrive/StreetWorld/lead/3rd_party/navsim_workspace/dataset/maps does not exist!
823f87e2960853d9,False,0,/mnt/chenpeijian/autodrive/StreetWorld/lead/3rd_party/navsim_workspace/dataset/maps does not exist!
826112ca75e750af,False,0,/mnt/chenpeijian/autodrive/StreetWorld/lead/3rd_party/navsim_workspace/dataset/maps does not exist!
82b3e6e3bfa15ecf,False,0,/mnt/chenpeijian/autodrive/StreetWorld/lead/3rd_party/navsim_workspace/dataset/maps does not exist!
82c9641923725260,False,0,/mnt/chenpeijian/autodrive/StreetWorld/lead/3rd_party/navsim_workspace/dataset/maps does not exist!
82fd7dab2b6b5101,False,0,/mnt/chenpeijian/autodrive/StreetWorld/lead/3rd_party/navsim_workspace/dataset/maps does not exist!
833189ada8fa5ba2,False,0,/mnt/chenpeijian/autodrive/StreetWorld/lead/3rd_party/navsim_workspace/dataset/maps does not exist!
8362f66ef1aa51b1,False,0,/mnt/chenpeijian/autodrive/StreetWorld/lead/3rd_party/navsim_workspace/dataset/maps does not exist!
8390620a5e745bfa,False,0,/mnt/chenpeijian/autodrive/StreetWorld/lead/3rd_party/navsim_workspace/dataset/maps does not exist!
83b935eff1815935,False,0,/mnt/chenpeijian/autodrive/StreetWorld/lead/3rd_party/navsim_workspace/dataset/maps does not exist!
83d9a73b7a3650c7,False,0,/mnt/chenpeijian/autodrive/StreetWorld/lead/3rd_party/navsim_workspace/dataset/maps does not exist!
83f2ecc101925a5d,False,0,/mnt/chenpeijian/autodrive/StreetWorld/lead/3rd_party/navsim_workspace/dataset/maps does not exist!
842c341a579a525e,False,0,/mnt/chenpeijian/autodrive/StreetWorld/lead/3rd_party/navsim_workspace/dataset/maps does not exist!
844da9644e225af5,False,0,/mnt/chenpeijian/autodrive/StreetWorld/lead/3rd_party/navsim_workspace/dataset/maps does not exist!
84876bb274165ade,False,0,/mnt/chenpeijian/autodrive/StreetWorld/lead/3rd_party/navsim_workspace/dataset/maps does not exist!
84b38cdaa93e5dcd,False,0,/mnt/chenpeijian/autodrive/StreetWorld/lead/3rd_party/navsim_workspace/dataset/maps does not exist!
85005d733df9577f,False,0,/mnt/chenpeijian/autodrive/StreetWorld/lead/3rd_party/navsim_workspace/dataset/maps does not exist!
852255373f315fb6,False,0,/mnt/chenpeijian/autodrive/StreetWorld/lead/3rd_party/navsim_workspace/dataset/maps does not exist!
85649e978e60550d,False,0,/mnt/chenpeijian/autodrive/StreetWorld/lead/3rd_party/navsim_workspace/dataset/maps does not exist!
859dea9ce9215b47,False,0,/mnt/chenpeijian/autodrive/StreetWorld/lead/3rd_party/navsim_workspace/dataset/maps does not exist!
85c5f81a8dec5628,False,0,/mnt/chenpeijian/autodrive/StreetWorld/lead/3rd_party/navsim_workspace/dataset/maps does not exist!
8611c130815150a7,False,0,/mnt/chenpeijian/autodrive/StreetWorld/lead/3rd_party/navsim_workspace/dataset/maps does not exist!
862e27b57f9d50ac,False,0,/mnt/chenpeijian/autodrive/StreetWorld/lead/3rd_party/navsim_workspace/dataset/maps does not exist!
8651cc01649b5d5b,False,0,/mnt/chenpeijian/autodrive/StreetWorld/lead/3rd_party/navsim_workspace/dataset/maps does not exist!
866fab78f1da518b,False,0,/mnt/chenpeijian/autodrive/StreetWorld/lead/3rd_party/navsim_workspace/dataset/maps does not exist!
869ee63671f65126,False,0,/mnt/chenpeijian/autodrive/StreetWorld/lead/3rd_party/navsim_workspace/dataset/maps does not exist!
86d5685d21d15ee9,False,0,/mnt/chenpeijian/autodrive/StreetWorld/lead/3rd_party/navsim_workspace/dataset/maps does not exist!
86ecfd85bd095b7f,False,0,/mnt/chenpeijian/autodrive/StreetWorld/lead/3rd_party/navsim_workspace/dataset/maps does not exist!
87100d8379c158cc,False,0,/mnt/chenpeijian/autodrive/StreetWorld/lead/3rd_party/navsim_workspace/dataset/maps does not exist!
87339a4d32305504,False,0,/mnt/chenpeijian/autodrive/StreetWorld/lead/3rd_party/navsim_workspace/dataset/maps does not exist!
8777c80c80ad53e8,False,0,/mnt/chenpeijian/autodrive/StreetWorld/lead/3rd_party/navsim_workspace/dataset/maps does not exist!
8794578fbb0e57f4,False,0,/mnt/chenpeijian/autodrive/StreetWorld/lead/3rd_party/navsim_workspace/dataset/maps does not exist!
87a70998eed25e32,False,0,/mnt/chenpeijian/autodrive/StreetWorld/lead/3rd_party/navsim_workspace/dataset/maps does not exist!
87bf38cb3c39548d,False,0,/mnt/chenpeijian/autodrive/StreetWorld/lead/3rd_party/navsim_workspace/dataset/maps does not exist!
87df22d07dcb567c,False,0,/mnt/chenpeijian/autodrive/StreetWorld/lead/3rd_party/navsim_workspace/dataset/maps does not exist!
8835adb14ec55b7c,False,0,/mnt/chenpeijian/autodrive/StreetWorld/lead/3rd_party/navsim_workspace/dataset/maps does not exist!
885aa5c90eb9554c,False,0,/mnt/chenpeijian/autodrive/StreetWorld/lead/3rd_party/navsim_workspace/dataset/maps does not exist!
88862af321ce5c8f,False,0,/mnt/chenpeijian/autodrive/StreetWorld/lead/3rd_party/navsim_workspace/dataset/maps does not exist!
88b49de4eea35896,False,0,/mnt/chenpeijian/autodrive/StreetWorld/lead/3rd_party/navsim_workspace/dataset/maps does not exist!
88fb8b083a2d56c7,False,0,/mnt/chenpeijian/autodrive/StreetWorld/lead/3rd_party/navsim_workspace/dataset/maps does not exist!
8959015fc1fe5791,False,0,/mnt/chenpeijian/autodrive/StreetWorld/lead/3rd_party/navsim_workspace/dataset/maps does not exist!
89ab22734ce45927,False,0,/mnt/chenpeijian/autodrive/StreetWorld/lead/3rd_party/navsim_workspace/dataset/maps does not exist!
8a02c25b58bb5a2b,False,0,/mnt/chenpeijian/autodrive/StreetWorld/lead/3rd_party/navsim_workspace/dataset/maps does not exist!
8a46ac0d50d4505e,False,0,/mnt/chenpeijian/autodrive/StreetWorld/lead/3rd_party/navsim_workspace/dataset/maps does not exist!
8a6fbabba3745db9,False,0,/mnt/chenpeijian/autodrive/StreetWorld/lead/3rd_party/navsim_workspace/dataset/maps does not exist!
8a92561fdd0750ad,False,0,/mnt/chenpeijian/autodrive/StreetWorld/lead/3rd_party/navsim_workspace/dataset/maps does not exist!
8abc81ff3045543b,False,0,/mnt/chenpeijian/autodrive/StreetWorld/lead/3rd_party/navsim_workspace/dataset/maps does not exist!
8b1aea091a6f5a16,False,0,/mnt/chenpeijian/autodrive/StreetWorld/lead/3rd_party/navsim_workspace/dataset/maps does not exist!
8b3423345f3657b0,False,0,/mnt/chenpeijian/autodrive/StreetWorld/lead/3rd_party/navsim_workspace/dataset/maps does not exist!
8b5e10656ccb5269,False,0,/mnt/chenpeijian/autodrive/StreetWorld/lead/3rd_party/navsim_workspace/dataset/maps does not exist!
8b83388ca9005cf1,False,0,/mnt/chenpeijian/autodrive/StreetWorld/lead/3rd_party/navsim_workspace/dataset/maps does not exist!
8ba3e54303a352c8,False,0,/mnt/chenpeijian/autodrive/StreetWorld/lead/3rd_party/navsim_workspace/dataset/maps does not exist!
8be468b729aa5f1e,False,0,/mnt/chenpeijian/autodrive/StreetWorld/lead/3rd_party/navsim_workspace/dataset/maps does not exist!
8c1e2438ad5f514a,False,0,/mnt/chenpeijian/autodrive/StreetWorld/lead/3rd_party/navsim_workspace/dataset/maps does not exist!
8c554c3017d05e9b,False,0,/mnt/chenpeijian/autodrive/StreetWorld/lead/3rd_party/navsim_workspace/dataset/maps does not exist!
8c7db74b9aef5a9e,False,0,/mnt/chenpeijian/autodrive/StreetWorld/lead/3rd_party/navsim_workspace/dataset/maps does not exist!
8c9f50cc72685ca7,False,0,/mnt/chenpeijian/autodrive/StreetWorld/lead/3rd_party/navsim_workspace/dataset/maps does not exist!
8cbe3bf8cf9c5718,False,0,/mnt/chenpeijian/autodrive/StreetWorld/lead/3rd_party/navsim_workspace/dataset/maps does not exist!
8cec7d21f7dc540b,False,0,/mnt/chenpeijian/autodrive/StreetWorld/lead/3rd_party/navsim_workspace/dataset/maps does not exist!
8d0a07b3cb955714,False,0,/mnt/chenpeijian/autodrive/StreetWorld/lead/3rd_party/navsim_workspace/dataset/maps does not exist!
8d3ac506e17050ba,False,0,/mnt/chenpeijian/autodrive/StreetWorld/lead/3rd_party/navsim_workspace/dataset/maps does not exist!
8d64d2c9f19c57c5,False,0,/mnt/chenpeijian/autodrive/StreetWorld/lead/3rd_party/navsim_workspace/dataset/maps does not exist!
8d9d0d3caa9b5905,False,0,/mnt/chenpeijian/autodrive/StreetWorld/lead/3rd_party/navsim_workspace/dataset/maps does not exist!
8dc7d00ce175549d,False,0,/mnt/chenpeijian/autodrive/StreetWorld/lead/3rd_party/navsim_workspace/dataset/maps does not exist!
8dee25a9bcb35544,False,0,/mnt/chenpeijian/autodrive/StreetWorld/lead/3rd_party/navsim_workspace/dataset/maps does not exist!
8e274784672a514b,False,0,/mnt/chenpeijian/autodrive/StreetWorld/lead/3rd_party/navsim_workspace/dataset/maps does not exist!
8e785a7a6df95636,False,0,/mnt/chenpeijian/autodrive/StreetWorld/lead/3rd_party/navsim_workspace/dataset/maps does not exist!
8e9d920cd8595185,False,0,/mnt/chenpeijian/autodrive/StreetWorld/lead/3rd_party/navsim_workspace/dataset/maps does not exist!
8ed81a3cabde5dcf,False,0,/mnt/chenpeijian/autodrive/StreetWorld/lead/3rd_party/navsim_workspace/dataset/maps does not exist!
8f41958d23a65c48,False,0,/mnt/chenpeijian/autodrive/StreetWorld/lead/3rd_party/navsim_workspace/dataset/maps does not exist!
8f741adb793f51c9,False,0,/mnt/chenpeijian/autodrive/StreetWorld/lead/3rd_party/navsim_workspace/dataset/maps does not exist!
8fa565e2239853e3,False,0,/mnt/chenpeijian/autodrive/StreetWorld/lead/3rd_party/navsim_workspace/dataset/maps does not exist!
8fe49f5c68d65801,False,0,/mnt/chenpeijian/autodrive/StreetWorld/lead/3rd_party/navsim_workspace/dataset/maps does not exist!
8ff8246f69f75f6a,False,0,/mnt/chenpeijian/autodrive/StreetWorld/lead/3rd_party/navsim_workspace/dataset/maps does not exist!
9021c431095f520f,False,0,/mnt/chenpeijian/autodrive/StreetWorld/lead/3rd_party/navsim_workspace/dataset/maps does not exist!
906d7e590245576a,False,0,/mnt/chenpeijian/autodrive/StreetWorld/lead/3rd_party/navsim_workspace/dataset/maps does not exist!
90b8f3760e535ef6,False,0,/mnt/chenpeijian/autodrive/StreetWorld/lead/3rd_party/navsim_workspace/dataset/maps does not exist!
9100530861d851b0,False,0,/mnt/chenpeijian/autodrive/StreetWorld/lead/3rd_party/navsim_workspace/dataset/maps does not exist!
912bc19c43a15d8d,False,0,/mnt/chenpeijian/autodrive/StreetWorld/lead/3rd_party/navsim_workspace/dataset/maps does not exist!
91496ec9ca5f5d5f,False,0,/mnt/chenpeijian/autodrive/StreetWorld/lead/3rd_party/navsim_workspace/dataset/maps does not exist!
9195f25b12bd56d9,False,0,/mnt/chenpeijian/autodrive/StreetWorld/lead/3rd_party/navsim_workspace/dataset/maps does not exist!
91c479d90ccb521a,False,0,/mnt/chenpeijian/autodrive/StreetWorld/lead/3rd_party/navsim_workspace/dataset/maps does not exist!
91fc00df56ae5aca,False,0,/mnt/chenpeijian/autodrive/StreetWorld/lead/3rd_party/navsim_workspace/dataset/maps does not exist!
92389245b55d579b,False,0,/mnt/chenpeijian/autodrive/StreetWorld/lead/3rd_party/navsim_workspace/dataset/maps does not exist!
926d8c9ced715a42,False,0,/mnt/chenpeijian/autodrive/StreetWorld/lead/3rd_party/navsim_workspace/dataset/maps does not exist!
92aea46cab86531b,False,0,/mnt/chenpeijian/autodrive/StreetWorld/lead/3rd_party/navsim_workspace/dataset/maps does not exist!
92d2f07fc6075f5d,False,0,/mnt/chenpeijian/autodrive/StreetWorld/lead/3rd_party/navsim_workspace/dataset/maps does not exist!
92fe6ff13c005ee3,False,0,/mnt/chenpeijian/autodrive/StreetWorld/lead/3rd_party/navsim_workspace/dataset/maps does not exist!
931c9ec2bfa55d47,False,0,/mnt/chenpeijian/autodrive/StreetWorld/lead/3rd_party/navsim_workspace/dataset/maps does not exist!
9334f5a33c07587a,False,0,/mnt/chenpeijian/autodrive/StreetWorld/lead/3rd_party/navsim_workspace/dataset/maps does not exist!
9369b11c1f5857e8,False,0,/mnt/chenpeijian/autodrive/StreetWorld/lead/3rd_party/navsim_workspace/dataset/maps does not exist!
938ceea80dd85b62,False,0,/mnt/chenpeijian/autodrive/StreetWorld/lead/3rd_party/navsim_workspace/dataset/maps does not exist!
93b93c0235375b93,False,0,/mnt/chenpeijian/autodrive/StreetWorld/lead/3rd_party/navsim_workspace/dataset/maps does not exist!
93d5e0dd29bc5e7c,False,0,/mnt/chenpeijian/autodrive/StreetWorld/lead/3rd_party/navsim_workspace/dataset/maps does not exist!
940becbbb9d05594,False,0,/mnt/chenpeijian/autodrive/StreetWorld/lead/3rd_party/navsim_workspace/dataset/maps does not exist!
944eece37ff15fa1,False,0,/mnt/chenpeijian/autodrive/StreetWorld/lead/3rd_party/navsim_workspace/dataset/maps does not exist!
94689128d3bb5ac8,False,0,/mnt/chenpeijian/autodrive/StreetWorld/lead/3rd_party/navsim_workspace/dataset/maps does not exist!
94817f3d96fe5072,False,0,/mnt/chenpeijian/autodrive/StreetWorld/lead/3rd_party/navsim_workspace/dataset/maps does not exist!
948e6a45c7cd5837,False,0,/mnt/chenpeijian/autodrive/StreetWorld/lead/3rd_party/navsim_workspace/dataset/maps does not exist!
94c7ef641e1c5dd7,False,0,/mnt/chenpeijian/autodrive/StreetWorld/lead/3rd_party/navsim_workspace/dataset/maps does not exist!
94f5959417f75349,False,0,/mnt/chenpeijian/autodrive/StreetWorld/lead/3rd_party/navsim_workspace/dataset/maps does not exist!
953aea8a2a085404,False,0,/mnt/chenpeijian/autodrive/StreetWorld/lead/3rd_party/navsim_workspace/dataset/maps does not exist!
95612e81595b568f,False,0,/mnt/chenpeijian/autodrive/StreetWorld/lead/3rd_party/navsim_workspace/dataset/maps does not exist!
959a7f2070f551e9,False,0,/mnt/chenpeijian/autodrive/StreetWorld/lead/3rd_party/navsim_workspace/dataset/maps does not exist!
95d9b54f00325665,False,0,/mnt/chenpeijian/autodrive/StreetWorld/lead/3rd_party/navsim_workspace/dataset/maps does not exist!
961138ed0ca9525b,False,0,/mnt/chenpeijian/autodrive/StreetWorld/lead/3rd_party/navsim_workspace/dataset/maps does not exist!
963d98eaf75259f6,False,0,/mnt/chenpeijian/autodrive/StreetWorld/lead/3rd_party/navsim_workspace/dataset/maps does not exist!
966e42e47cc85a5c,False,0,/mnt/chenpeijian/autodrive/StreetWorld/lead/3rd_party/navsim_workspace/dataset/maps does not exist!
9696c1f82bc05ffc,False,0,/mnt/chenpeijian/autodrive/StreetWorld/lead/3rd_party/navsim_workspace/dataset/maps does not exist!
96bc4f4e46f752f4,False,0,/mnt/chenpeijian/autodrive/StreetWorld/lead/3rd_party/navsim_workspace/dataset/maps does not exist!
96eed7e55d4c5f8b,False,0,/mnt/chenpeijian/autodrive/StreetWorld/lead/3rd_party/navsim_workspace/dataset/maps does not exist!
971d199e8b9b5e71,False,0,/mnt/chenpeijian/autodrive/StreetWorld/lead/3rd_party/navsim_workspace/dataset/maps does not exist!
974d5c00402f55aa,False,0,/mnt/chenpeijian/autodrive/StreetWorld/lead/3rd_party/navsim_workspace/dataset/maps does not exist!
9790b7cbcd1a5203,False,0,/mnt/chenpeijian/autodrive/StreetWorld/lead/3rd_party/navsim_workspace/dataset/maps does not exist!
97c8e9ca10ba5a69,False,0,/mnt/chenpeijian/autodrive/StreetWorld/lead/3rd_party/navsim_workspace/dataset/maps does not exist!
98045d12586d50b6,False,0,/mnt/chenpeijian/autodrive/StreetWorld/lead/3rd_party/navsim_workspace/dataset/maps does not exist!
9839a7913075581e,False,0,/mnt/chenpeijian/autodrive/StreetWorld/lead/3rd_party/navsim_workspace/dataset/maps does not exist!
98527843384f5f43,False,0,/mnt/chenpeijian/autodrive/StreetWorld/lead/3rd_party/navsim_workspace/dataset/maps does not exist!
9873c047e9155996,False,0,/mnt/chenpeijian/autodrive/StreetWorld/lead/3rd_party/navsim_workspace/dataset/maps does not exist!
98a1233e3db75a8a,False,0,/mnt/chenpeijian/autodrive/StreetWorld/lead/3rd_party/navsim_workspace/dataset/maps does not exist!
98e3abe2a38c5156,False,0,/mnt/chenpeijian/autodrive/StreetWorld/lead/3rd_party/navsim_workspace/dataset/maps does not exist!
993d17cce2685b9a,False,0,/mnt/chenpeijian/autodrive/StreetWorld/lead/3rd_party/navsim_workspace/dataset/maps does not exist!
9972c06c954b5770,False,0,/mnt/chenpeijian/autodrive/StreetWorld/lead/3rd_party/navsim_workspace/dataset/maps does not exist!
99b52fa162c550d4,False,0,/mnt/chenpeijian/autodrive/StreetWorld/lead/3rd_party/navsim_workspace/dataset/maps does not exist!
9a15d775514e5018,False,0,/mnt/chenpeijian/autodrive/StreetWorld/lead/3rd_party/navsim_workspace/dataset/maps does not exist!
9a2c4c75f3785517,False,0,/mnt/chenpeijian/autodrive/StreetWorld/lead/3rd_party/navsim_workspace/dataset/maps does not exist!
9a594a58c8125976,False,0,/mnt/chenpeijian/autodrive/StreetWorld/lead/3rd_party/navsim_workspace/dataset/maps does not exist!
9a94341d994d5ec9,False,0,/mnt/chenpeijian/autodrive/StreetWorld/lead/3rd_party/navsim_workspace/dataset/maps does not exist!
9ad434ec99685d35,False,0,/mnt/chenpeijian/autodrive/StreetWorld/lead/3rd_party/navsim_workspace/dataset/maps does not exist!
9b20027801905b4c,False,0,/mnt/chenpeijian/autodrive/StreetWorld/lead/3rd_party/navsim_workspace/dataset/maps does not exist!
9b58f5bd4e995a93,False,0,/mnt/chenpeijian/autodrive/StreetWorld/lead/3rd_party/navsim_workspace/dataset/maps does not exist!
9b88dfaff2615c83,False,0,/mnt/chenpeijian/autodrive/StreetWorld/lead/3rd_party/navsim_workspace/dataset/maps does not exist!
9bb20085732d5f8d,False,0,/mnt/chenpeijian/autodrive/StreetWorld/lead/3rd_party/navsim_workspace/dataset/maps does not exist!
9bd57127fa3b5d8d,False,0,/mnt/chenpeijian/autodrive/StreetWorld/lead/3rd_party/navsim_workspace/dataset/maps does not exist!
9bfae11fe1af5b67,False,0,/mnt/chenpeijian/autodrive/StreetWorld/lead/3rd_party/navsim_workspace/dataset/maps does not exist!
9c1f46770f2655b1,False,0,/mnt/chenpeijian/autodrive/StreetWorld/lead/3rd_party/navsim_workspace/dataset/maps does not exist!
9c5d0ef404c65196,False,0,/mnt/chenpeijian/autodrive/StreetWorld/lead/3rd_party/navsim_workspace/dataset/maps does not exist!
9c9b62965da75764,False,0,/mnt/chenpeijian/autodrive/StreetWorld/lead/3rd_party/navsim_workspace/dataset/maps does not exist!
9cdaa8f652bf5a27,False,0,/mnt/chenpeijian/autodrive/StreetWorld/lead/3rd_party/navsim_workspace/dataset/maps does not exist!
9d1d720d0e2e511e,False,0,/mnt/chenpeijian/autodrive/StreetWorld/lead/3rd_party/navsim_workspace/dataset/maps does not exist!
9d6eac20a6fb5cd9,False,0,/mnt/chenpeijian/autodrive/StreetWorld/lead/3rd_party/navsim_workspace/dataset/maps does not exist!
9d9aced6d8da5f28,False,0,/mnt/chenpeijian/autodrive/StreetWorld/lead/3rd_party/navsim_workspace/dataset/maps does not exist!
9ddee0363c1f530a,False,0,/mnt/chenpeijian/autodrive/StreetWorld/lead/3rd_party/navsim_workspace/dataset/maps does not exist!
9e10e31698a650a1,False,0,/mnt/chenpeijian/autodrive/StreetWorld/lead/3rd_party/navsim_workspace/dataset/maps does not exist!
9e28afceaa155cf4,False,0,/mnt/chenpeijian/autodrive/StreetWorld/lead/3rd_party/navsim_workspace/dataset/maps does not exist!
9e76720cbd565595,False,0,/mnt/chenpeijian/autodrive/StreetWorld/lead/3rd_party/navsim_workspace/dataset/maps does not exist!
9e970e2a22da585c,False,0,/mnt/chenpeijian/autodrive/StreetWorld/lead/3rd_party/navsim_workspace/dataset/maps does not exist!
9ebf7c0f1b4f5f39,False,0,/mnt/chenpeijian/autodrive/StreetWorld/lead/3rd_party/navsim_workspace/dataset/maps does not exist!
9efa05c9731a51d8,False,0,/mnt/chenpeijian/autodrive/StreetWorld/lead/3rd_party/navsim_workspace/dataset/maps does not exist!
9f3b77fe8cd3541c,False,0,/mnt/chenpeijian/autodrive/StreetWorld/lead/3rd_party/navsim_workspace/dataset/maps does not exist!
9f841033bc335965,False,0,/mnt/chenpeijian/autodrive/StreetWorld/lead/3rd_party/navsim_workspace/dataset/maps does not exist!
9fc116e61c8e50e8,False,0,/mnt/chenpeijian/autodrive/StreetWorld/lead/3rd_party/navsim_workspace/dataset/maps does not exist!
9ffd8ba0c7f75398,False,0,/mnt/chenpeijian/autodrive/StreetWorld/lead/3rd_party/navsim_workspace/dataset/maps does not exist!
a03faf9254a55468,False,0,/mnt/chenpeijian/autodrive/StreetWorld/lead/3rd_party/navsim_workspace/dataset/maps does not exist!
a067e1b873c8534d,False,0,/mnt/chenpeijian/autodrive/StreetWorld/lead/3rd_party/navsim_workspace/dataset/maps does not exist!
a0801105ad8b5ad3,False,0,/mnt/chenpeijian/autodrive/StreetWorld/lead/3rd_party/navsim_workspace/dataset/maps does not exist!
a0b67d1ac0c35d26,False,0,/mnt/chenpeijian/autodrive/StreetWorld/lead/3rd_party/navsim_workspace/dataset/maps does not exist!
a0eb6fa78dc2558f,False,0,/mnt/chenpeijian/autodrive/StreetWorld/lead/3rd_party/navsim_workspace/dataset/maps does not exist!
a13d45e804265392,False,0,/mnt/chenpeijian/autodrive/StreetWorld/lead/3rd_party/navsim_workspace/dataset/maps does not exist!
a164681774715cea,False,0,/mnt/chenpeijian/autodrive/StreetWorld/lead/3rd_party/navsim_workspace/dataset/maps does not exist!
a1adc0fae78f5a3f,False,0,/mnt/chenpeijian/autodrive/StreetWorld/lead/3rd_party/navsim_workspace/dataset/maps does not exist!
a1eab14904fc5807,False,0,/mnt/chenpeijian/autodrive/StreetWorld/lead/3rd_party/navsim_workspace/dataset/maps does not exist!
a227effbc53d5fda,False,0,/mnt/chenpeijian/autodrive/StreetWorld/lead/3rd_party/navsim_workspace/dataset/maps does not exist!
a25c025ea58d5409,False,0,/mnt/chenpeijian/autodrive/StreetWorld/lead/3rd_party/navsim_workspace/dataset/maps does not exist!
a294ae1045875e02,False,0,/mnt/chenpeijian/autodrive/StreetWorld/lead/3rd_party/navsim_workspace/dataset/maps does not exist!
a2d180a344d15054,False,0,/mnt/chenpeijian/autodrive/StreetWorld/lead/3rd_party/navsim_workspace/dataset/maps does not exist!
a312f24a197d530c,False,0,/mnt/chenpeijian/autodrive/StreetWorld/lead/3rd_party/navsim_workspace/dataset/maps does not exist!
a36cdc9ebe595113,False,0,/mnt/chenpeijian/autodrive/StreetWorld/lead/3rd_party/navsim_workspace/dataset/maps does not exist!
a38cf6735cfc5f54,False,0,/mnt/chenpeijian/autodrive/StreetWorld/lead/3rd_party/navsim_workspace/dataset/maps does not exist!
a3b663577f605feb,False,0,/mnt/chenpeijian/autodrive/StreetWorld/lead/3rd_party/navsim_workspace/dataset/maps does not exist!
a3f82403e6945aa7,False,0,/mnt/chenpeijian/autodrive/StreetWorld/lead/3rd_party/navsim_workspace/dataset/maps does not exist!
a425dd8a1b5552db,False,0,/mnt/chenpeijian/autodrive/StreetWorld/lead/3rd_party/navsim_workspace/dataset/maps does not exist!
a454e18ca33d5cb7,False,0,/mnt/chenpeijian/autodrive/StreetWorld/lead/3rd_party/navsim_workspace/dataset/maps does not exist!
a4ba9521736a59f9,False,0,/mnt/chenpeijian/autodrive/StreetWorld/lead/3rd_party/navsim_workspace/dataset/maps does not exist!
a4fb656f624e5458,False,0,/mnt/chenpeijian/autodrive/StreetWorld/lead/3rd_party/navsim_workspace/dataset/maps does not exist!
a55fa060a119508b,False,0,/mnt/chenpeijian/autodrive/StreetWorld/lead/3rd_party/navsim_workspace/dataset/maps does not exist!
a59aff81f75759ff,False,0,/mnt/chenpeijian/autodrive/StreetWorld/lead/3rd_party/navsim_workspace/dataset/maps does not exist!
a5c89cf130d858a4,False,0,/mnt/chenpeijian/autodrive/StreetWorld/lead/3rd_party/navsim_workspace/dataset/maps does not exist!
a5ee1632a31556a1,False,0,/mnt/chenpeijian/autodrive/StreetWorld/lead/3rd_party/navsim_workspace/dataset/maps does not exist!
a616a9583c735698,False,0,/mnt/chenpeijian/autodrive/StreetWorld/lead/3rd_party/navsim_workspace/dataset/maps does not exist!
a622ff338b425c28,False,0,/mnt/chenpeijian/autodrive/StreetWorld/lead/3rd_party/navsim_workspace/dataset/maps does not exist!
a66477a84cc05f05,False,0,/mnt/chenpeijian/autodrive/StreetWorld/lead/3rd_party/navsim_workspace/dataset/maps does not exist!
a689d4a215245104,False,0,/mnt/chenpeijian/autodrive/StreetWorld/lead/3rd_party/navsim_workspace/dataset/maps does not exist!
a6c229d05cdb5016,False,0,/mnt/chenpeijian/autodrive/StreetWorld/lead/3rd_party/navsim_workspace/dataset/maps does not exist!
a70f950103b558b9,False,0,/mnt/chenpeijian/autodrive/StreetWorld/lead/3rd_party/navsim_workspace/dataset/maps does not exist!
a75e220cee925c10,False,0,/mnt/chenpeijian/autodrive/StreetWorld/lead/3rd_party/navsim_workspace/dataset/maps does not exist!
a786025ec8ab5a6b,False,0,/mnt/chenpeijian/autodrive/StreetWorld/lead/3rd_party/navsim_workspace/dataset/maps does not exist!
a7ce8d99f16150ac,False,0,/mnt/chenpeijian/autodrive/StreetWorld/lead/3rd_party/navsim_workspace/dataset/maps does not exist!
a7fa674076175448,False,0,/mnt/chenpeijian/autodrive/StreetWorld/lead/3rd_party/navsim_workspace/dataset/maps does not exist!
a82f1c8ad27d53cc,False,0,/mnt/chenpeijian/autodrive/StreetWorld/lead/3rd_party/navsim_workspace/dataset/maps does not exist!
a862b4e7cbc05869,False,0,/mnt/chenpeijian/autodrive/StreetWorld/lead/3rd_party/navsim_workspace/dataset/maps does not exist!
a8a72fb28dc6592b,False,0,/mnt/chenpeijian/autodrive/StreetWorld/lead/3rd_party/navsim_workspace/dataset/maps does not exist!
a8d904be723d5ab9,False,0,/mnt/chenpeijian/autodrive/StreetWorld/lead/3rd_party/navsim_workspace/dataset/maps does not exist!
a8fb178e35d25d73,False,0,/mnt/chenpeijian/autodrive/StreetWorld/lead/3rd_party/navsim_workspace/dataset/maps does not exist!
a924eaf3a0c35078,False,0,/mnt/chenpeijian/autodrive/StreetWorld/lead/3rd_party/navsim_workspace/dataset/maps does not exist!
a93fe1ec53155bf7,False,0,/mnt/chenpeijian/autodrive/StreetWorld/lead/3rd_party/navsim_workspace/dataset/maps does not exist!
a988872adfe45a71,False,0,/mnt/chenpeijian/autodrive/StreetWorld/lead/3rd_party/navsim_workspace/dataset/maps does not exist!
a998a0d0131f5208,False,0,/mnt/chenpeijian/autodrive/StreetWorld/lead/3rd_party/navsim_workspace/dataset/maps does not exist!
a9c6cd5519815308,False,0,/mnt/chenpeijian/autodrive/StreetWorld/lead/3rd_party/navsim_workspace/dataset/maps does not exist!
aa072830a2d15d9f,False,0,/mnt/chenpeijian/autodrive/StreetWorld/lead/3rd_party/navsim_workspace/dataset/maps does not exist!
aa34b08bfad85fac,False,0,/mnt/chenpeijian/autodrive/StreetWorld/lead/3rd_party/navsim_workspace/dataset/maps does not exist!
aa74d194063c5d0b,False,0,/mnt/chenpeijian/autodrive/StreetWorld/lead/3rd_party/navsim_workspace/dataset/maps does not exist!
aab1c6b4ac3d57a4,False,0,/mnt/chenpeijian/autodrive/StreetWorld/lead/3rd_party/navsim_workspace/dataset/maps does not exist!
aaf9003e92855b6c,False,0,/mnt/chenpeijian/autodrive/StreetWorld/lead/3rd_party/navsim_workspace/dataset/maps does not exist!
ab120237801f549a,False,0,/mnt/chenpeijian/autodrive/StreetWorld/lead/3rd_party/navsim_workspace/dataset/maps does not exist!
ab4401719a355a62,False,0,/mnt/chenpeijian/autodrive/StreetWorld/lead/3rd_party/navsim_workspace/dataset/maps does not exist!
ab7d0c4a928e5ec9,False,0,/mnt/chenpeijian/autodrive/StreetWorld/lead/3rd_party/navsim_workspace/dataset/maps does not exist!
ab8d6b4c8b20564b,False,0,/mnt/chenpeijian/autodrive/StreetWorld/lead/3rd_party/navsim_workspace/dataset/maps does not exist!
abb5501b10e65b19,False,0,/mnt/chenpeijian/autodrive/StreetWorld/lead/3rd_party/navsim_workspace/dataset/maps does not exist!
abe4fa26de85552d,False,0,/mnt/chenpeijian/autodrive/StreetWorld/lead/3rd_party/navsim_workspace/dataset/maps does not exist!
ac24fb00e61a5da2,False,0,/mnt/chenpeijian/autodrive/StreetWorld/lead/3rd_party/navsim_workspace/dataset/maps does not exist!
ac3411f9c2b8530e,False,0,/mnt/chenpeijian/autodrive/StreetWorld/lead/3rd_party/navsim_workspace/dataset/maps does not exist!
ac55c7f072c6528d,False,0,/mnt/chenpeijian/autodrive/StreetWorld/lead/3rd_party/navsim_workspace/dataset/maps does not exist!
acc47057bb3d556d,False,0,/mnt/chenpeijian/autodrive/StreetWorld/lead/3rd_party/navsim_workspace/dataset/maps does not exist!
ad0beea498f15978,False,0,/mnt/chenpeijian/autodrive/StreetWorld/lead/3rd_party/navsim_workspace/dataset/maps does not exist!
ad3d0b30c78355d4,False,0,/mnt/chenpeijian/autodrive/StreetWorld/lead/3rd_party/navsim_workspace/dataset/maps does not exist!
ad601a0f5b8350dd,False,0,/mnt/chenpeijian/autodrive/StreetWorld/lead/3rd_party/navsim_workspace/dataset/maps does not exist!
ad898232cb525d5f,False,0,/mnt/chenpeijian/autodrive/StreetWorld/lead/3rd_party/navsim_workspace/dataset/maps does not exist!
ada676e1203d5ad7,False,0,/mnt/chenpeijian/autodrive/StreetWorld/lead/3rd_party/navsim_workspace/dataset/maps does not exist!
adfc4abb1c4d50b3,False,0,/mnt/chenpeijian/autodrive/StreetWorld/lead/3rd_party/navsim_workspace/dataset/maps does not exist!
ae07b0ef14e25e47,False,0,/mnt/chenpeijian/autodrive/StreetWorld/lead/3rd_party/navsim_workspace/dataset/maps does not exist!
ae33fa122ac45a10,False,0,/mnt/chenpeijian/autodrive/StreetWorld/lead/3rd_party/navsim_workspace/dataset/maps does not exist!
ae878998fecb50a5,False,0,/mnt/chenpeijian/autodrive/StreetWorld/lead/3rd_party/navsim_workspace/dataset/maps does not exist!
aee5c527d8e85667,False,0,/mnt/chenpeijian/autodrive/StreetWorld/lead/3rd_party/navsim_workspace/dataset/maps does not exist!
af064082155f5dc0,False,0,/mnt/chenpeijian/autodrive/StreetWorld/lead/3rd_party/navsim_workspace/dataset/maps does not exist!
af5ebe3ccf8f50ed,False,0,/mnt/chenpeijian/autodrive/StreetWorld/lead/3rd_party/navsim_workspace/dataset/maps does not exist!
afa37504b1da59bf,False,0,/mnt/chenpeijian/autodrive/StreetWorld/lead/3rd_party/navsim_workspace/dataset/maps does not exist!
afc395b46c2c5d7b,False,0,/mnt/chenpeijian/autodrive/StreetWorld/lead/3rd_party/navsim_workspace/dataset/maps does not exist!
afe83cb6c0ae5f67,False,0,/mnt/chenpeijian/autodrive/StreetWorld/lead/3rd_party/navsim_workspace/dataset/maps does not exist!
b022550645ac5dbf,False,0,/mnt/chenpeijian/autodrive/StreetWorld/lead/3rd_party/navsim_workspace/dataset/maps does not exist!
b04b5637f4e05625,False,0,/mnt/chenpeijian/autodrive/StreetWorld/lead/3rd_party/navsim_workspace/dataset/maps does not exist!
b08965aff8165bec,False,0,/mnt/chenpeijian/autodrive/StreetWorld/lead/3rd_party/navsim_workspace/dataset/maps does not exist!
b0aa550f818f52a0,False,0,/mnt/chenpeijian/autodrive/StreetWorld/lead/3rd_party/navsim_workspace/dataset/maps does not exist!
b0ec3fbe5d07514d,False,0,/mnt/chenpeijian/autodrive/StreetWorld/lead/3rd_party/navsim_workspace/dataset/maps does not exist!
b12faa3892185d8f,False,0,/mnt/chenpeijian/autodrive/StreetWorld/lead/3rd_party/navsim_workspace/dataset/maps does not exist!
b154733410575500,False,0,/mnt/chenpeijian/autodrive/StreetWorld/lead/3rd_party/navsim_workspace/dataset/maps does not exist!
b17e8b3c64295431,False,0,/mnt/chenpeijian/autodrive/StreetWorld/lead/3rd_party/navsim_workspace/dataset/maps does not exist!
b19f226d281e588a,False,0,/mnt/chenpeijian/autodrive/StreetWorld/lead/3rd_party/navsim_workspace/dataset/maps does not exist!
b1c09de2415c5b14,False,0,/mnt/chenpeijian/autodrive/StreetWorld/lead/3rd_party/navsim_workspace/dataset/maps does not exist!
b1f17d9960f35562,False,0,/mnt/chenpeijian/autodrive/StreetWorld/lead/3rd_party/navsim_workspace/dataset/maps does not exist!
b23f49937a48507e,False,0,/mnt/chenpeijian/autodrive/StreetWorld/lead/3rd_party/navsim_workspace/dataset/maps does not exist!
b27e6e6bf91d59be,False,0,/mnt/chenpeijian/autodrive/StreetWorld/lead/3rd_party/navsim_workspace/dataset/maps does not exist!
b2b73ef16f0a5a9f,False,0,/mnt/chenpeijian/autodrive/StreetWorld/lead/3rd_party/navsim_workspace/dataset/maps does not exist!
b2e27f20100b54ba,False,0,/mnt/chenpeijian/autodrive/StreetWorld/lead/3rd_party/navsim_workspace/dataset/maps does not exist!
b2fb8aee62dc5b09,False,0,/mnt/chenpeijian/autodrive/StreetWorld/lead/3rd_party/navsim_workspace/dataset/maps does not exist!
b318cf82212f5443,False,0,/mnt/chenpeijian/autodrive/StreetWorld/lead/3rd_party/navsim_workspace/dataset/maps does not exist!
b36d274e71b3566b,False,0,/mnt/chenpeijian/autodrive/StreetWorld/lead/3rd_party/navsim_workspace/dataset/maps does not exist!
b393ab92c8ac5e77,False,0,/mnt/chenpeijian/autodrive/StreetWorld/lead/3rd_party/navsim_workspace/dataset/maps does not exist!
b3c1a2ac292d5e3f,False,0,/mnt/chenpeijian/autodrive/StreetWorld/lead/3rd_party/navsim_workspace/dataset/maps does not exist!
b4176d2246d452ea,False,0,/mnt/chenpeijian/autodrive/StreetWorld/lead/3rd_party/navsim_workspace/dataset/maps does not exist!
b43de4c16b8d5e99,False,0,/mnt/chenpeijian/autodrive/StreetWorld/lead/3rd_party/navsim_workspace/dataset/maps does not exist!
b4646fcc459d51df,False,0,/mnt/chenpeijian/autodrive/StreetWorld/lead/3rd_party/navsim_workspace/dataset/maps does not exist!
b48c29fc1bd15ca0,False,0,/mnt/chenpeijian/autodrive/StreetWorld/lead/3rd_party/navsim_workspace/dataset/maps does not exist!
b4d19eea031f50ac,False,0,/mnt/chenpeijian/autodrive/StreetWorld/lead/3rd_party/navsim_workspace/dataset/maps does not exist!
b4eb56fcd01857bb,False,0,/mnt/chenpeijian/autodrive/StreetWorld/lead/3rd_party/navsim_workspace/dataset/maps does not exist!
b50b8f11d75a5cb0,False,0,/mnt/chenpeijian/autodrive/StreetWorld/lead/3rd_party/navsim_workspace/dataset/maps does not exist!
b53158c719675897,False,0,/mnt/chenpeijian/autodrive/StreetWorld/lead/3rd_party/navsim_workspace/dataset/maps does not exist!
b56a66ac853c56e9,False,0,/mnt/chenpeijian/autodrive/StreetWorld/lead/3rd_party/navsim_workspace/dataset/maps does not exist!
b5b46d4db32a5d8c,False,0,/mnt/chenpeijian/autodrive/StreetWorld/lead/3rd_party/navsim_workspace/dataset/maps does not exist!
b5ca533bca505ceb,False,0,/mnt/chenpeijian/autodrive/StreetWorld/lead/3rd_party/navsim_workspace/dataset/maps does not exist!
b5efcbfe3c6f5888,False,0,/mnt/chenpeijian/autodrive/StreetWorld/lead/3rd_party/navsim_workspace/dataset/maps does not exist!
b6131f42e3c05ea1,False,0,/mnt/chenpeijian/autodrive/StreetWorld/lead/3rd_party/navsim_workspace/dataset/maps does not exist!
b62d1a9194025d38,False,0,/mnt/chenpeijian/autodrive/StreetWorld/lead/3rd_party/navsim_workspace/dataset/maps does not exist!
b657fb1afb7c54f3,False,0,/mnt/chenpeijian/autodrive/StreetWorld/lead/3rd_party/navsim_workspace/dataset/maps does not exist!
b6765fe7ee17596e,False,0,/mnt/chenpeijian/autodrive/StreetWorld/lead/3rd_party/navsim_workspace/dataset/maps does not exist!
b6a62a2356885962,False,0,/mnt/chenpeijian/autodrive/StreetWorld/lead/3rd_party/navsim_workspace/dataset/maps does not exist!
b7205dc330035bf4,False,0,/mnt/chenpeijian/autodrive/StreetWorld/lead/3rd_party/navsim_workspace/dataset/maps does not exist!
b762ea96cfa75157,False,0,/mnt/chenpeijian/autodrive/StreetWorld/lead/3rd_party/navsim_workspace/dataset/maps does not exist!
b7b0c0f56613553b,False,0,/mnt/chenpeijian/autodrive/StreetWorld/lead/3rd_party/navsim_workspace/dataset/maps does not exist!
b7c6bbad8e3a579b,False,0,/mnt/chenpeijian/autodrive/StreetWorld/lead/3rd_party/navsim_workspace/dataset/maps does not exist!
b7e7604c72e051da,False,0,/mnt/chenpeijian/autodrive/StreetWorld/lead/3rd_party/navsim_workspace/dataset/maps does not exist!
b8104b69b2d9509b,False,0,/mnt/chenpeijian/autodrive/StreetWorld/lead/3rd_party/navsim_workspace/dataset/maps does not exist!
b83ed953a4105ddc,False,0,/mnt/chenpeijian/autodrive/StreetWorld/lead/3rd_party/navsim_workspace/dataset/maps does not exist!
b84c079a32635d34,False,0,/mnt/chenpeijian/autodrive/StreetWorld/lead/3rd_party/navsim_workspace/dataset/maps does not exist!
b868adf3ec2e56a5,False,0,/mnt/chenpeijian/autodrive/StreetWorld/lead/3rd_party/navsim_workspace/dataset/maps does not exist!
b8873bb7c3f35d15,False,0,/mnt/chenpeijian/autodrive/StreetWorld/lead/3rd_party/navsim_workspace/dataset/maps does not exist!
b8b9e355618b58cd,False,0,/mnt/chenpeijian/autodrive/StreetWorld/lead/3rd_party/navsim_workspace/dataset/maps does not exist!
b8d2227c06a351e4,False,0,/mnt/chenpeijian/autodrive/StreetWorld/lead/3rd_party/navsim_workspace/dataset/maps does not exist!
b9148aabf55250e9,False,0,/mnt/chenpeijian/autodrive/StreetWorld/lead/3rd_party/navsim_workspace/dataset/maps does not exist!
b9400f20792f5936,False,0,/mnt/chenpeijian/autodrive/StreetWorld/lead/3rd_party/navsim_workspace/dataset/maps does not exist!
b96dd2fae674571c,False,0,/mnt/chenpeijian/autodrive/StreetWorld/lead/3rd_party/navsim_workspace/dataset/maps does not exist!
b9c124bdb19956b7,False,0,/mnt/chenpeijian/autodrive/StreetWorld/lead/3rd_party/navsim_workspace/dataset/maps does not exist!
b9ef517f054450b7,False,0,/mnt/chenpeijian/autodrive/StreetWorld/lead/3rd_party/navsim_workspace/dataset/maps does not exist!
ba392de83daf5bf3,False,0,/mnt/chenpeijian/autodrive/StreetWorld/lead/3rd_party/navsim_workspace/dataset/maps does not exist!
ba69be06341d5b2b,False,0,/mnt/chenpeijian/autodrive/StreetWorld/lead/3rd_party/navsim_workspace/dataset/maps does not exist!
ba86b1fc40075e26,False,0,/mnt/chenpeijian/autodrive/StreetWorld/lead/3rd_party/navsim_workspace/dataset/maps does not exist!
babd01c3694d5e18,False,0,/mnt/chenpeijian/autodrive/StreetWorld/lead/3rd_party/navsim_workspace/dataset/maps does not exist!
baff37ac37675490,False,0,/mnt/chenpeijian/autodrive/StreetWorld/lead/3rd_party/navsim_workspace/dataset/maps does not exist!
bb3926e0e90c5657,False,0,/mnt/chenpeijian/autodrive/StreetWorld/lead/3rd_party/navsim_workspace/dataset/maps does not exist!
bb74197177cb51b0,False,0,/mnt/chenpeijian/autodrive/StreetWorld/lead/3rd_party/navsim_workspace/dataset/maps does not exist!
bbde51f27b4455c2,False,0,/mnt/chenpeijian/autodrive/StreetWorld/lead/3rd_party/navsim_workspace/dataset/maps does not exist!
bc2532765f5a5262,False,0,/mnt/chenpeijian/autodrive/StreetWorld/lead/3rd_party/navsim_workspace/dataset/maps does not exist!
bc667a4fc0f454d7,False,0,/mnt/chenpeijian/autodrive/StreetWorld/lead/3rd_party/navsim_workspace/dataset/maps does not exist!
bc8d053770cf5449,False,0,/mnt/chenpeijian/autodrive/StreetWorld/lead/3rd_party/navsim_workspace/dataset/maps does not exist!
bc9bc971088c5df6,False,0,/mnt/chenpeijian/autodrive/StreetWorld/lead/3rd_party/navsim_workspace/dataset/maps does not exist!
bcc94c5142785550,False,0,/mnt/chenpeijian/autodrive/StreetWorld/lead/3rd_party/navsim_workspace/dataset/maps does not exist!
bd09fe587b1a59e3,False,0,/mnt/chenpeijian/autodrive/StreetWorld/lead/3rd_party/navsim_workspace/dataset/maps does not exist!
bd377bbe5b695df0,False,0,/mnt/chenpeijian/autodrive/StreetWorld/lead/3rd_party/navsim_workspace/dataset/maps does not exist!
bd646d9caaef57d8,False,0,/mnt/chenpeijian/autodrive/StreetWorld/lead/3rd_party/navsim_workspace/dataset/maps does not exist!
bdad96248e575296,False,0,/mnt/chenpeijian/autodrive/StreetWorld/lead/3rd_party/navsim_workspace/dataset/maps does not exist!
bdef1564d4565c48,False,0,/mnt/chenpeijian/autodrive/StreetWorld/lead/3rd_party/navsim_workspace/dataset/maps does not exist!
be0ac32b1590510e,False,0,/mnt/chenpeijian/autodrive/StreetWorld/lead/3rd_party/navsim_workspace/dataset/maps does not exist!
be33fb4e1b435f1d,False,0,/mnt/chenpeijian/autodrive/StreetWorld/lead/3rd_party/navsim_workspace/dataset/maps does not exist!
be709e9a5d085f75,False,0,/mnt/chenpeijian/autodrive/StreetWorld/lead/3rd_party/navsim_workspace/dataset/maps does not exist!
beb963305ad75bb3,False,0,/mnt/chenpeijian/autodrive/StreetWorld/lead/3rd_party/navsim_workspace/dataset/maps does not exist!
beeb0c78917a528a,False,0,/mnt/chenpeijian/autodrive/StreetWorld/lead/3rd_party/navsim_workspace/dataset/maps does not exist!
bf0441f2960b5e17,False,0,/mnt/chenpeijian/autodrive/StreetWorld/lead/3rd_party/navsim_workspace/dataset/maps does not exist!
bf1fbbbc7f5d5c5d,False,0,/mnt/chenpeijian/autodrive/StreetWorld/lead/3rd_party/navsim_workspace/dataset/maps does not exist!
bf4fdfa51e215217,False,0,/mnt/chenpeijian/autodrive/StreetWorld/lead/3rd_party/navsim_workspace/dataset/maps does not exist!
bf8a9586c59551f2,False,0,/mnt/chenpeijian/autodrive/StreetWorld/lead/3rd_party/navsim_workspace/dataset/maps does not exist!
bfbc82c4f65a5208,False,0,/mnt/chenpeijian/autodrive/StreetWorld/lead/3rd_party/navsim_workspace/dataset/maps does not exist!
bff155acea525206,False,0,/mnt/chenpeijian/autodrive/StreetWorld/lead/3rd_party/navsim_workspace/dataset/maps does not exist!
c04902b5c32056e0,False,0,/mnt/chenpeijian/autodrive/StreetWorld/lead/3rd_party/navsim_workspace/dataset/maps does not exist!
c0649cc8913954cd,False,0,/mnt/chenpeijian/autodrive/StreetWorld/lead/3rd_party/navsim_workspace/dataset/maps does not exist!
c081afa672dc56a2,False,0,/mnt/chenpeijian/autodrive/StreetWorld/lead/3rd_party/navsim_workspace/dataset/maps does not exist!
c0afed32320d53ec,False,0,/mnt/chenpeijian/autodrive/StreetWorld/lead/3rd_party/navsim_workspace/dataset/maps does not exist!
c0e14f1288ca5066,False,0,/mnt/chenpeijian/autodrive/StreetWorld/lead/3rd_party/navsim_workspace/dataset/maps does not exist!
c10c52fd674f5277,False,0,/mnt/chenpeijian/autodrive/StreetWorld/lead/3rd_party/navsim_workspace/dataset/maps does not exist!
c15774bfb6655d18,False,0,/mnt/chenpeijian/autodrive/StreetWorld/lead/3rd_party/navsim_workspace/dataset/maps does not exist!
c1b38e62a97d590d,False,0,/mnt/chenpeijian/autodrive/StreetWorld/lead/3rd_party/navsim_workspace/dataset/maps does not exist!
c1e612a123d059d7,False,0,/mnt/chenpeijian/autodrive/StreetWorld/lead/3rd_party/navsim_workspace/dataset/maps does not exist!
c2072dd6a3f85da0,False,0,/mnt/chenpeijian/autodrive/StreetWorld/lead/3rd_party/navsim_workspace/dataset/maps does not exist!
c236972435215288,False,0,/mnt/chenpeijian/autodrive/StreetWorld/lead/3rd_party/navsim_workspace/dataset/maps does not exist!
c284f9a1803f585f,False,0,/mnt/chenpeijian/autodrive/StreetWorld/lead/3rd_party/navsim_workspace/dataset/maps does not exist!
c2a01dd3d1d45258,False,0,/mnt/chenpeijian/autodrive/StreetWorld/lead/3rd_party/navsim_workspace/dataset/maps does not exist!
c2ebbcddd45457f8,False,0,/mnt/chenpeijian/autodrive/StreetWorld/lead/3rd_party/navsim_workspace/dataset/maps does not exist!
c32ae6a1954651ec,False,0,/mnt/chenpeijian/autodrive/StreetWorld/lead/3rd_party/navsim_workspace/dataset/maps does not exist!
c35e290a671a5084,False,0,/mnt/chenpeijian/autodrive/StreetWorld/lead/3rd_party/navsim_workspace/dataset/maps does not exist!
c3987ea376cb5a69,False,0,/mnt/chenpeijian/autodrive/StreetWorld/lead/3rd_party/navsim_workspace/dataset/maps does not exist!
c3d78ec633fa57be,False,0,/mnt/chenpeijian/autodrive/StreetWorld/lead/3rd_party/navsim_workspace/dataset/maps does not exist!
c418551cd6285092,False,0,/mnt/chenpeijian/autodrive/StreetWorld/lead/3rd_party/navsim_workspace/dataset/maps does not exist!
c45fc2b353c655af,False,0,/mnt/chenpeijian/autodrive/StreetWorld/lead/3rd_party/navsim_workspace/dataset/maps does not exist!
c493172b908c5df9,False,0,/mnt/chenpeijian/autodrive/StreetWorld/lead/3rd_party/navsim_workspace/dataset/maps does not exist!
c4cb19209497505a,False,0,/mnt/chenpeijian/autodrive/StreetWorld/lead/3rd_party/navsim_workspace/dataset/maps does not exist!
c4fd814210875a8e,False,0,/mnt/chenpeijian/autodrive/StreetWorld/lead/3rd_party/navsim_workspace/dataset/maps does not exist!
c52f491ebd5b521a,False,0,/mnt/chenpeijian/autodrive/StreetWorld/lead/3rd_party/navsim_workspace/dataset/maps does not exist!
c543bad7f8ff5eae,False,0,/mnt/chenpeijian/autodrive/StreetWorld/lead/3rd_party/navsim_workspace/dataset/maps does not exist!
c5b4ff1be8bb5113,False,0,/mnt/chenpeijian/autodrive/StreetWorld/lead/3rd_party/navsim_workspace/dataset/maps does not exist!
c5e4f3c361b252c1,False,0,/mnt/chenpeijian/autodrive/StreetWorld/lead/3rd_party/navsim_workspace/dataset/maps does not exist!
c617243cb58658eb,False,0,/mnt/chenpeijian/autodrive/StreetWorld/lead/3rd_party/navsim_workspace/dataset/maps does not exist!
c63b3d251ef85a13,False,0,/mnt/chenpeijian/autodrive/StreetWorld/lead/3rd_party/navsim_workspace/dataset/maps does not exist!
c65cb00fba005ab1,False,0,/mnt/chenpeijian/autodrive/StreetWorld/lead/3rd_party/navsim_workspace/dataset/maps does not exist!
c67995ef5ccc58c6,False,0,/mnt/chenpeijian/autodrive/StreetWorld/lead/3rd_party/navsim_workspace/dataset/maps does not exist!
c6acf71b8b3b560c,False,0,/mnt/chenpeijian/autodrive/StreetWorld/lead/3rd_party/navsim_workspace/dataset/maps does not exist!
c6cef2558e365e85,False,0,/mnt/chenpeijian/autodrive/StreetWorld/lead/3rd_party/navsim_workspace/dataset/maps does not exist!
c70cfaf737215fca,False,0,/mnt/chenpeijian/autodrive/StreetWorld/lead/3rd_party/navsim_workspace/dataset/maps does not exist!
c7440ee97f0b5e75,False,0,/mnt/chenpeijian/autodrive/StreetWorld/lead/3rd_party/navsim_workspace/dataset/maps does not exist!
c77d96b1b7d65d8a,False,0,/mnt/chenpeijian/autodrive/StreetWorld/lead/3rd_party/navsim_workspace/dataset/maps does not exist!
c7c9121707745be3,False,0,/mnt/chenpeijian/autodrive/StreetWorld/lead/3rd_party/navsim_workspace/dataset/maps does not exist!
c7fe7790d2225990,False,0,/mnt/chenpeijian/autodrive/StreetWorld/lead/3rd_party/navsim_workspace/dataset/maps does not exist!
c81fe92ff9c15e8d,False,0,/mnt/chenpeijian/autodrive/StreetWorld/lead/3rd_party/navsim_workspace/dataset/maps does not exist!
c848c9ccc6e55adf,False,0,/mnt/chenpeijian/autodrive/StreetWorld/lead/3rd_party/navsim_workspace/dataset/maps does not exist!
c87fe1d7a3bd57cb,False,0,/mnt/chenpeijian/autodrive/StreetWorld/lead/3rd_party/navsim_workspace/dataset/maps does not exist!
c8dd0a6b741e58b0,False,0,/mnt/chenpeijian/autodrive/StreetWorld/lead/3rd_party/navsim_workspace/dataset/maps does not exist!
c917da347a6e5d6d,False,0,/mnt/chenpeijian/autodrive/StreetWorld/lead/3rd_party/navsim_workspace/dataset/maps does not exist!
c9395d7ca7f75410,False,0,/mnt/chenpeijian/autodrive/StreetWorld/lead/3rd_party/navsim_workspace/dataset/maps does not exist!
c95f17dbae835b51,False,0,/mnt/chenpeijian/autodrive/StreetWorld/lead/3rd_party/navsim_workspace/dataset/maps does not exist!
c96b4de8d3d55287,False,0,/mnt/chenpeijian/autodrive/StreetWorld/lead/3rd_party/navsim_workspace/dataset/maps does not exist!
c9a4d6a0295f5142,False,0,/mnt/chenpeijian/autodrive/StreetWorld/lead/3rd_party/navsim_workspace/dataset/maps does not exist!
c9cf4a630abf5bc7,False,0,/mnt/chenpeijian/autodrive/StreetWorld/lead/3rd_party/navsim_workspace/dataset/maps does not exist!
ca000fa91efb560c,False,0,/mnt/chenpeijian/autodrive/StreetWorld/lead/3rd_party/navsim_workspace/dataset/maps does not exist!
ca4f746c0a4f5396,False,0,/mnt/chenpeijian/autodrive/StreetWorld/lead/3rd_party/navsim_workspace/dataset/maps does not exist!
ca7e845b9c19597c,False,0,/mnt/chenpeijian/autodrive/StreetWorld/lead/3rd_party/navsim_workspace/dataset/maps does not exist!
caaf011808a15c9e,False,0,/mnt/chenpeijian/autodrive/StreetWorld/lead/3rd_party/navsim_workspace/dataset/maps does not exist!
cb02d1e1315a5e67,False,0,/mnt/chenpeijian/autodrive/StreetWorld/lead/3rd_party/navsim_workspace/dataset/maps does not exist!
cb2db72bfca85119,False,0,/mnt/chenpeijian/autodrive/StreetWorld/lead/3rd_party/navsim_workspace/dataset/maps does not exist!
cb71a934523a5d4a,False,0,/mnt/chenpeijian/autodrive/StreetWorld/lead/3rd_party/navsim_workspace/dataset/maps does not exist!
cbbc4cdfaf2e5106,False,0,/mnt/chenpeijian/autodrive/StreetWorld/lead/3rd_party/navsim_workspace/dataset/maps does not exist!
cbd14310b3885779,False,0,/mnt/chenpeijian/autodrive/StreetWorld/lead/3rd_party/navsim_workspace/dataset/maps does not exist!
cc1862b24d0157bb,False,0,/mnt/chenpeijian/autodrive/StreetWorld/lead/3rd_party/navsim_workspace/dataset/maps does not exist!
cc65333a2182508c,False,0,/mnt/chenpeijian/autodrive/StreetWorld/lead/3rd_party/navsim_workspace/dataset/maps does not exist!
cc86bfa114035604,False,0,/mnt/chenpeijian/autodrive/StreetWorld/lead/3rd_party/navsim_workspace/dataset/maps does not exist!
cc9f9924e6f25e64,False,0,/mnt/chenpeijian/autodrive/StreetWorld/lead/3rd_party/navsim_workspace/dataset/maps does not exist!
ccd53fdd1b6e51b8,False,0,/mnt/chenpeijian/autodrive/StreetWorld/lead/3rd_party/navsim_workspace/dataset/maps does not exist!
ccfe1da323ed53a9,False,0,/mnt/chenpeijian/autodrive/StreetWorld/lead/3rd_party/navsim_workspace/dataset/maps does not exist!
cd2e3c6240d55147,False,0,/mnt/chenpeijian/autodrive/StreetWorld/lead/3rd_party/navsim_workspace/dataset/maps does not exist!
cd5c67041095597b,False,0,/mnt/chenpeijian/autodrive/StreetWorld/lead/3rd_party/navsim_workspace/dataset/maps does not exist!
cd7e4f70ce8e539b,False,0,/mnt/chenpeijian/autodrive/StreetWorld/lead/3rd_party/navsim_workspace/dataset/maps does not exist!
cd9d029138325c2c,False,0,/mnt/chenpeijian/autodrive/StreetWorld/lead/3rd_party/navsim_workspace/dataset/maps does not exist!
cdc9d2e591cc552c,False,0,/mnt/chenpeijian/autodrive/StreetWorld/lead/3rd_party/navsim_workspace/dataset/maps does not exist!
cde6be1eb8f85b3c,False,0,/mnt/chenpeijian/autodrive/StreetWorld/lead/3rd_party/navsim_workspace/dataset/maps does not exist!
cdf8b694cdb75ac7,False,0,/mnt/chenpeijian/autodrive/StreetWorld/lead/3rd_party/navsim_workspace/dataset/maps does not exist!
ce27f725951058f3,False,0,/mnt/chenpeijian/autodrive/StreetWorld/lead/3rd_party/navsim_workspace/dataset/maps does not exist!
ce6eb4e00dac5ae3,False,0,/mnt/chenpeijian/autodrive/StreetWorld/lead/3rd_party/navsim_workspace/dataset/maps does not exist!
cea55cd8ec6f5185,False,0,/mnt/chenpeijian/autodrive/StreetWorld/lead/3rd_party/navsim_workspace/dataset/maps does not exist!
cec165c3246d5529,False,0,/mnt/chenpeijian/autodrive/StreetWorld/lead/3rd_party/navsim_workspace/dataset/maps does not exist!
cefc63c820c45c3b,False,0,/mnt/chenpeijian/autodrive/StreetWorld/lead/3rd_party/navsim_workspace/dataset/maps does not exist!
cf1c7170df175256,False,0,/mnt/chenpeijian/autodrive/StreetWorld/lead/3rd_party/navsim_workspace/dataset/maps does not exist!
cf533c1e7f6852e5,False,0,/mnt/chenpeijian/autodrive/StreetWorld/lead/3rd_party/navsim_workspace/dataset/maps does not exist!
cf8f42e252855b82,False,0,/mnt/chenpeijian/autodrive/StreetWorld/lead/3rd_party/navsim_workspace/dataset/maps does not exist!
cfc12b02334c5a15,False,0,/mnt/chenpeijian/autodrive/StreetWorld/lead/3rd_party/navsim_workspace/dataset/maps does not exist!
d01b6e67a995589c,False,0,/mnt/chenpeijian/autodrive/StreetWorld/lead/3rd_party/navsim_workspace/dataset/maps does not exist!
d02fff0452445952,False,0,/mnt/chenpeijian/autodrive/StreetWorld/lead/3rd_party/navsim_workspace/dataset/maps does not exist!
d08756521e64547e,False,0,/mnt/chenpeijian/autodrive/StreetWorld/lead/3rd_party/navsim_workspace/dataset/maps does not exist!
d09bb687e7e15b97,False,0,/mnt/chenpeijian/autodrive/StreetWorld/lead/3rd_party/navsim_workspace/dataset/maps does not exist!
d0d1b5bd3b83551d,False,0,/mnt/chenpeijian/autodrive/StreetWorld/lead/3rd_party/navsim_workspace/dataset/maps does not exist!
d10c269610375646,False,0,/mnt/chenpeijian/autodrive/StreetWorld/lead/3rd_party/navsim_workspace/dataset/maps does not exist!
d1225aaedc8a5d48,False,0,/mnt/chenpeijian/autodrive/StreetWorld/lead/3rd_party/navsim_workspace/dataset/maps does not exist!
d14ccafb937a543a,False,0,/mnt/chenpeijian/autodrive/StreetWorld/lead/3rd_party/navsim_workspace/dataset/maps does not exist!
d1971f367cb85683,False,0,/mnt/chenpeijian/autodrive/StreetWorld/lead/3rd_party/navsim_workspace/dataset/maps does not exist!
d1cf48dea57f5d2a,False,0,/mnt/chenpeijian/autodrive/StreetWorld/lead/3rd_party/navsim_workspace/dataset/maps does not exist!
d1ef1e42fa15573d,False,0,/mnt/chenpeijian/autodrive/StreetWorld/lead/3rd_party/navsim_workspace/dataset/maps does not exist!
d224548a04525f2c,False,0,/mnt/chenpeijian/autodrive/StreetWorld/lead/3rd_party/navsim_workspace/dataset/maps does not exist!
d24a3d77682d55b6,False,0,/mnt/chenpeijian/autodrive/StreetWorld/lead/3rd_party/navsim_workspace/dataset/maps does not exist!
d2937fdb8d605a73,False,0,/mnt/chenpeijian/autodrive/StreetWorld/lead/3rd_party/navsim_workspace/dataset/maps does not exist!
d2c9ae71df055417,False,0,/mnt/chenpeijian/autodrive/StreetWorld/lead/3rd_party/navsim_workspace/dataset/maps does not exist!
d31d38e1a2305147,False,0,/mnt/chenpeijian/autodrive/StreetWorld/lead/3rd_party/navsim_workspace/dataset/maps does not exist!
d3484ba53e775a66,False,0,/mnt/chenpeijian/autodrive/StreetWorld/lead/3rd_party/navsim_workspace/dataset/maps does not exist!
d392c806c0605f72,False,0,/mnt/chenpeijian/autodrive/StreetWorld/lead/3rd_party/navsim_workspace/dataset/maps does not exist!
d3cd01aa67de516f,False,0,/mnt/chenpeijian/autodrive/StreetWorld/lead/3rd_party/navsim_workspace/dataset/maps does not exist!
d4278d63cd605813,False,0,/mnt/chenpeijian/autodrive/StreetWorld/lead/3rd_party/navsim_workspace/dataset/maps does not exist!
d44d886053b15b23,False,0,/mnt/chenpeijian/autodrive/StreetWorld/lead/3rd_party/navsim_workspace/dataset/maps does not exist!
d474e3bc97d253ee,False,0,/mnt/chenpeijian/autodrive/StreetWorld/lead/3rd_party/navsim_workspace/dataset/maps does not exist!
d4bbe6333e6356b5,False,0,/mnt/chenpeijian/autodrive/StreetWorld/lead/3rd_party/navsim_workspace/dataset/maps does not exist!
d5039871a3fb5b04,False,0,/mnt/chenpeijian/autodrive/StreetWorld/lead/3rd_party/navsim_workspace/dataset/maps does not exist!
d5407856a57357ce,False,0,/mnt/chenpeijian/autodrive/StreetWorld/lead/3rd_party/navsim_workspace/dataset/maps does not exist!
d56cc988cfa250c6,False,0,/mnt/chenpeijian/autodrive/StreetWorld/lead/3rd_party/navsim_workspace/dataset/maps does not exist!
d58fe7e3c5575f27,False,0,/mnt/chenpeijian/autodrive/StreetWorld/lead/3rd_party/navsim_workspace/dataset/maps does not exist!
d5eca47b1fc25d20,False,0,/mnt/chenpeijian/autodrive/StreetWorld/lead/3rd_party/navsim_workspace/dataset/maps does not exist!
d6015087928d57e8,False,0,/mnt/chenpeijian/autodrive/StreetWorld/lead/3rd_party/navsim_workspace/dataset/maps does not exist!
d64abcb201245b5a,False,0,/mnt/chenpeijian/autodrive/StreetWorld/lead/3rd_party/navsim_workspace/dataset/maps does not exist!
d66634cbe1b65b95,False,0,/mnt/chenpeijian/autodrive/StreetWorld/lead/3rd_party/navsim_workspace/dataset/maps does not exist!
d68c7a7e02265029,False,0,/mnt/chenpeijian/autodrive/StreetWorld/lead/3rd_party/navsim_workspace/dataset/maps does not exist!
d6a60e406ebc5b01,False,0,/mnt/chenpeijian/autodrive/StreetWorld/lead/3rd_party/navsim_workspace/dataset/maps does not exist!
d6eda165241a53b9,False,0,/mnt/chenpeijian/autodrive/StreetWorld/lead/3rd_party/navsim_workspace/dataset/maps does not exist!
d70f77951917593a,False,0,/mnt/chenpeijian/autodrive/StreetWorld/lead/3rd_party/navsim_workspace/dataset/maps does not exist!
d73cabbfed045bf2,False,0,/mnt/chenpeijian/autodrive/StreetWorld/lead/3rd_party/navsim_workspace/dataset/maps does not exist!
d7708962e5cc554f,False,0,/mnt/chenpeijian/autodrive/StreetWorld/lead/3rd_party/navsim_workspace/dataset/maps does not exist!
d792515ce4b257a4,False,0,/mnt/chenpeijian/autodrive/StreetWorld/lead/3rd_party/navsim_workspace/dataset/maps does not exist!
d7bf550698b55562,False,0,/mnt/chenpeijian/autodrive/StreetWorld/lead/3rd_party/navsim_workspace/dataset/maps does not exist!
d80488b4e04c5e47,False,0,/mnt/chenpeijian/autodrive/StreetWorld/lead/3rd_party/navsim_workspace/dataset/maps does not exist!
d8320bd0be9a50b3,False,0,/mnt/chenpeijian/autodrive/StreetWorld/lead/3rd_party/navsim_workspace/dataset/maps does not exist!
d852a7b32d6c5448,False,0,/mnt/chenpeijian/autodrive/StreetWorld/lead/3rd_party/navsim_workspace/dataset/maps does not exist!
d89a663c15da5ce2,False,0,/mnt/chenpeijian/autodrive/StreetWorld/lead/3rd_party/navsim_workspace/dataset/maps does not exist!
d8c6268b250e585c,False,0,/mnt/chenpeijian/autodrive/StreetWorld/lead/3rd_party/navsim_workspace/dataset/maps does not exist!
d90d4f05ebde5bed,False,0,/mnt/chenpeijian/autodrive/StreetWorld/lead/3rd_party/navsim_workspace/dataset/maps does not exist!
d929120b36a95db5,False,0,/mnt/chenpeijian/autodrive/StreetWorld/lead/3rd_party/navsim_workspace/dataset/maps does not exist!
d9560f4ad686510f,False,0,/mnt/chenpeijian/autodrive/StreetWorld/lead/3rd_party/navsim_workspace/dataset/maps does not exist!
d9953ee7b30f5ac3,False,0,/mnt/chenpeijian/autodrive/StreetWorld/lead/3rd_party/navsim_workspace/dataset/maps does not exist!
d9d93568b27e5649,False,0,/mnt/chenpeijian/autodrive/StreetWorld/lead/3rd_party/navsim_workspace/dataset/maps does not exist!
da0aac1f6c225eca,False,0,/mnt/chenpeijian/autodrive/StreetWorld/lead/3rd_party/navsim_workspace/dataset/maps does not exist!
da53dac7558e563d,False,0,/mnt/chenpeijian/autodrive/StreetWorld/lead/3rd_party/navsim_workspace/dataset/maps does not exist!
da9ee145e2b05480,False,0,/mnt/chenpeijian/autodrive/StreetWorld/lead/3rd_party/navsim_workspace/dataset/maps does not exist!
dad522fc9c405963,False,0,/mnt/chenpeijian/autodrive/StreetWorld/lead/3rd_party/navsim_workspace/dataset/maps does not exist!
daf715295e7d576b,False,0,/mnt/chenpeijian/autodrive/StreetWorld/lead/3rd_party/navsim_workspace/dataset/maps does not exist!
db1f0ea31f525bdb,False,0,/mnt/chenpeijian/autodrive/StreetWorld/lead/3rd_party/navsim_workspace/dataset/maps does not exist!
db62e3168cd051aa,False,0,/mnt/chenpeijian/autodrive/StreetWorld/lead/3rd_party/navsim_workspace/dataset/maps does not exist!
db951dbc3e595c29,False,0,/mnt/chenpeijian/autodrive/StreetWorld/lead/3rd_party/navsim_workspace/dataset/maps does not exist!
dbcee699816e524c,False,0,/mnt/chenpeijian/autodrive/StreetWorld/lead/3rd_party/navsim_workspace/dataset/maps does not exist!
dc096269aef55bf0,False,0,/mnt/chenpeijian/autodrive/StreetWorld/lead/3rd_party/navsim_workspace/dataset/maps does not exist!
dc47dc70547551f6,False,0,/mnt/chenpeijian/autodrive/StreetWorld/lead/3rd_party/navsim_workspace/dataset/maps does not exist!
dc952092ef6a5243,False,0,/mnt/chenpeijian/autodrive/StreetWorld/lead/3rd_party/navsim_workspace/dataset/maps does not exist!
dccd7bde9a0b5bfe,False,0,/mnt/chenpeijian/autodrive/StreetWorld/lead/3rd_party/navsim_workspace/dataset/maps does not exist!
dcf6caabbee354f7,False,0,/mnt/chenpeijian/autodrive/StreetWorld/lead/3rd_party/navsim_workspace/dataset/maps does not exist!
dd23e66ff660575e,False,0,/mnt/chenpeijian/autodrive/StreetWorld/lead/3rd_party/navsim_workspace/dataset/maps does not exist!
dd32aebcb8e6550e,False,0,/mnt/chenpeijian/autodrive/StreetWorld/lead/3rd_party/navsim_workspace/dataset/maps does not exist!
dd54db98a83b5714,False,0,/mnt/chenpeijian/autodrive/StreetWorld/lead/3rd_party/navsim_workspace/dataset/maps does not exist!
dd8205f11d7a5918,False,0,/mnt/chenpeijian/autodrive/StreetWorld/lead/3rd_party/navsim_workspace/dataset/maps does not exist!
ddaf241c401e560a,False,0,/mnt/chenpeijian/autodrive/StreetWorld/lead/3rd_party/navsim_workspace/dataset/maps does not exist!
ddddd9e7e4925db9,False,0,/mnt/chenpeijian/autodrive/StreetWorld/lead/3rd_party/navsim_workspace/dataset/maps does not exist!
ddfadfe2f0385b3b,False,0,/mnt/chenpeijian/autodrive/StreetWorld/lead/3rd_party/navsim_workspace/dataset/maps does not exist!
de18caace4a351b6,False,0,/mnt/chenpeijian/autodrive/StreetWorld/lead/3rd_party/navsim_workspace/dataset/maps does not exist!
de354f243fa157ec,False,0,/mnt/chenpeijian/autodrive/StreetWorld/lead/3rd_party/navsim_workspace/dataset/maps does not exist!
de62001a07db556c,False,0,/mnt/chenpeijian/autodrive/StreetWorld/lead/3rd_party/navsim_workspace/dataset/maps does not exist!
de9f2e538b69576c,False,0,/mnt/chenpeijian/autodrive/StreetWorld/lead/3rd_party/navsim_workspace/dataset/maps does not exist!
dece3a034000579e,False,0,/mnt/chenpeijian/autodrive/StreetWorld/lead/3rd_party/navsim_workspace/dataset/maps does not exist!
def5763ef93655ae,False,0,/mnt/chenpeijian/autodrive/StreetWorld/lead/3rd_party/navsim_workspace/dataset/maps does not exist!
df2257e552655d84,False,0,/mnt/chenpeijian/autodrive/StreetWorld/lead/3rd_party/navsim_workspace/dataset/maps does not exist!
df36523fdaeb5882,False,0,/mnt/chenpeijian/autodrive/StreetWorld/lead/3rd_party/navsim_workspace/dataset/maps does not exist!
df534bbfbbba5b0c,False,0,/mnt/chenpeijian/autodrive/StreetWorld/lead/3rd_party/navsim_workspace/dataset/maps does not exist!
dfb437fd895b5e96,False,0,/mnt/chenpeijian/autodrive/StreetWorld/lead/3rd_party/navsim_workspace/dataset/maps does not exist!
dffc6ff890745dbe,False,0,/mnt/chenpeijian/autodrive/StreetWorld/lead/3rd_party/navsim_workspace/dataset/maps does not exist!
e024d36bdd205a12,False,0,/mnt/chenpeijian/autodrive/StreetWorld/lead/3rd_party/navsim_workspace/dataset/maps does not exist!
e03d76c4983954eb,False,0,/mnt/chenpeijian/autodrive/StreetWorld/lead/3rd_party/navsim_workspace/dataset/maps does not exist!
e0657b3fd2ac5c55,False,0,/mnt/chenpeijian/autodrive/StreetWorld/lead/3rd_party/navsim_workspace/dataset/maps does not exist!
e0a1d14a2cea5d4a,False,0,/mnt/chenpeijian/autodrive/StreetWorld/lead/3rd_party/navsim_workspace/dataset/maps does not exist!
e0cd66542e715685,False,0,/mnt/chenpeijian/autodrive/StreetWorld/lead/3rd_party/navsim_workspace/dataset/maps does not exist!
e10bd715492150e3,False,0,/mnt/chenpeijian/autodrive/StreetWorld/lead/3rd_party/navsim_workspace/dataset/maps does not exist!
e133b313fabc56b4,False,0,/mnt/chenpeijian/autodrive/StreetWorld/lead/3rd_party/navsim_workspace/dataset/maps does not exist!
e16f6f634adf50d3,False,0,/mnt/chenpeijian/autodrive/StreetWorld/lead/3rd_party/navsim_workspace/dataset/maps does not exist!
e194e033ee72504a,False,0,/mnt/chenpeijian/autodrive/StreetWorld/lead/3rd_party/navsim_workspace/dataset/maps does not exist!
e1e4395724c05092,False,0,/mnt/chenpeijian/autodrive/StreetWorld/lead/3rd_party/navsim_workspace/dataset/maps does not exist!
e22c42694be05703,False,0,/mnt/chenpeijian/autodrive/StreetWorld/lead/3rd_party/navsim_workspace/dataset/maps does not exist!
e24d893472bf5ce0,False,0,/mnt/chenpeijian/autodrive/StreetWorld/lead/3rd_party/navsim_workspace/dataset/maps does not exist!
e28e57068b0b5cf3,False,0,/mnt/chenpeijian/autodrive/StreetWorld/lead/3rd_party/navsim_workspace/dataset/maps does not exist!
e2e6c22bce7f59fc,False,0,/mnt/chenpeijian/autodrive/StreetWorld/lead/3rd_party/navsim_workspace/dataset/maps does not exist!
e30d715817b7524a,False,0,/mnt/chenpeijian/autodrive/StreetWorld/lead/3rd_party/navsim_workspace/dataset/maps does not exist!
e34d17f003a052f5,False,0,/mnt/chenpeijian/autodrive/StreetWorld/lead/3rd_party/navsim_workspace/dataset/maps does not exist!
e36e9da57e1e5e32,False,0,/mnt/chenpeijian/autodrive/StreetWorld/lead/3rd_party/navsim_workspace/dataset/maps does not exist!
e3bfee2b093e5e35,False,0,/mnt/chenpeijian/autodrive/StreetWorld/lead/3rd_party/navsim_workspace/dataset/maps does not exist!
e3ee34ba4c0c59fd,False,0,/mnt/chenpeijian/autodrive/StreetWorld/lead/3rd_party/navsim_workspace/dataset/maps does not exist!
e41f13ed67485c54,False,0,/mnt/chenpeijian/autodrive/StreetWorld/lead/3rd_party/navsim_workspace/dataset/maps does not exist!
e45572ab63ef5deb,False,0,/mnt/chenpeijian/autodrive/StreetWorld/lead/3rd_party/navsim_workspace/dataset/maps does not exist!
e49e9763e6ea5ffb,False,0,/mnt/chenpeijian/autodrive/StreetWorld/lead/3rd_party/navsim_workspace/dataset/maps does not exist!
e4d88f52d2b45609,False,0,/mnt/chenpeijian/autodrive/StreetWorld/lead/3rd_party/navsim_workspace/dataset/maps does not exist!
e52c457d50455d0c,False,0,/mnt/chenpeijian/autodrive/StreetWorld/lead/3rd_party/navsim_workspace/dataset/maps does not exist!
e55fc5c3ee36528b,False,0,/mnt/chenpeijian/autodrive/StreetWorld/lead/3rd_party/navsim_workspace/dataset/maps does not exist!
e59a5171c33c5af9,False,0,/mnt/chenpeijian/autodrive/StreetWorld/lead/3rd_party/navsim_workspace/dataset/maps does not exist!
e5bb04b7c6695184,False,0,/mnt/chenpeijian/autodrive/StreetWorld/lead/3rd_party/navsim_workspace/dataset/maps does not exist!
e5dc48dd83585491,False,0,/mnt/chenpeijian/autodrive/StreetWorld/lead/3rd_party/navsim_workspace/dataset/maps does not exist!
e5f2eb158bc65167,False,0,/mnt/chenpeijian/autodrive/StreetWorld/lead/3rd_party/navsim_workspace/dataset/maps does not exist!
e617fe519ab754dc,False,0,/mnt/chenpeijian/autodrive/StreetWorld/lead/3rd_party/navsim_workspace/dataset/maps does not exist!
e63c18e2bcfa5526,False,0,/mnt/chenpeijian/autodrive/StreetWorld/lead/3rd_party/navsim_workspace/dataset/maps does not exist!
e67c2879271350c1,False,0,/mnt/chenpeijian/autodrive/StreetWorld/lead/3rd_party/navsim_workspace/dataset/maps does not exist!
e699fb1c75b95e57,False,0,/mnt/chenpeijian/autodrive/StreetWorld/lead/3rd_party/navsim_workspace/dataset/maps does not exist!
e6c32a1387c554cf,False,0,/mnt/chenpeijian/autodrive/StreetWorld/lead/3rd_party/navsim_workspace/dataset/maps does not exist!
e6db7be94a175aec,False,0,/mnt/chenpeijian/autodrive/StreetWorld/lead/3rd_party/navsim_workspace/dataset/maps does not exist!
e7116a2035205221,False,0,/mnt/chenpeijian/autodrive/StreetWorld/lead/3rd_party/navsim_workspace/dataset/maps does not exist!
e736f6ed766658fb,False,0,/mnt/chenpeijian/autodrive/StreetWorld/lead/3rd_party/navsim_workspace/dataset/maps does not exist!
e76c53ede9205ba9,False,0,/mnt/chenpeijian/autodrive/StreetWorld/lead/3rd_party/navsim_workspace/dataset/maps does not exist!
e779c1cc4ae45a84,False,0,/mnt/chenpeijian/autodrive/StreetWorld/lead/3rd_party/navsim_workspace/dataset/maps does not exist!
e7b5da2135fc5303,False,0,/mnt/chenpeijian/autodrive/StreetWorld/lead/3rd_party/navsim_workspace/dataset/maps does not exist!
e801c47d97b95978,False,0,/mnt/chenpeijian/autodrive/StreetWorld/lead/3rd_party/navsim_workspace/dataset/maps does not exist!
e82fe0d7d02054b8,False,0,/mnt/chenpeijian/autodrive/StreetWorld/lead/3rd_party/navsim_workspace/dataset/maps does not exist!
e859a9e666c15716,False,0,/mnt/chenpeijian/autodrive/StreetWorld/lead/3rd_party/navsim_workspace/dataset/maps does not exist!
e89a30bba6345ada,False,0,/mnt/chenpeijian/autodrive/StreetWorld/lead/3rd_party/navsim_workspace/dataset/maps does not exist!
e8d869b5752751a6,False,0,/mnt/chenpeijian/autodrive/StreetWorld/lead/3rd_party/navsim_workspace/dataset/maps does not exist!
e8f5c2714bfe5213,False,0,/mnt/chenpeijian/autodrive/StreetWorld/lead/3rd_party/navsim_workspace/dataset/maps does not exist!
e92c94f8bdcc54c6,False,0,/mnt/chenpeijian/autodrive/StreetWorld/lead/3rd_party/navsim_workspace/dataset/maps does not exist!
e973ce0e5d605df5,False,0,/mnt/chenpeijian/autodrive/StreetWorld/lead/3rd_party/navsim_workspace/dataset/maps does not exist!
e99744bcd703522c,False,0,/mnt/chenpeijian/autodrive/StreetWorld/lead/3rd_party/navsim_workspace/dataset/maps does not exist!
e9cfc98fdc09590a,False,0,/mnt/chenpeijian/autodrive/StreetWorld/lead/3rd_party/navsim_workspace/dataset/maps does not exist!
ea1302023ad258ff,False,0,/mnt/chenpeijian/autodrive/StreetWorld/lead/3rd_party/navsim_workspace/dataset/maps does not exist!
ea32cdfc9478501d,False,0,/mnt/chenpeijian/autodrive/StreetWorld/lead/3rd_party/navsim_workspace/dataset/maps does not exist!
ea492662cb205db2,False,0,/mnt/chenpeijian/autodrive/StreetWorld/lead/3rd_party/navsim_workspace/dataset/maps does not exist!
ea8ce810e307587d,False,0,/mnt/chenpeijian/autodrive/StreetWorld/lead/3rd_party/navsim_workspace/dataset/maps does not exist!
ead391b66ff253c1,False,0,/mnt/chenpeijian/autodrive/StreetWorld/lead/3rd_party/navsim_workspace/dataset/maps does not exist!
eb15f0d956eb5ac4,False,0,/mnt/chenpeijian/autodrive/StreetWorld/lead/3rd_party/navsim_workspace/dataset/maps does not exist!
eb4bbe69b80d5f12,False,0,/mnt/chenpeijian/autodrive/StreetWorld/lead/3rd_party/navsim_workspace/dataset/maps does not exist!
eb7ed87b4ef65273,False,0,/mnt/chenpeijian/autodrive/StreetWorld/lead/3rd_party/navsim_workspace/dataset/maps does not exist!
ebc294355ca753b0,False,0,/mnt/chenpeijian/autodrive/StreetWorld/lead/3rd_party/navsim_workspace/dataset/maps does not exist!
ebfd1e0fff105c51,False,0,/mnt/chenpeijian/autodrive/StreetWorld/lead/3rd_party/navsim_workspace/dataset/maps does not exist!
ec3c0587b1775b7c,False,0,/mnt/chenpeijian/autodrive/StreetWorld/lead/3rd_party/navsim_workspace/dataset/maps does not exist!
ec75cc0ff5825fb9,False,0,/mnt/chenpeijian/autodrive/StreetWorld/lead/3rd_party/navsim_workspace/dataset/maps does not exist!
ecc5d9051f445174,False,0,/mnt/chenpeijian/autodrive/StreetWorld/lead/3rd_party/navsim_workspace/dataset/maps does not exist!
ecdc079932755e4e,False,0,/mnt/chenpeijian/autodrive/StreetWorld/lead/3rd_party/navsim_workspace/dataset/maps does not exist!
ed105c47e38b55e4,False,0,/mnt/chenpeijian/autodrive/StreetWorld/lead/3rd_party/navsim_workspace/dataset/maps does not exist!
ed2a869a8d1c5eb7,False,0,/mnt/chenpeijian/autodrive/StreetWorld/lead/3rd_party/navsim_workspace/dataset/maps does not exist!
ed76cdcd1c6c5078,False,0,/mnt/chenpeijian/autodrive/StreetWorld/lead/3rd_party/navsim_workspace/dataset/maps does not exist!
ed97bf4877fa5bb0,False,0,/mnt/chenpeijian/autodrive/StreetWorld/lead/3rd_party/navsim_workspace/dataset/maps does not exist!
edb0dbd58be650f3,False,0,/mnt/chenpeijian/autodrive/StreetWorld/lead/3rd_party/navsim_workspace/dataset/maps does not exist!
ee461de4700c5148,False,0,/mnt/chenpeijian/autodrive/StreetWorld/lead/3rd_party/navsim_workspace/dataset/maps does not exist!
ee741b93dca35dd4,False,0,/mnt/chenpeijian/autodrive/StreetWorld/lead/3rd_party/navsim_workspace/dataset/maps does not exist!
ee88f3dfa73a5f65,False,0,/mnt/chenpeijian/autodrive/StreetWorld/lead/3rd_party/navsim_workspace/dataset/maps does not exist!
ee9ddfe6625b5969,False,0,/mnt/chenpeijian/autodrive/StreetWorld/lead/3rd_party/navsim_workspace/dataset/maps does not exist!
eed30293a86e5feb,False,0,/mnt/chenpeijian/autodrive/StreetWorld/lead/3rd_party/navsim_workspace/dataset/maps does not exist!
eefc84cb86d45529,False,0,/mnt/chenpeijian/autodrive/StreetWorld/lead/3rd_party/navsim_workspace/dataset/maps does not exist!
ef27f4eeb34e5b83,False,0,/mnt/chenpeijian/autodrive/StreetWorld/lead/3rd_party/navsim_workspace/dataset/maps does not exist!
ef68308faf305171,False,0,/mnt/chenpeijian/autodrive/StreetWorld/lead/3rd_party/navsim_workspace/dataset/maps does not exist!
ef7fb2d0c7bf52a4,False,0,/mnt/chenpeijian/autodrive/StreetWorld/lead/3rd_party/navsim_workspace/dataset/maps does not exist!
ef9d931830115c03,False,0,/mnt/chenpeijian/autodrive/StreetWorld/lead/3rd_party/navsim_workspace/dataset/maps does not exist!
efd6ba6db6db5f6c,False,0,/mnt/chenpeijian/autodrive/StreetWorld/lead/3rd_party/navsim_workspace/dataset/maps does not exist!
f0135d40a8f05feb,False,0,/mnt/chenpeijian/autodrive/StreetWorld/lead/3rd_party/navsim_workspace/dataset/maps does not exist!
f038fc7ffdab5bad,False,0,/mnt/chenpeijian/autodrive/StreetWorld/lead/3rd_party/navsim_workspace/dataset/maps does not exist!
f08f205e15975d97,False,0,/mnt/chenpeijian/autodrive/StreetWorld/lead/3rd_party/navsim_workspace/dataset/maps does not exist!
f0d6814d23245178,False,0,/mnt/chenpeijian/autodrive/StreetWorld/lead/3rd_party/navsim_workspace/dataset/maps does not exist!
f10d0ad9103c5495,False,0,/mnt/chenpeijian/autodrive/StreetWorld/lead/3rd_party/navsim_workspace/dataset/maps does not exist!
f154d2accd365815,False,0,/mnt/chenpeijian/autodrive/StreetWorld/lead/3rd_party/navsim_workspace/dataset/maps does not exist!
f19d96f947fa52d9,False,0,/mnt/chenpeijian/autodrive/StreetWorld/lead/3rd_party/navsim_workspace/dataset/maps does not exist!
f1bdf7e4e9f5534e,False,0,/mnt/chenpeijian/autodrive/StreetWorld/lead/3rd_party/navsim_workspace/dataset/maps does not exist!
f1f463892f3d5bb7,False,0,/mnt/chenpeijian/autodrive/StreetWorld/lead/3rd_party/navsim_workspace/dataset/maps does not exist!
f211c8127aff5246,False,0,/mnt/chenpeijian/autodrive/StreetWorld/lead/3rd_party/navsim_workspace/dataset/maps does not exist!
f233f263a7e75621,False,0,/mnt/chenpeijian/autodrive/StreetWorld/lead/3rd_party/navsim_workspace/dataset/maps does not exist!
f2592c08589e5398,False,0,/mnt/chenpeijian/autodrive/StreetWorld/lead/3rd_party/navsim_workspace/dataset/maps does not exist!
f289e368449b517b,False,0,/mnt/chenpeijian/autodrive/StreetWorld/lead/3rd_party/navsim_workspace/dataset/maps does not exist!
f2d4e4b013a3579e,False,0,/mnt/chenpeijian/autodrive/StreetWorld/lead/3rd_party/navsim_workspace/dataset/maps does not exist!
f3047391e1f25aad,False,0,/mnt/chenpeijian/autodrive/StreetWorld/lead/3rd_party/navsim_workspace/dataset/maps does not exist!
f33405d075755825,False,0,/mnt/chenpeijian/autodrive/StreetWorld/lead/3rd_party/navsim_workspace/dataset/maps does not exist!
f3572fcbcd285f1e,False,0,/mnt/chenpeijian/autodrive/StreetWorld/lead/3rd_party/navsim_workspace/dataset/maps does not exist!
f377405106115a34,False,0,/mnt/chenpeijian/autodrive/StreetWorld/lead/3rd_party/navsim_workspace/dataset/maps does not exist!
f3a327d6e0e45d9a,False,0,/mnt/chenpeijian/autodrive/StreetWorld/lead/3rd_party/navsim_workspace/dataset/maps does not exist!
f3f9b7c1f6e95b82,False,0,/mnt/chenpeijian/autodrive/StreetWorld/lead/3rd_party/navsim_workspace/dataset/maps does not exist!
f40843145ae35cd8,False,0,/mnt/chenpeijian/autodrive/StreetWorld/lead/3rd_party/navsim_workspace/dataset/maps does not exist!
f4458a9c09795afa,False,0,/mnt/chenpeijian/autodrive/StreetWorld/lead/3rd_party/navsim_workspace/dataset/maps does not exist!
f47f7733a11d51a1,False,0,/mnt/chenpeijian/autodrive/StreetWorld/lead/3rd_party/navsim_workspace/dataset/maps does not exist!
f4d869c13a015a28,False,0,/mnt/chenpeijian/autodrive/StreetWorld/lead/3rd_party/navsim_workspace/dataset/maps does not exist!
f50843b06ec259f2,False,0,/mnt/chenpeijian/autodrive/StreetWorld/lead/3rd_party/navsim_workspace/dataset/maps does not exist!
f558dbb8523f552f,False,0,/mnt/chenpeijian/autodrive/StreetWorld/lead/3rd_party/navsim_workspace/dataset/maps does not exist!
f587b097f5f65db6,False,0,/mnt/chenpeijian/autodrive/StreetWorld/lead/3rd_party/navsim_workspace/dataset/maps does not exist!
f5b613e3fa03593d,False,0,/mnt/chenpeijian/autodrive/StreetWorld/lead/3rd_party/navsim_workspace/dataset/maps does not exist!
f5e28113983e54bd,False,0,/mnt/chenpeijian/autodrive/StreetWorld/lead/3rd_party/navsim_workspace/dataset/maps does not exist!
f60b8b3796c45845,False,0,/mnt/chenpeijian/autodrive/StreetWorld/lead/3rd_party/navsim_workspace/dataset/maps does not exist!
f62e6cb228dc50e1,False,0,/mnt/chenpeijian/autodrive/StreetWorld/lead/3rd_party/navsim_workspace/dataset/maps does not exist!
f642f93db71f5dfb,False,0,/mnt/chenpeijian/autodrive/StreetWorld/lead/3rd_party/navsim_workspace/dataset/maps does not exist!
f68aaf95d7825182,False,0,/mnt/chenpeijian/autodrive/StreetWorld/lead/3rd_party/navsim_workspace/dataset/maps does not exist!
f6b9867069845fd2,False,0,/mnt/chenpeijian/autodrive/StreetWorld/lead/3rd_party/navsim_workspace/dataset/maps does not exist!
f6e9ee0b3a81575b,False,0,/mnt/chenpeijian/autodrive/StreetWorld/lead/3rd_party/navsim_workspace/dataset/maps does not exist!
f71e5dcd9df85d97,False,0,/mnt/chenpeijian/autodrive/StreetWorld/lead/3rd_party/navsim_workspace/dataset/maps does not exist!
f7341516d74658fc,False,0,/mnt/chenpeijian/autodrive/StreetWorld/lead/3rd_party/navsim_workspace/dataset/maps does not exist!
f75560fb13f25476,False,0,/mnt/chenpeijian/autodrive/StreetWorld/lead/3rd_party/navsim_workspace/dataset/maps does not exist!
f79397c87fbf5965,False,0,/mnt/chenpeijian/autodrive/StreetWorld/lead/3rd_party/navsim_workspace/dataset/maps does not exist!
f7a9f82f17b256e2,False,0,/mnt/chenpeijian/autodrive/StreetWorld/lead/3rd_party/navsim_workspace/dataset/maps does not exist!
f7f7750b2dc2548e,False,0,/mnt/chenpeijian/autodrive/StreetWorld/lead/3rd_party/navsim_workspace/dataset/maps does not exist!
f863be1a4d1d5e96,False,0,/mnt/chenpeijian/autodrive/StreetWorld/lead/3rd_party/navsim_workspace/dataset/maps does not exist!
f8b10bcaa98a53e8,False,0,/mnt/chenpeijian/autodrive/StreetWorld/lead/3rd_party/navsim_workspace/dataset/maps does not exist!
f8ded55c8f855116,False,0,/mnt/chenpeijian/autodrive/StreetWorld/lead/3rd_party/navsim_workspace/dataset/maps does not exist!
f8f7f1ebe2fc5bda,False,0,/mnt/chenpeijian/autodrive/StreetWorld/lead/3rd_party/navsim_workspace/dataset/maps does not exist!
f93c0db62e075508,False,0,/mnt/chenpeijian/autodrive/StreetWorld/lead/3rd_party/navsim_workspace/dataset/maps does not exist!
f9720f622fd4511b,False,0,/mnt/chenpeijian/autodrive/StreetWorld/lead/3rd_party/navsim_workspace/dataset/maps does not exist!
f9bd532e790f53ea,False,0,/mnt/chenpeijian/autodrive/StreetWorld/lead/3rd_party/navsim_workspace/dataset/maps does not exist!
f9ed38d9ddfa531e,False,0,/mnt/chenpeijian/autodrive/StreetWorld/lead/3rd_party/navsim_workspace/dataset/maps does not exist!
fa40f1c24ced584f,False,0,/mnt/chenpeijian/autodrive/StreetWorld/lead/3rd_party/navsim_workspace/dataset/maps does not exist!
fa72fd5d5f285388,False,0,/mnt/chenpeijian/autodrive/StreetWorld/lead/3rd_party/navsim_workspace/dataset/maps does not exist!
fa919203c245502d,False,0,/mnt/chenpeijian/autodrive/StreetWorld/lead/3rd_party/navsim_workspace/dataset/maps does not exist!
fac7dc214370509e,False,0,/mnt/chenpeijian/autodrive/StreetWorld/lead/3rd_party/navsim_workspace/dataset/maps does not exist!
faf80a4ecf8858fe,False,0,/mnt/chenpeijian/autodrive/StreetWorld/lead/3rd_party/navsim_workspace/dataset/maps does not exist!
fb2402a506065225,False,0,/mnt/chenpeijian/autodrive/StreetWorld/lead/3rd_party/navsim_workspace/dataset/maps does not exist!
fb43d35afc375bb2,False,0,/mnt/chenpeijian/autodrive/StreetWorld/lead/3rd_party/navsim_workspace/dataset/maps does not exist!
fb8bef473d555fe3,False,0,/mnt/chenpeijian/autodrive/StreetWorld/lead/3rd_party/navsim_workspace/dataset/maps does not exist!
fbc91394092b5dbb,False,0,/mnt/chenpeijian/autodrive/StreetWorld/lead/3rd_party/navsim_workspace/dataset/maps does not exist!
fbf2eaa61abb5a2f,False,0,/mnt/chenpeijian/autodrive/StreetWorld/lead/3rd_party/navsim_workspace/dataset/maps does not exist!
fc0acfe530ba5562,False,0,/mnt/chenpeijian/autodrive/StreetWorld/lead/3rd_party/navsim_workspace/dataset/maps does not exist!
fc39a399fd24554b,False,0,/mnt/chenpeijian/autodrive/StreetWorld/lead/3rd_party/navsim_workspace/dataset/maps does not exist!
fc5d32be7f785570,False,0,/mnt/chenpeijian/autodrive/StreetWorld/lead/3rd_party/navsim_workspace/dataset/maps does not exist!
fcb157cfb7785486,False,0,/mnt/chenpeijian/autodrive/StreetWorld/lead/3rd_party/navsim_workspace/dataset/maps does not exist!
fcdcb2e456bf5360,False,0,/mnt/chenpeijian/autodrive/StreetWorld/lead/3rd_party/navsim_workspace/dataset/maps does not exist!
fd30ed65f94d51b2,False,0,/mnt/chenpeijian/autodrive/StreetWorld/lead/3rd_party/navsim_workspace/dataset/maps does not exist!
fd513762a5ea5dd4,False,0,/mnt/chenpeijian/autodrive/StreetWorld/lead/3rd_party/navsim_workspace/dataset/maps does not exist!
fd8299e81b435b94,False,0,/mnt/chenpeijian/autodrive/StreetWorld/lead/3rd_party/navsim_workspace/dataset/maps does not exist!
fda70850d06c51a1,False,0,/mnt/chenpeijian/autodrive/StreetWorld/lead/3rd_party/navsim_workspace/dataset/maps does not exist!
fdd599e861875d9f,False,0,/mnt/chenpeijian/autodrive/StreetWorld/lead/3rd_party/navsim_workspace/dataset/maps does not exist!
fdee882945885aa7,False,0,/mnt/chenpeijian/autodrive/StreetWorld/lead/3rd_party/navsim_workspace/dataset/maps does not exist!
fe22e2c812e65096,False,0,/mnt/chenpeijian/autodrive/StreetWorld/lead/3rd_party/navsim_workspace/dataset/maps does not exist!
fe4e5fdf88195cfa,False,0,/mnt/chenpeijian/autodrive/StreetWorld/lead/3rd_party/navsim_workspace/dataset/maps does not exist!
fe6db2d0c7025b8a,False,0,/mnt/chenpeijian/autodrive/StreetWorld/lead/3rd_party/navsim_workspace/dataset/maps does not exist!
fe8efa6c8dc4573e,False,0,/mnt/chenpeijian/autodrive/StreetWorld/lead/3rd_party/navsim_workspace/dataset/maps does not exist!
fec68cb4b42a5b30,False,0,/mnt/chenpeijian/autodrive/StreetWorld/lead/3rd_party/navsim_workspace/dataset/maps does not exist!
ff137d1eea555686,False,0,/mnt/chenpeijian/autodrive/StreetWorld/lead/3rd_party/navsim_workspace/dataset/maps does not exist!
ff44394af7265df3,False,0,/mnt/chenpeijian/autodrive/StreetWorld/lead/3rd_party/navsim_workspace/dataset/maps does not exist!
ff7bf9054f4a5a4a,False,0,/mnt/chenpeijian/autodrive/StreetWorld/lead/3rd_party/navsim_workspace/dataset/maps does not exist!
ff91d9e01e4259b1,False,0,/mnt/chenpeijian/autodrive/StreetWorld/lead/3rd_party/navsim_workspace/dataset/maps does not exist!
ffcbf5f098625d83,False,0,/mnt/chenpeijian/autodrive/StreetWorld/lead/3rd_party/navsim_workspace/dataset/maps does not exist!
ffed00245f3f5d00,False,0,/mnt/chenpeijian/autodrive/StreetWorld/lead/3rd_party/navsim_workspace/dataset/maps does not exist!
00016f8b45c25a1d,False,1,/mnt/chenpeijian/autodrive/StreetWorld/lead/3rd_party/navsim_workspace/dataset/maps does not exist!
001d444661b45635,False,1,/mnt/chenpeijian/autodrive/StreetWorld/lead/3rd_party/navsim_workspace/dataset/maps does not exist!
003ead1914c051d7,False,1,/mnt/chenpeijian/autodrive/StreetWorld/lead/3rd_party/navsim_workspace/dataset/maps does not exist!
006e2728d7115fa7,False,1,/mnt/chenpeijian/autodrive/StreetWorld/lead/3rd_party/navsim_workspace/dataset/maps does not exist!
00abc794f8ce5195,False,1,/mnt/chenpeijian/autodrive/StreetWorld/lead/3rd_party/navsim_workspace/dataset/maps does not exist!
00ff8eeb53cc598b,False,1,/mnt/chenpeijian/autodrive/StreetWorld/lead/3rd_party/navsim_workspace/dataset/maps does not exist!
012dc5d8043555ef,False,1,/mnt/chenpeijian/autodrive/StreetWorld/lead/3rd_party/navsim_workspace/dataset/maps does not exist!
013fbdcd9db35b43,False,1,/mnt/chenpeijian/autodrive/StreetWorld/lead/3rd_party/navsim_workspace/dataset/maps does not exist!
015593741e7050f7,False,1,/mnt/chenpeijian/autodrive/StreetWorld/lead/3rd_party/navsim_workspace/dataset/maps does not exist!
0192c3bca9ca5c67,False,1,/mnt/chenpeijian/autodrive/StreetWorld/lead/3rd_party/navsim_workspace/dataset/maps does not exist!
01c4dab17c975e13,False,1,/mnt/chenpeijian/autodrive/StreetWorld/lead/3rd_party/navsim_workspace/dataset/maps does not exist!
01fa845276f857c5,False,1,/mnt/chenpeijian/autodrive/StreetWorld/lead/3rd_party/navsim_workspace/dataset/maps does not exist!
020dee65dab453bb,False,1,/mnt/chenpeijian/autodrive/StreetWorld/lead/3rd_party/navsim_workspace/dataset/maps does not exist!
024fd1e792395805,False,1,/mnt/chenpeijian/autodrive/StreetWorld/lead/3rd_party/navsim_workspace/dataset/maps does not exist!
028613e11f415422,False,1,/mnt/chenpeijian/autodrive/StreetWorld/lead/3rd_party/navsim_workspace/dataset/maps does not exist!
02c8da231eb15ed2,False,1,/mnt/chenpeijian/autodrive/StreetWorld/lead/3rd_party/navsim_workspace/dataset/maps does not exist!
02e9f697f2d055ee,False,1,/mnt/chenpeijian/autodrive/StreetWorld/lead/3rd_party/navsim_workspace/dataset/maps does not exist!
030c27139f7d57a4,False,1,/mnt/chenpeijian/autodrive/StreetWorld/lead/3rd_party/navsim_workspace/dataset/maps does not exist!
035db9ac34715b07,False,1,/mnt/chenpeijian/autodrive/StreetWorld/lead/3rd_party/navsim_workspace/dataset/maps does not exist!
037b976caae85af5,False,1,/mnt/chenpeijian/autodrive/StreetWorld/lead/3rd_party/navsim_workspace/dataset/maps does not exist!
03a97a30526b5c14,False,1,/mnt/chenpeijian/autodrive/StreetWorld/lead/3rd_party/navsim_workspace/dataset/maps does not exist!
03c50783a77551a2,False,1,/mnt/chenpeijian/autodrive/StreetWorld/lead/3rd_party/navsim_workspace/dataset/maps does not exist!
04377176d16d5a0f,False,1,/mnt/chenpeijian/autodrive/StreetWorld/lead/3rd_party/navsim_workspace/dataset/maps does not exist!
0456452c8a13546c,False,1,/mnt/chenpeijian/autodrive/StreetWorld/lead/3rd_party/navsim_workspace/dataset/maps does not exist!
04715723caea505e,False,1,/mnt/chenpeijian/autodrive/StreetWorld/lead/3rd_party/navsim_workspace/dataset/maps does not exist!
04a6f384cd2056c1,False,1,/mnt/chenpeijian/autodrive/StreetWorld/lead/3rd_party/navsim_workspace/dataset/maps does not exist!
04e3f71d6bc15d1e,False,1,/mnt/chenpeijian/autodrive/StreetWorld/lead/3rd_party/navsim_workspace/dataset/maps does not exist!
050667565815536a,False,1,/mnt/chenpeijian/autodrive/StreetWorld/lead/3rd_party/navsim_workspace/dataset/maps does not exist!
055dff3e32835333,False,1,/mnt/chenpeijian/autodrive/StreetWorld/lead/3rd_party/navsim_workspace/dataset/maps does not exist!
05769097cb6c5b91,False,1,/mnt/chenpeijian/autodrive/StreetWorld/lead/3rd_party/navsim_workspace/dataset/maps does not exist!
0590cb08d06a5905,False,1,/mnt/chenpeijian/autodrive/StreetWorld/lead/3rd_party/navsim_workspace/dataset/maps does not exist!
05c6edc5f05c5932,False,1,/mnt/chenpeijian/autodrive/StreetWorld/lead/3rd_party/navsim_workspace/dataset/maps does not exist!
06091e78878d510e,False,1,/mnt/chenpeijian/autodrive/StreetWorld/lead/3rd_party/navsim_workspace/dataset/maps does not exist!
06329b33572752d8,False,1,/mnt/chenpeijian/autodrive/StreetWorld/lead/3rd_party/navsim_workspace/dataset/maps does not exist!
06737d2244bd53cc,False,1,/mnt/chenpeijian/autodrive/StreetWorld/lead/3rd_party/navsim_workspace/dataset/maps does not exist!
0695553567185c3c,False,1,/mnt/chenpeijian/autodrive/StreetWorld/lead/3rd_party/navsim_workspace/dataset/maps does not exist!
06bdef9a9bbc5aaf,False,1,/mnt/chenpeijian/autodrive/StreetWorld/lead/3rd_party/navsim_workspace/dataset/maps does not exist!
06e62670ddb152d9,False,1,/mnt/chenpeijian/autodrive/StreetWorld/lead/3rd_party/navsim_workspace/dataset/maps does not exist!
071b435a4f4057e0,False,1,/mnt/chenpeijian/autodrive/StreetWorld/lead/3rd_party/navsim_workspace/dataset/maps does not exist!
0749cf83cbbd5284,False,1,/mnt/chenpeijian/autodrive/StreetWorld/lead/3rd_party/navsim_workspace/dataset/maps does not exist!
0774f6d8e3185794,False,1,/mnt/chenpeijian/autodrive/StreetWorld/lead/3rd_party/navsim_workspace/dataset/maps does not exist!
07952d3dbf4550de,False,1,/mnt/chenpeijian/autodrive/StreetWorld/lead/3rd_party/navsim_workspace/dataset/maps does not exist!
07c46d77aba054ec,False,1,/mnt/chenpeijian/autodrive/StreetWorld/lead/3rd_party/navsim_workspace/dataset/maps does not exist!
0809e84efac053e6,False,1,/mnt/chenpeijian/autodrive/StreetWorld/lead/3rd_party/navsim_workspace/dataset/maps does not exist!
084ce89976f1505e,False,1,/mnt/chenpeijian/autodrive/StreetWorld/lead/3rd_party/navsim_workspace/dataset/maps does not exist!
0879b546c3cb5615,False,1,/mnt/chenpeijian/autodrive/StreetWorld/lead/3rd_party/navsim_workspace/dataset/maps does not exist!
089e8e85fb9b5f6c,False,1,/mnt/chenpeijian/autodrive/StreetWorld/lead/3rd_party/navsim_workspace/dataset/maps does not exist!
08c2b3b529de59d4,False,1,/mnt/chenpeijian/autodrive/StreetWorld/lead/3rd_party/navsim_workspace/dataset/maps does not exist!
08fcb3344bea538d,False,1,/mnt/chenpeijian/autodrive/StreetWorld/lead/3rd_party/navsim_workspace/dataset/maps does not exist!
0928c39f05db52c5,False,1,/mnt/chenpeijian/autodrive/StreetWorld/lead/3rd_party/navsim_workspace/dataset/maps does not exist!
096d823b664e5972,False,1,/mnt/chenpeijian/autodrive/StreetWorld/lead/3rd_party/navsim_workspace/dataset/maps does not exist!
0994517bde3c5188,False,1,/mnt/chenpeijian/autodrive/StreetWorld/lead/3rd_party/navsim_workspace/dataset/maps does not exist!
09bf6cc1f6545219,False,1,/mnt/chenpeijian/autodrive/StreetWorld/lead/3rd_party/navsim_workspace/dataset/maps does not exist!
09da6a53016b5333,False,1,/mnt/chenpeijian/autodrive/StreetWorld/lead/3rd_party/navsim_workspace/dataset/maps does not exist!
0a0d91d55b0757f8,False,1,/mnt/chenpeijian/autodrive/StreetWorld/lead/3rd_party/navsim_workspace/dataset/maps does not exist!
0a4752bc6c8b5174,False,1,/mnt/chenpeijian/autodrive/StreetWorld/lead/3rd_party/navsim_workspace/dataset/maps does not exist!
0a649534cf715ba2,False,1,/mnt/chenpeijian/autodrive/StreetWorld/lead/3rd_party/navsim_workspace/dataset/maps does not exist!
0a887c5364a457cd,False,1,/mnt/chenpeijian/autodrive/StreetWorld/lead/3rd_party/navsim_workspace/dataset/maps does not exist!
0ac560549a495626,False,1,/mnt/chenpeijian/autodrive/StreetWorld/lead/3rd_party/navsim_workspace/dataset/maps does not exist!
0aee34efc8445718,False,1,/mnt/chenpeijian/autodrive/StreetWorld/lead/3rd_party/navsim_workspace/dataset/maps does not exist!
0b1250020ea95539,False,1,/mnt/chenpeijian/autodrive/StreetWorld/lead/3rd_party/navsim_workspace/dataset/maps does not exist!
0b3a16034cc35dc0,False,1,/mnt/chenpeijian/autodrive/StreetWorld/lead/3rd_party/navsim_workspace/dataset/maps does not exist!
0b5b1309df2f5627,False,1,/mnt/chenpeijian/autodrive/StreetWorld/lead/3rd_party/navsim_workspace/dataset/maps does not exist!
0ba42ee3c2555502,False,1,/mnt/chenpeijian/autodrive/StreetWorld/lead/3rd_party/navsim_workspace/dataset/maps does not exist!
0bcebe354a715163,False,1,/mnt/chenpeijian/autodrive/StreetWorld/lead/3rd_party/navsim_workspace/dataset/maps does not exist!
0bf961d076bc5a15,False,1,/mnt/chenpeijian/autodrive/StreetWorld/lead/3rd_party/navsim_workspace/dataset/maps does not exist!
0c330f8c6d6658ee,False,1,/mnt/chenpeijian/autodrive/StreetWorld/lead/3rd_party/navsim_workspace/dataset/maps does not exist!
0c5365f52bac5785,False,1,/mnt/chenpeijian/autodrive/StreetWorld/lead/3rd_party/navsim_workspace/dataset/maps does not exist!
0c86ab0f851559e8,False,1,/mnt/chenpeijian/autodrive/StreetWorld/lead/3rd_party/navsim_workspace/dataset/maps does not exist!
0cb51b0d4e285c55,False,1,/mnt/chenpeijian/autodrive/StreetWorld/lead/3rd_party/navsim_workspace/dataset/maps does not exist!
0cf22b3901945e24,False,1,/mnt/chenpeijian/autodrive/StreetWorld/lead/3rd_party/navsim_workspace/dataset/maps does not exist!
0d1b753fd19f55cb,False,1,/mnt/chenpeijian/autodrive/StreetWorld/lead/3rd_party/navsim_workspace/dataset/maps does not exist!
0d602f62f3ad5c65,False,1,/mnt/chenpeijian/autodrive/StreetWorld/lead/3rd_party/navsim_workspace/dataset/maps does not exist!
0d8610ae20005e45,False,1,/mnt/chenpeijian/autodrive/StreetWorld/lead/3rd_party/navsim_workspace/dataset/maps does not exist!
0da520f851415d75,False,1,/mnt/chenpeijian/autodrive/StreetWorld/lead/3rd_party/navsim_workspace/dataset/maps does not exist!
0dd23f4ea286544f,False,1,/mnt/chenpeijian/autodrive/StreetWorld/lead/3rd_party/navsim_workspace/dataset/maps does not exist!
0df213c579225af6,False,1,/mnt/chenpeijian/autodrive/StreetWorld/lead/3rd_party/navsim_workspace/dataset/maps does not exist!
0e04335474bf5b6e,False,1,/mnt/chenpeijian/autodrive/StreetWorld/lead/3rd_party/navsim_workspace/dataset/maps does not exist!
0e2f2cb6712550b7,False,1,/mnt/chenpeijian/autodrive/StreetWorld/lead/3rd_party/navsim_workspace/dataset/maps does not exist!
0e74f7b5b7c45c1b,False,1,/mnt/chenpeijian/autodrive/StreetWorld/lead/3rd_party/navsim_workspace/dataset/maps does not exist!
0eb2056214155957,False,1,/mnt/chenpeijian/autodrive/StreetWorld/lead/3rd_party/navsim_workspace/dataset/maps does not exist!
0ee2bbd11d4451c3,False,1,/mnt/chenpeijian/autodrive/StreetWorld/lead/3rd_party/navsim_workspace/dataset/maps does not exist!
0f23b65ea5a6556e,False,1,/mnt/chenpeijian/autodrive/StreetWorld/lead/3rd_party/navsim_workspace/dataset/maps does not exist!
0f42590c7ad65eb4,False,1,/mnt/chenpeijian/autodrive/StreetWorld/lead/3rd_party/navsim_workspace/dataset/maps does not exist!
0f69087034985e9e,False,1,/mnt/chenpeijian/autodrive/StreetWorld/lead/3rd_party/navsim_workspace/dataset/maps does not exist!
0f7a1388a17f5654,False,1,/mnt/chenpeijian/autodrive/StreetWorld/lead/3rd_party/navsim_workspace/dataset/maps does not exist!
0f9e883357585ec4,False,1,/mnt/chenpeijian/autodrive/StreetWorld/lead/3rd_party/navsim_workspace/dataset/maps does not exist!
0fc28fe43e5d5693,False,1,/mnt/chenpeijian/autodrive/StreetWorld/lead/3rd_party/navsim_workspace/dataset/maps does not exist!
0ffe6d569128598a,False,1,/mnt/chenpeijian/autodrive/StreetWorld/lead/3rd_party/navsim_workspace/dataset/maps does not exist!
1039e136e6605cfb,False,1,/mnt/chenpeijian/autodrive/StreetWorld/lead/3rd_party/navsim_workspace/dataset/maps does not exist!
1082d34008e05df4,False,1,/mnt/chenpeijian/autodrive/StreetWorld/lead/3rd_party/navsim_workspace/dataset/maps does not exist!
10b19bf49b67574f,False,1,/mnt/chenpeijian/autodrive/StreetWorld/lead/3rd_party/navsim_workspace/dataset/maps does not exist!
10d9d6d0ad405b9d,False,1,/mnt/chenpeijian/autodrive/StreetWorld/lead/3rd_party/navsim_workspace/dataset/maps does not exist!
110bec4c6d2153d7,False,1,/mnt/chenpeijian/autodrive/StreetWorld/lead/3rd_party/navsim_workspace/dataset/maps does not exist!
112cdade50865f4e,False,1,/mnt/chenpeijian/autodrive/StreetWorld/lead/3rd_party/navsim_workspace/dataset/maps does not exist!
114a946faf305345,False,1,/mnt/chenpeijian/autodrive/StreetWorld/lead/3rd_party/navsim_workspace/dataset/maps does not exist!
1175b3b9d27252ef,False,1,/mnt/chenpeijian/autodrive/StreetWorld/lead/3rd_party/navsim_workspace/dataset/maps does not exist!
11ba25cefa3b5a5e,False,1,/mnt/chenpeijian/autodrive/StreetWorld/lead/3rd_party/navsim_workspace/dataset/maps does not exist!
11d4b52fb458559f,False,1,/mnt/chenpeijian/autodrive/StreetWorld/lead/3rd_party/navsim_workspace/dataset/maps does not exist!
120ae6f1d60a5613,False,1,/mnt/chenpeijian/autodrive/StreetWorld/lead/3rd_party/navsim_workspace/dataset/maps does not exist!
1223890860725b50,False,1,/mnt/chenpeijian/autodrive/StreetWorld/lead/3rd_party/navsim_workspace/dataset/maps does not exist!
126fd1a0d1675f57,False,1,/mnt/chenpeijian/autodrive/StreetWorld/lead/3rd_party/navsim_workspace/dataset/maps does not exist!
1290e3066cbc5397,False,1,/mnt/chenpeijian/autodrive/StreetWorld/lead/3rd_party/navsim_workspace/dataset/maps does not exist!
12c3a7aea386584b,False,1,/mnt/chenpeijian/autodrive/StreetWorld/lead/3rd_party/navsim_workspace/dataset/maps does not exist!
12f2dccfb88957f9,False,1,/mnt/chenpeijian/autodrive/StreetWorld/lead/3rd_party/navsim_workspace/dataset/maps does not exist!
131f0303c9e9582a,False,1,/mnt/chenpeijian/autodrive/StreetWorld/lead/3rd_party/navsim_workspace/dataset/maps does not exist!
134a3394c9b756d9,False,1,/mnt/chenpeijian/autodrive/StreetWorld/lead/3rd_party/navsim_workspace/dataset/maps does not exist!
1370cea130165b51,False,1,/mnt/chenpeijian/autodrive/StreetWorld/lead/3rd_party/navsim_workspace/dataset/maps does not exist!
13ca5b247813585a,False,1,/mnt/chenpeijian/autodrive/StreetWorld/lead/3rd_party/navsim_workspace/dataset/maps does not exist!
13fcb47bb63951e7,False,1,/mnt/chenpeijian/autodrive/StreetWorld/lead/3rd_party/navsim_workspace/dataset/maps does not exist!
14297ef551f652d3,False,1,/mnt/chenpeijian/autodrive/StreetWorld/lead/3rd_party/navsim_workspace/dataset/maps does not exist!
1486e66f72ee562f,False,1,/mnt/chenpeijian/autodrive/StreetWorld/lead/3rd_party/navsim_workspace/dataset/maps does not exist!
14ce4ee85a9c5471,False,1,/mnt/chenpeijian/autodrive/StreetWorld/lead/3rd_party/navsim_workspace/dataset/maps does not exist!
14ee80bbba6b587a,False,1,/mnt/chenpeijian/autodrive/StreetWorld/lead/3rd_party/navsim_workspace/dataset/maps does not exist!
150c33d5cd005743,False,1,/mnt/chenpeijian/autodrive/StreetWorld/lead/3rd_party/navsim_workspace/dataset/maps does not exist!
152679f2edce5c73,False,1,/mnt/chenpeijian/autodrive/StreetWorld/lead/3rd_party/navsim_workspace/dataset/maps does not exist!
153ae46b6ba65721,False,1,/mnt/chenpeijian/autodrive/StreetWorld/lead/3rd_party/navsim_workspace/dataset/maps does not exist!
1559a9e324d6519d,False,1,/mnt/chenpeijian/autodrive/StreetWorld/lead/3rd_party/navsim_workspace/dataset/maps does not exist!
159b8a11bd775e91,False,1,/mnt/chenpeijian/autodrive/StreetWorld/lead/3rd_party/navsim_workspace/dataset/maps does not exist!
15d5078041dd5a4f,False,1,/mnt/chenpeijian/autodrive/StreetWorld/lead/3rd_party/navsim_workspace/dataset/maps does not exist!
16125101defb5b51,False,1,/mnt/chenpeijian/autodrive/StreetWorld/lead/3rd_party/navsim_workspace/dataset/maps does not exist!
1661876892b952e5,False,1,/mnt/chenpeijian/autodrive/StreetWorld/lead/3rd_party/navsim_workspace/dataset/maps does not exist!
169ccb03f27e589d,False,1,/mnt/chenpeijian/autodrive/StreetWorld/lead/3rd_party/navsim_workspace/dataset/maps does not exist!
16c38196f44751bd,False,1,/mnt/chenpeijian/autodrive/StreetWorld/lead/3rd_party/navsim_workspace/dataset/maps does not exist!
16df188810315dc7,False,1,/mnt/chenpeijian/autodrive/StreetWorld/lead/3rd_party/navsim_workspace/dataset/maps does not exist!
173369dc059d5fe9,False,1,/mnt/chenpeijian/autodrive/StreetWorld/lead/3rd_party/navsim_workspace/dataset/maps does not exist!
177abd8780ad5476,False,1,/mnt/chenpeijian/autodrive/StreetWorld/lead/3rd_party/navsim_workspace/dataset/maps does not exist!
17a6a4a6137553cd,False,1,/mnt/chenpeijian/autodrive/StreetWorld/lead/3rd_party/navsim_workspace/dataset/maps does not exist!
17ea7a2cc29957fa,False,1,/mnt/chenpeijian/autodrive/StreetWorld/lead/3rd_party/navsim_workspace/dataset/maps does not exist!
1814002af9f253c6,False,1,/mnt/chenpeijian/autodrive/StreetWorld/lead/3rd_party/navsim_workspace/dataset/maps does not exist!
182a718050bd598a,False,1,/mnt/chenpeijian/autodrive/StreetWorld/lead/3rd_party/navsim_workspace/dataset/maps does not exist!
184c11a8cc875403,False,1,/mnt/chenpeijian/autodrive/StreetWorld/lead/3rd_party/navsim_workspace/dataset/maps does not exist!
189654afe9465b09,False,1,/mnt/chenpeijian/autodrive/StreetWorld/lead/3rd_party/navsim_workspace/dataset/maps does not exist!
18b76ccc45d25f5c,False,1,/mnt/chenpeijian/autodrive/StreetWorld/lead/3rd_party/navsim_workspace/dataset/maps does not exist!
190c8d0cece45af1,False,1,/mnt/chenpeijian/autodrive/StreetWorld/lead/3rd_party/navsim_workspace/dataset/maps does not exist!
193ee69c47495e07,False,1,/mnt/chenpeijian/autodrive/StreetWorld/lead/3rd_party/navsim_workspace/dataset/maps does not exist!
197f39226d0856ce,False,1,/mnt/chenpeijian/autodrive/StreetWorld/lead/3rd_party/navsim_workspace/dataset/maps does not exist!
19c4aecbe4b65ef4,False,1,/mnt/chenpeijian/autodrive/StreetWorld/lead/3rd_party/navsim_workspace/dataset/maps does not exist!
19d9dc5184675c50,False,1,/mnt/chenpeijian/autodrive/StreetWorld/lead/3rd_party/navsim_workspace/dataset/maps does not exist!
1a099ccfccfa567f,False,1,/mnt/chenpeijian/autodrive/StreetWorld/lead/3rd_party/navsim_workspace/dataset/maps does not exist!
1a1fbb255ec55813,False,1,/mnt/chenpeijian/autodrive/StreetWorld/lead/3rd_party/navsim_workspace/dataset/maps does not exist!
1a46cad936c05c2b,False,1,/mnt/chenpeijian/autodrive/StreetWorld/lead/3rd_party/navsim_workspace/dataset/maps does not exist!
1a8da8e47d235dbe,False,1,/mnt/chenpeijian/autodrive/StreetWorld/lead/3rd_party/navsim_workspace/dataset/maps does not exist!
1ad3e9d726b35d0e,False,1,/mnt/chenpeijian/autodrive/StreetWorld/lead/3rd_party/navsim_workspace/dataset/maps does not exist!
1b1a37c517e45fbd,False,1,/mnt/chenpeijian/autodrive/StreetWorld/lead/3rd_party/navsim_workspace/dataset/maps does not exist!
1b3ed6f1e9b8574d,False,1,/mnt/chenpeijian/autodrive/StreetWorld/lead/3rd_party/navsim_workspace/dataset/maps does not exist!
1b613bcca44b5b29,False,1,/mnt/chenpeijian/autodrive/StreetWorld/lead/3rd_party/navsim_workspace/dataset/maps does not exist!
1b9e4e6c5e91568d,False,1,/mnt/chenpeijian/autodrive/StreetWorld/lead/3rd_party/navsim_workspace/dataset/maps does not exist!
1bea55e75a9b593b,False,1,/mnt/chenpeijian/autodrive/StreetWorld/lead/3rd_party/navsim_workspace/dataset/maps does not exist!
1c044069a36c5d4b,False,1,/mnt/chenpeijian/autodrive/StreetWorld/lead/3rd_party/navsim_workspace/dataset/maps does not exist!
1c31e37ce65b52d9,False,1,/mnt/chenpeijian/autodrive/StreetWorld/lead/3rd_party/navsim_workspace/dataset/maps does not exist!
1c5aaf9e884b5ce9,False,1,/mnt/chenpeijian/autodrive/StreetWorld/lead/3rd_party/navsim_workspace/dataset/maps does not exist!
1c8804a52fc0553c,False,1,/mnt/chenpeijian/autodrive/StreetWorld/lead/3rd_party/navsim_workspace/dataset/maps does not exist!
1cbb42e800785a61,False,1,/mnt/chenpeijian/autodrive/StreetWorld/lead/3rd_party/navsim_workspace/dataset/maps does not exist!
1cffb22700735548,False,1,/mnt/chenpeijian/autodrive/StreetWorld/lead/3rd_party/navsim_workspace/dataset/maps does not exist!
1d2e6d44fd635391,False,1,/mnt/chenpeijian/autodrive/StreetWorld/lead/3rd_party/navsim_workspace/dataset/maps does not exist!
1d612d6783845a87,False,1,/mnt/chenpeijian/autodrive/StreetWorld/lead/3rd_party/navsim_workspace/dataset/maps does not exist!
1dbaa3f0d0345e61,False,1,/mnt/chenpeijian/autodrive/StreetWorld/lead/3rd_party/navsim_workspace/dataset/maps does not exist!
1e01550fc9d656d8,False,1,/mnt/chenpeijian/autodrive/StreetWorld/lead/3rd_party/navsim_workspace/dataset/maps does not exist!
1e1f35531c5856bb,False,1,/mnt/chenpeijian/autodrive/StreetWorld/lead/3rd_party/navsim_workspace/dataset/maps does not exist!
1e73524ff61b5a70,False,1,/mnt/chenpeijian/autodrive/StreetWorld/lead/3rd_party/navsim_workspace/dataset/maps does not exist!
1e98fee7a7cc5254,False,1,/mnt/chenpeijian/autodrive/StreetWorld/lead/3rd_party/navsim_workspace/dataset/maps does not exist!
1ebb462c6acd5b4d,False,1,/mnt/chenpeijian/autodrive/StreetWorld/lead/3rd_party/navsim_workspace/dataset/maps does not exist!
1ecea4b911675b72,False,1,/mnt/chenpeijian/autodrive/StreetWorld/lead/3rd_party/navsim_workspace/dataset/maps does not exist!
1ee7868373355838,False,1,/mnt/chenpeijian/autodrive/StreetWorld/lead/3rd_party/navsim_workspace/dataset/maps does not exist!
1f1a5be0eaa35282,False,1,/mnt/chenpeijian/autodrive/StreetWorld/lead/3rd_party/navsim_workspace/dataset/maps does not exist!
1f2bbc5cb66b523a,False,1,/mnt/chenpeijian/autodrive/StreetWorld/lead/3rd_party/navsim_workspace/dataset/maps does not exist!
1f67195591a95027,False,1,/mnt/chenpeijian/autodrive/StreetWorld/lead/3rd_party/navsim_workspace/dataset/maps does not exist!
1fc48e89034758e7,False,1,/mnt/chenpeijian/autodrive/StreetWorld/lead/3rd_party/navsim_workspace/dataset/maps does not exist!
1ff00d6929bb5569,False,1,/mnt/chenpeijian/autodrive/StreetWorld/lead/3rd_party/navsim_workspace/dataset/maps does not exist!
202d0026e8ff5a3c,False,1,/mnt/chenpeijian/autodrive/StreetWorld/lead/3rd_party/navsim_workspace/dataset/maps does not exist!
205cce163e5a5b46,False,1,/mnt/chenpeijian/autodrive/StreetWorld/lead/3rd_party/navsim_workspace/dataset/maps does not exist!
2076a8bdb6da5fe3,False,1,/mnt/chenpeijian/autodrive/StreetWorld/lead/3rd_party/navsim_workspace/dataset/maps does not exist!
20c16675ba295725,False,1,/mnt/chenpeijian/autodrive/StreetWorld/lead/3rd_party/navsim_workspace/dataset/maps does not exist!
20f1de62f5795dab,False,1,/mnt/chenpeijian/autodrive/StreetWorld/lead/3rd_party/navsim_workspace/dataset/maps does not exist!
21128a317e82595f,False,1,/mnt/chenpeijian/autodrive/StreetWorld/lead/3rd_party/navsim_workspace/dataset/maps does not exist!
2125a58a235f5e11,False,1,/mnt/chenpeijian/autodrive/StreetWorld/lead/3rd_party/navsim_workspace/dataset/maps does not exist!
2158d459f8b259c3,False,1,/mnt/chenpeijian/autodrive/StreetWorld/lead/3rd_party/navsim_workspace/dataset/maps does not exist!
218d9b0348fe5687,False,1,/mnt/chenpeijian/autodrive/StreetWorld/lead/3rd_party/navsim_workspace/dataset/maps does not exist!
21b8742127e7523c,False,1,/mnt/chenpeijian/autodrive/StreetWorld/lead/3rd_party/navsim_workspace/dataset/maps does not exist!
21cef59c18245d4c,False,1,/mnt/chenpeijian/autodrive/StreetWorld/lead/3rd_party/navsim_workspace/dataset/maps does not exist!
21e98ee0ac165e2c,False,1,/mnt/chenpeijian/autodrive/StreetWorld/lead/3rd_party/navsim_workspace/dataset/maps does not exist!
223d02be29c65e81,False,1,/mnt/chenpeijian/autodrive/StreetWorld/lead/3rd_party/navsim_workspace/dataset/maps does not exist!
2274256d3852572f,False,1,/mnt/chenpeijian/autodrive/StreetWorld/lead/3rd_party/navsim_workspace/dataset/maps does not exist!
22b526a96ad65c88,False,1,/mnt/chenpeijian/autodrive/StreetWorld/lead/3rd_party/navsim_workspace/dataset/maps does not exist!
230ab732c0d65fb3,False,1,/mnt/chenpeijian/autodrive/StreetWorld/lead/3rd_party/navsim_workspace/dataset/maps does not exist!
2352aa62dbbe58d2,False,1,/mnt/chenpeijian/autodrive/StreetWorld/lead/3rd_party/navsim_workspace/dataset/maps does not exist!
2381f042c0855f20,False,1,/mnt/chenpeijian/autodrive/StreetWorld/lead/3rd_party/navsim_workspace/dataset/maps does not exist!
23ad4e776c025531,False,1,/mnt/chenpeijian/autodrive/StreetWorld/lead/3rd_party/navsim_workspace/dataset/maps does not exist!
23f0187033d658d9,False,1,/mnt/chenpeijian/autodrive/StreetWorld/lead/3rd_party/navsim_workspace/dataset/maps does not exist!
241098fe619c5de0,False,1,/mnt/chenpeijian/autodrive/StreetWorld/lead/3rd_party/navsim_workspace/dataset/maps does not exist!
245bcbae35595474,False,1,/mnt/chenpeijian/autodrive/StreetWorld/lead/3rd_party/navsim_workspace/dataset/maps does not exist!
248a920cf01751f1,False,1,/mnt/chenpeijian/autodrive/StreetWorld/lead/3rd_party/navsim_workspace/dataset/maps does not exist!
24a1c2301c6853f7,False,1,/mnt/chenpeijian/autodrive/StreetWorld/lead/3rd_party/navsim_workspace/dataset/maps does not exist!
24dd5bba8f2f5c53,False,1,/mnt/chenpeijian/autodrive/StreetWorld/lead/3rd_party/navsim_workspace/dataset/maps does not exist!
250e6e2e6a9d5ee8,False,1,/mnt/chenpeijian/autodrive/StreetWorld/lead/3rd_party/navsim_workspace/dataset/maps does not exist!
2564ab331db05cb9,False,1,/mnt/chenpeijian/autodrive/StreetWorld/lead/3rd_party/navsim_workspace/dataset/maps does not exist!
2591ee089f6e5dba,False,1,/mnt/chenpeijian/autodrive/StreetWorld/lead/3rd_party/navsim_workspace/dataset/maps does not exist!
25bf69b0667152fa,False,1,/mnt/chenpeijian/autodrive/StreetWorld/lead/3rd_party/navsim_workspace/dataset/maps does not exist!
25d82b3bc5bf5637,False,1,/mnt/chenpeijian/autodrive/StreetWorld/lead/3rd_party/navsim_workspace/dataset/maps does not exist!
262af71b5e0c5108,False,1,/mnt/chenpeijian/autodrive/StreetWorld/lead/3rd_party/navsim_workspace/dataset/maps does not exist!
26459a22067d556e,False,1,/mnt/chenpeijian/autodrive/StreetWorld/lead/3rd_party/navsim_workspace/dataset/maps does not exist!
265a62af0b2954a5,False,1,/mnt/chenpeijian/autodrive/StreetWorld/lead/3rd_party/navsim_workspace/dataset/maps does not exist!
2695738230ce5ad0,False,1,/mnt/chenpeijian/autodrive/StreetWorld/lead/3rd_party/navsim_workspace/dataset/maps does not exist!
26b80207f01e593f,False,1,/mnt/chenpeijian/autodrive/StreetWorld/lead/3rd_party/navsim_workspace/dataset/maps does not exist!
26e5d2127cf9563d,False,1,/mnt/chenpeijian/autodrive/StreetWorld/lead/3rd_party/navsim_workspace/dataset/maps does not exist!
2721fbd6b58d558a,False,1,/mnt/chenpeijian/autodrive/StreetWorld/lead/3rd_party/navsim_workspace/dataset/maps does not exist!
2752876d0e005d74,False,1,/mnt/chenpeijian/autodrive/StreetWorld/lead/3rd_party/navsim_workspace/dataset/maps does not exist!
277c41e4b5d858f1,False,1,/mnt/chenpeijian/autodrive/StreetWorld/lead/3rd_party/navsim_workspace/dataset/maps does not exist!
27967352b2a95cbe,False,1,/mnt/chenpeijian/autodrive/StreetWorld/lead/3rd_party/navsim_workspace/dataset/maps does not exist!
27cf243155ac526c,False,1,/mnt/chenpeijian/autodrive/StreetWorld/lead/3rd_party/navsim_workspace/dataset/maps does not exist!
2802831d87ba5a55,False,1,/mnt/chenpeijian/autodrive/StreetWorld/lead/3rd_party/navsim_workspace/dataset/maps does not exist!
2829df17720c501f,False,1,/mnt/chenpeijian/autodrive/StreetWorld/lead/3rd_party/navsim_workspace/dataset/maps does not exist!
283ae14565b85cc3,False,1,/mnt/chenpeijian/autodrive/StreetWorld/lead/3rd_party/navsim_workspace/dataset/maps does not exist!
289a58bd2ab6512b,False,1,/mnt/chenpeijian/autodrive/StreetWorld/lead/3rd_party/navsim_workspace/dataset/maps does not exist!
28d91d7116785bf9,False,1,/mnt/chenpeijian/autodrive/StreetWorld/lead/3rd_party/navsim_workspace/dataset/maps does not exist!
29143e2319415eec,False,1,/mnt/chenpeijian/autodrive/StreetWorld/lead/3rd_party/navsim_workspace/dataset/maps does not exist!
29213c31b5895c5f,False,1,/mnt/chenpeijian/autodrive/StreetWorld/lead/3rd_party/navsim_workspace/dataset/maps does not exist!
2944ba8cf77c5ad9,False,1,/mnt/chenpeijian/autodrive/StreetWorld/lead/3rd_party/navsim_workspace/dataset/maps does not exist!
2972c31a52275dc1,False,1,/mnt/chenpeijian/autodrive/StreetWorld/lead/3rd_party/navsim_workspace/dataset/maps does not exist!
29a13686ed375688,False,1,/mnt/chenpeijian/autodrive/StreetWorld/lead/3rd_party/navsim_workspace/dataset/maps does not exist!
29c3b3019c9e535a,False,1,/mnt/chenpeijian/autodrive/StreetWorld/lead/3rd_party/navsim_workspace/dataset/maps does not exist!
29d982d97d135311,False,1,/mnt/chenpeijian/autodrive/StreetWorld/lead/3rd_party/navsim_workspace/dataset/maps does not exist!
2a2cb941f34b5bc4,False,1,/mnt/chenpeijian/autodrive/StreetWorld/lead/3rd_party/navsim_workspace/dataset/maps does not exist!
2a49de57fddb59bc,False,1,/mnt/chenpeijian/autodrive/StreetWorld/lead/3rd_party/navsim_workspace/dataset/maps does not exist!
2a764e45008651e0,False,1,/mnt/chenpeijian/autodrive/StreetWorld/lead/3rd_party/navsim_workspace/dataset/maps does not exist!
2aa64c0ff1f059fd,False,1,/mnt/chenpeijian/autodrive/StreetWorld/lead/3rd_party/navsim_workspace/dataset/maps does not exist!
2ad9640eb724590d,False,1,/mnt/chenpeijian/autodrive/StreetWorld/lead/3rd_party/navsim_workspace/dataset/maps does not exist!
2b156c54c8ce5645,False,1,/mnt/chenpeijian/autodrive/StreetWorld/lead/3rd_party/navsim_workspace/dataset/maps does not exist!
2b4fee42169a54a8,False,1,/mnt/chenpeijian/autodrive/StreetWorld/lead/3rd_party/navsim_workspace/dataset/maps does not exist!
2ba94c9278825a74,False,1,/mnt/chenpeijian/autodrive/StreetWorld/lead/3rd_party/navsim_workspace/dataset/maps does not exist!
2be1cc28e5af523e,False,1,/mnt/chenpeijian/autodrive/StreetWorld/lead/3rd_party/navsim_workspace/dataset/maps does not exist!
2c21ad85949653a6,False,1,/mnt/chenpeijian/autodrive/StreetWorld/lead/3rd_party/navsim_workspace/dataset/maps does not exist!
2c67391395c65d6a,False,1,/mnt/chenpeijian/autodrive/StreetWorld/lead/3rd_party/navsim_workspace/dataset/maps does not exist!
2c9ea4fc0e8e5ef2,False,1,/mnt/chenpeijian/autodrive/StreetWorld/lead/3rd_party/navsim_workspace/dataset/maps does not exist!
2cc526803c3250c9,False,1,/mnt/chenpeijian/autodrive/StreetWorld/lead/3rd_party/navsim_workspace/dataset/maps does not exist!
2d0334f7e7d75853,False,1,/mnt/chenpeijian/autodrive/StreetWorld/lead/3rd_party/navsim_workspace/dataset/maps does not exist!
2d264d513abb5a7d,False,1,/mnt/chenpeijian/autodrive/StreetWorld/lead/3rd_party/navsim_workspace/dataset/maps does not exist!
2d55129330045d3f,False,1,/mnt/chenpeijian/autodrive/StreetWorld/lead/3rd_party/navsim_workspace/dataset/maps does not exist!
2d7a04e2df2d5bd3,False,1,/mnt/chenpeijian/autodrive/StreetWorld/lead/3rd_party/navsim_workspace/dataset/maps does not exist!
2db75185de1d5763,False,1,/mnt/chenpeijian/autodrive/StreetWorld/lead/3rd_party/navsim_workspace/dataset/maps does not exist!
2df5fba355f65937,False,1,/mnt/chenpeijian/autodrive/StreetWorld/lead/3rd_party/navsim_workspace/dataset/maps does not exist!
2e2cc58c9aa450e7,False,1,/mnt/chenpeijian/autodrive/StreetWorld/lead/3rd_party/navsim_workspace/dataset/maps does not exist!
2e67ddf209365112,False,1,/mnt/chenpeijian/autodrive/StreetWorld/lead/3rd_party/navsim_workspace/dataset/maps does not exist!
2ead0bb5e6705b4a,False,1,/mnt/chenpeijian/autodrive/StreetWorld/lead/3rd_party/navsim_workspace/dataset/maps does not exist!
2ee2b26e0f20509d,False,1,/mnt/chenpeijian/autodrive/StreetWorld/lead/3rd_party/navsim_workspace/dataset/maps does not exist!
2f191795b29f52b2,False,1,/mnt/chenpeijian/autodrive/StreetWorld/lead/3rd_party/navsim_workspace/dataset/maps does not exist!
2f525b2a3cf35331,False,1,/mnt/chenpeijian/autodrive/StreetWorld/lead/3rd_party/navsim_workspace/dataset/maps does not exist!
2fa0f34bd2da5b39,False,1,/mnt/chenpeijian/autodrive/StreetWorld/lead/3rd_party/navsim_workspace/dataset/maps does not exist!
2fd327a8eff250ba,False,1,/mnt/chenpeijian/autodrive/StreetWorld/lead/3rd_party/navsim_workspace/dataset/maps does not exist!
3010009fcb295507,False,1,/mnt/chenpeijian/autodrive/StreetWorld/lead/3rd_party/navsim_workspace/dataset/maps does not exist!
30422125ddd4590b,False,1,/mnt/chenpeijian/autodrive/StreetWorld/lead/3rd_party/navsim_workspace/dataset/maps does not exist!
3067f3d3d5a75989,False,1,/mnt/chenpeijian/autodrive/StreetWorld/lead/3rd_party/navsim_workspace/dataset/maps does not exist!
308908fd6d9a5631,False,1,/mnt/chenpeijian/autodrive/StreetWorld/lead/3rd_party/navsim_workspace/dataset/maps does not exist!
30d3af9350045c29,False,1,/mnt/chenpeijian/autodrive/StreetWorld/lead/3rd_party/navsim_workspace/dataset/maps does not exist!
30f959771e1e588d,False,1,/mnt/chenpeijian/autodrive/StreetWorld/lead/3rd_party/navsim_workspace/dataset/maps does not exist!
31222d2fc6f95e0d,False,1,/mnt/chenpeijian/autodrive/StreetWorld/lead/3rd_party/navsim_workspace/dataset/maps does not exist!
314e2f70ce905b5e,False,1,/mnt/chenpeijian/autodrive/StreetWorld/lead/3rd_party/navsim_workspace/dataset/maps does not exist!
315aedf84f9f59c3,False,1,/mnt/chenpeijian/autodrive/StreetWorld/lead/3rd_party/navsim_workspace/dataset/maps does not exist!
31a522ae1ee151bf,False,1,/mnt/chenpeijian/autodrive/StreetWorld/lead/3rd_party/navsim_workspace/dataset/maps does not exist!
32013abf6afd5d2e,False,1,/mnt/chenpeijian/autodrive/StreetWorld/lead/3rd_party/navsim_workspace/dataset/maps does not exist!
324b5f24fb0c5f3f,False,1,/mnt/chenpeijian/autodrive/StreetWorld/lead/3rd_party/navsim_workspace/dataset/maps does not exist!
3265a706c55157b2,False,1,/mnt/chenpeijian/autodrive/StreetWorld/lead/3rd_party/navsim_workspace/dataset/maps does not exist!
32a409f974555830,False,1,/mnt/chenpeijian/autodrive/StreetWorld/lead/3rd_party/navsim_workspace/dataset/maps does not exist!
32d85d373126537e,False,1,/mnt/chenpeijian/autodrive/StreetWorld/lead/3rd_party/navsim_workspace/dataset/maps does not exist!
33008a3b27ab59a1,False,1,/mnt/chenpeijian/autodrive/StreetWorld/lead/3rd_party/navsim_workspace/dataset/maps does not exist!
331a4a4334df5c34,False,1,/mnt/chenpeijian/autodrive/StreetWorld/lead/3rd_party/navsim_workspace/dataset/maps does not exist!
33423262feb656a3,False,1,/mnt/chenpeijian/autodrive/StreetWorld/lead/3rd_party/navsim_workspace/dataset/maps does not exist!
337a46b592e654da,False,1,/mnt/chenpeijian/autodrive/StreetWorld/lead/3rd_party/navsim_workspace/dataset/maps does not exist!
33b5a72931215b30,False,1,/mnt/chenpeijian/autodrive/StreetWorld/lead/3rd_party/navsim_workspace/dataset/maps does not exist!
33c321ae43da54c6,False,1,/mnt/chenpeijian/autodrive/StreetWorld/lead/3rd_party/navsim_workspace/dataset/maps does not exist!
33e4d8b62def5fbc,False,1,/mnt/chenpeijian/autodrive/StreetWorld/lead/3rd_party/navsim_workspace/dataset/maps does not exist!
34048f1ce51452d0,False,1,/mnt/chenpeijian/autodrive/StreetWorld/lead/3rd_party/navsim_workspace/dataset/maps does not exist!
345f39f8de925db9,False,1,/mnt/chenpeijian/autodrive/StreetWorld/lead/3rd_party/navsim_workspace/dataset/maps does not exist!
348680e464e15fa2,False,1,/mnt/chenpeijian/autodrive/StreetWorld/lead/3rd_party/navsim_workspace/dataset/maps does not exist!
34a92bb4ef51562b,False,1,/mnt/chenpeijian/autodrive/StreetWorld/lead/3rd_party/navsim_workspace/dataset/maps does not exist!
34cc387cf0335f28,False,1,/mnt/chenpeijian/autodrive/StreetWorld/lead/3rd_party/navsim_workspace/dataset/maps does not exist!
350a93fe67645bf1,False,1,/mnt/chenpeijian/autodrive/StreetWorld/lead/3rd_party/navsim_workspace/dataset/maps does not exist!
352290f8ed8e572e,False,1,/mnt/chenpeijian/autodrive/StreetWorld/lead/3rd_party/navsim_workspace/dataset/maps does not exist!
354ac12e8832565a,False,1,/mnt/chenpeijian/autodrive/StreetWorld/lead/3rd_party/navsim_workspace/dataset/maps does not exist!
358d973661955d68,False,1,/mnt/chenpeijian/autodrive/StreetWorld/lead/3rd_party/navsim_workspace/dataset/maps does not exist!
35cf51dd13d559c0,False,1,/mnt/chenpeijian/autodrive/StreetWorld/lead/3rd_party/navsim_workspace/dataset/maps does not exist!
35f13a6de1575fdc,False,1,/mnt/chenpeijian/autodrive/StreetWorld/lead/3rd_party/navsim_workspace/dataset/maps does not exist!
36077daf1cda5d05,False,1,/mnt/chenpeijian/autodrive/StreetWorld/lead/3rd_party/navsim_workspace/dataset/maps does not exist!
365c0937de9d5885,False,1,/mnt/chenpeijian/autodrive/StreetWorld/lead/3rd_party/navsim_workspace/dataset/maps does not exist!
36a10b24956c5db7,False,1,/mnt/chenpeijian/autodrive/StreetWorld/lead/3rd_party/navsim_workspace/dataset/maps does not exist!
36d7d1e453cf5158,False,1,/mnt/chenpeijian/autodrive/StreetWorld/lead/3rd_party/navsim_workspace/dataset/maps does not exist!
36ee69ae43b85587,False,1,/mnt/chenpeijian/autodrive/StreetWorld/lead/3rd_party/navsim_workspace/dataset/maps does not exist!
3721b675d426567c,False,1,/mnt/chenpeijian/autodrive/StreetWorld/lead/3rd_party/navsim_workspace/dataset/maps does not exist!
3748f0fadf395c8a,False,1,/mnt/chenpeijian/autodrive/StreetWorld/lead/3rd_party/navsim_workspace/dataset/maps does not exist!
37769b4b04c65713,False,1,/mnt/chenpeijian/autodrive/StreetWorld/lead/3rd_party/navsim_workspace/dataset/maps does not exist!
37b3d87596685948,False,1,/mnt/chenpeijian/autodrive/StreetWorld/lead/3rd_party/navsim_workspace/dataset/maps does not exist!
382c08ff59d5504b,False,1,/mnt/chenpeijian/autodrive/StreetWorld/lead/3rd_party/navsim_workspace/dataset/maps does not exist!
387504d3db1852b0,False,1,/mnt/chenpeijian/autodrive/StreetWorld/lead/3rd_party/navsim_workspace/dataset/maps does not exist!
388e7bfc1d1957b4,False,1,/mnt/chenpeijian/autodrive/StreetWorld/lead/3rd_party/navsim_workspace/dataset/maps does not exist!
38b3c670b2ad55c7,False,1,/mnt/chenpeijian/autodrive/StreetWorld/lead/3rd_party/navsim_workspace/dataset/maps does not exist!
38db478c95eb5079,False,1,/mnt/chenpeijian/autodrive/StreetWorld/lead/3rd_party/navsim_workspace/dataset/maps does not exist!
390d9e3b03a15695,False,1,/mnt/chenpeijian/autodrive/StreetWorld/lead/3rd_party/navsim_workspace/dataset/maps does not exist!
39640455f50c544c,False,1,/mnt/chenpeijian/autodrive/StreetWorld/lead/3rd_party/navsim_workspace/dataset/maps does not exist!
3972714235c35bcc,False,1,/mnt/chenpeijian/autodrive/StreetWorld/lead/3rd_party/navsim_workspace/dataset/maps does not exist!
398b056b300955e1,False,1,/mnt/chenpeijian/autodrive/StreetWorld/lead/3rd_party/navsim_workspace/dataset/maps does not exist!
39c08e30ff9255ef,False,1,/mnt/chenpeijian/autodrive/StreetWorld/lead/3rd_party/navsim_workspace/dataset/maps does not exist!
39f91a002193578a,False,1,/mnt/chenpeijian/autodrive/StreetWorld/lead/3rd_party/navsim_workspace/dataset/maps does not exist!
3a2616c871335ef4,False,1,/mnt/chenpeijian/autodrive/StreetWorld/lead/3rd_party/navsim_workspace/dataset/maps does not exist!
3a61d7ced3ca590d,False,1,/mnt/chenpeijian/autodrive/StreetWorld/lead/3rd_party/navsim_workspace/dataset/maps does not exist!
3acc6eea1ed15f20,False,1,/mnt/chenpeijian/autodrive/StreetWorld/lead/3rd_party/navsim_workspace/dataset/maps does not exist!
3af3b3a7a8635164,False,1,/mnt/chenpeijian/autodrive/StreetWorld/lead/3rd_party/navsim_workspace/dataset/maps does not exist!
3aff98e018195468,False,1,/mnt/chenpeijian/autodrive/StreetWorld/lead/3rd_party/navsim_workspace/dataset/maps does not exist!
3b1e0182cb145b8d,False,1,/mnt/chenpeijian/autodrive/StreetWorld/lead/3rd_party/navsim_workspace/dataset/maps does not exist!
3b4f49412be55b80,False,1,/mnt/chenpeijian/autodrive/StreetWorld/lead/3rd_party/navsim_workspace/dataset/maps does not exist!
3b6f7096a2cf5621,False,1,/mnt/chenpeijian/autodrive/StreetWorld/lead/3rd_party/navsim_workspace/dataset/maps does not exist!
3ba2c46a8d445efd,False,1,/mnt/chenpeijian/autodrive/StreetWorld/lead/3rd_party/navsim_workspace/dataset/maps does not exist!
3bb3a8f506bf5980,False,1,/mnt/chenpeijian/autodrive/StreetWorld/lead/3rd_party/navsim_workspace/dataset/maps does not exist!
3bd2edbc70605e87,False,1,/mnt/chenpeijian/autodrive/StreetWorld/lead/3rd_party/navsim_workspace/dataset/maps does not exist!
3bf245d895b25ec0,False,1,/mnt/chenpeijian/autodrive/StreetWorld/lead/3rd_party/navsim_workspace/dataset/maps does not exist!
3c26d6bf58555468,False,1,/mnt/chenpeijian/autodrive/StreetWorld/lead/3rd_party/navsim_workspace/dataset/maps does not exist!
3c46be05cd7a5cdf,False,1,/mnt/chenpeijian/autodrive/StreetWorld/lead/3rd_party/navsim_workspace/dataset/maps does not exist!
3c90de2a12a558b2,False,1,/mnt/chenpeijian/autodrive/StreetWorld/lead/3rd_party/navsim_workspace/dataset/maps does not exist!
3cbb6c030b1e5d19,False,1,/mnt/chenpeijian/autodrive/StreetWorld/lead/3rd_party/navsim_workspace/dataset/maps does not exist!
3cf9c200e3485696,False,1,/mnt/chenpeijian/autodrive/StreetWorld/lead/3rd_party/navsim_workspace/dataset/maps does not exist!
3d1c445859d85d51,False,1,/mnt/chenpeijian/autodrive/StreetWorld/lead/3rd_party/navsim_workspace/dataset/maps does not exist!
3d43337c0e6b5910,False,1,/mnt/chenpeijian/autodrive/StreetWorld/lead/3rd_party/navsim_workspace/dataset/maps does not exist!
3d6cbc2a95885eef,False,1,/mnt/chenpeijian/autodrive/StreetWorld/lead/3rd_party/navsim_workspace/dataset/maps does not exist!
3d8c71ff899f50e6,False,1,/mnt/chenpeijian/autodrive/StreetWorld/lead/3rd_party/navsim_workspace/dataset/maps does not exist!
3debd3d86b5850dd,False,1,/mnt/chenpeijian/autodrive/StreetWorld/lead/3rd_party/navsim_workspace/dataset/maps does not exist!
3e1daba01cbe5973,False,1,/mnt/chenpeijian/autodrive/StreetWorld/lead/3rd_party/navsim_workspace/dataset/maps does not exist!
3e5647cd8d1a50c2,False,1,/mnt/chenpeijian/autodrive/StreetWorld/lead/3rd_party/navsim_workspace/dataset/maps does not exist!
3e77b33549485e34,False,1,/mnt/chenpeijian/autodrive/StreetWorld/lead/3rd_party/navsim_workspace/dataset/maps does not exist!
3eaee893ba995c48,False,1,/mnt/chenpeijian/autodrive/StreetWorld/lead/3rd_party/navsim_workspace/dataset/maps does not exist!
3ef30aa787de56fa,False,1,/mnt/chenpeijian/autodrive/StreetWorld/lead/3rd_party/navsim_workspace/dataset/maps does not exist!
3f265d778b65596b,False,1,/mnt/chenpeijian/autodrive/StreetWorld/lead/3rd_party/navsim_workspace/dataset/maps does not exist!
3f56f99e2cf15355,False,1,/mnt/chenpeijian/autodrive/StreetWorld/lead/3rd_party/navsim_workspace/dataset/maps does not exist!
3f80c1a045a056e4,False,1,/mnt/chenpeijian/autodrive/StreetWorld/lead/3rd_party/navsim_workspace/dataset/maps does not exist!
3fb1b622b5e155cc,False,1,/mnt/chenpeijian/autodrive/StreetWorld/lead/3rd_party/navsim_workspace/dataset/maps does not exist!
3fdefe546f3159fd,False,1,/mnt/chenpeijian/autodrive/StreetWorld/lead/3rd_party/navsim_workspace/dataset/maps does not exist!
400a99ae89275e4d,False,1,/mnt/chenpeijian/autodrive/StreetWorld/lead/3rd_party/navsim_workspace/dataset/maps does not exist!
402ec186b8ea545e,False,1,/mnt/chenpeijian/autodrive/StreetWorld/lead/3rd_party/navsim_workspace/dataset/maps does not exist!
406d4391f1205862,False,1,/mnt/chenpeijian/autodrive/StreetWorld/lead/3rd_party/navsim_workspace/dataset/maps does not exist!
4080e46653b05c94,False,1,/mnt/chenpeijian/autodrive/StreetWorld/lead/3rd_party/navsim_workspace/dataset/maps does not exist!
40c9fc73f7275730,False,1,/mnt/chenpeijian/autodrive/StreetWorld/lead/3rd_party/navsim_workspace/dataset/maps does not exist!
40ffdefe6d2f541a,False,1,/mnt/chenpeijian/autodrive/StreetWorld/lead/3rd_party/navsim_workspace/dataset/maps does not exist!
41470fb14dab5d99,False,1,/mnt/chenpeijian/autodrive/StreetWorld/lead/3rd_party/navsim_workspace/dataset/maps does not exist!
4167ff5049555a2f,False,1,/mnt/chenpeijian/autodrive/StreetWorld/lead/3rd_party/navsim_workspace/dataset/maps does not exist!
419ff14e34c45d7f,False,1,/mnt/chenpeijian/autodrive/StreetWorld/lead/3rd_party/navsim_workspace/dataset/maps does not exist!
41d8a2d6fa6853c5,False,1,/mnt/chenpeijian/autodrive/StreetWorld/lead/3rd_party/navsim_workspace/dataset/maps does not exist!
4203da2e7a8b518d,False,1,/mnt/chenpeijian/autodrive/StreetWorld/lead/3rd_party/navsim_workspace/dataset/maps does not exist!
42629decf8ad5328,False,1,/mnt/chenpeijian/autodrive/StreetWorld/lead/3rd_party/navsim_workspace/dataset/maps does not exist!
4291f43bae455b98,False,1,/mnt/chenpeijian/autodrive/StreetWorld/lead/3rd_party/navsim_workspace/dataset/maps does not exist!
42ba77cc2fb05229,False,1,/mnt/chenpeijian/autodrive/StreetWorld/lead/3rd_party/navsim_workspace/dataset/maps does not exist!
42e65d558a9c5813,False,1,/mnt/chenpeijian/autodrive/StreetWorld/lead/3rd_party/navsim_workspace/dataset/maps does not exist!
43162b00fe4550b8,False,1,/mnt/chenpeijian/autodrive/StreetWorld/lead/3rd_party/navsim_workspace/dataset/maps does not exist!
4334739a7f4e554e,False,1,/mnt/chenpeijian/autodrive/StreetWorld/lead/3rd_party/navsim_workspace/dataset/maps does not exist!
435298980d7e5fb1,False,1,/mnt/chenpeijian/autodrive/StreetWorld/lead/3rd_party/navsim_workspace/dataset/maps does not exist!
43768792861e5c7e,False,1,/mnt/chenpeijian/autodrive/StreetWorld/lead/3rd_party/navsim_workspace/dataset/maps does not exist!
43c74ea303715baf,False,1,/mnt/chenpeijian/autodrive/StreetWorld/lead/3rd_party/navsim_workspace/dataset/maps does not exist!
43fe2321124251d3,False,1,/mnt/chenpeijian/autodrive/StreetWorld/lead/3rd_party/navsim_workspace/dataset/maps does not exist!
444d8e18dcce5e49,False,1,/mnt/chenpeijian/autodrive/StreetWorld/lead/3rd_party/navsim_workspace/dataset/maps does not exist!
4495218e41b35f25,False,1,/mnt/chenpeijian/autodrive/StreetWorld/lead/3rd_party/navsim_workspace/dataset/maps does not exist!
44cc84f91c6b5bf5,False,1,/mnt/chenpeijian/autodrive/StreetWorld/lead/3rd_party/navsim_workspace/dataset/maps does not exist!
4509bc830bbc5fbd,False,1,/mnt/chenpeijian/autodrive/StreetWorld/lead/3rd_party/navsim_workspace/dataset/maps does not exist!
45224683225b5617,False,1,/mnt/chenpeijian/autodrive/StreetWorld/lead/3rd_party/navsim_workspace/dataset/maps does not exist!
4554dbd136da53b8,False,1,/mnt/chenpeijian/autodrive/StreetWorld/lead/3rd_party/navsim_workspace/dataset/maps does not exist!
45878940b52550ea,False,1,/mnt/chenpeijian/autodrive/StreetWorld/lead/3rd_party/navsim_workspace/dataset/maps does not exist!
45c4158a235e514a,False,1,/mnt/chenpeijian/autodrive/StreetWorld/lead/3rd_party/navsim_workspace/dataset/maps does not exist!
4631b80af7fb5f2f,False,1,/mnt/chenpeijian/autodrive/StreetWorld/lead/3rd_party/navsim_workspace/dataset/maps does not exist!
467a4f14137a5910,False,1,/mnt/chenpeijian/autodrive/StreetWorld/lead/3rd_party/navsim_workspace/dataset/maps does not exist!
46c8d578ddb55784,False,1,/mnt/chenpeijian/autodrive/StreetWorld/lead/3rd_party/navsim_workspace/dataset/maps does not exist!
4711d15a356a54e9,False,1,/mnt/chenpeijian/autodrive/StreetWorld/lead/3rd_party/navsim_workspace/dataset/maps does not exist!
4745746f9a555951,False,1,/mnt/chenpeijian/autodrive/StreetWorld/lead/3rd_party/navsim_workspace/dataset/maps does not exist!
4763f30d505c5ea6,False,1,/mnt/chenpeijian/autodrive/StreetWorld/lead/3rd_party/navsim_workspace/dataset/maps does not exist!
47b1e103c4f1584a,False,1,/mnt/chenpeijian/autodrive/StreetWorld/lead/3rd_party/navsim_workspace/dataset/maps does not exist!
47e0ff3bc36a5f69,False,1,/mnt/chenpeijian/autodrive/StreetWorld/lead/3rd_party/navsim_workspace/dataset/maps does not exist!
47fdf7c04b155eac,False,1,/mnt/chenpeijian/autodrive/StreetWorld/lead/3rd_party/navsim_workspace/dataset/maps does not exist!
482989b8df6550b5,False,1,/mnt/chenpeijian/autodrive/StreetWorld/lead/3rd_party/navsim_workspace/dataset/maps does not exist!
485b59c15a7d5e8f,False,1,/mnt/chenpeijian/autodrive/StreetWorld/lead/3rd_party/navsim_workspace/dataset/maps does not exist!
4889752cac5f5e59,False,1,/mnt/chenpeijian/autodrive/StreetWorld/lead/3rd_party/navsim_workspace/dataset/maps does not exist!
48b6d9fdf22d5a23,False,1,/mnt/chenpeijian/autodrive/StreetWorld/lead/3rd_party/navsim_workspace/dataset/maps does not exist!
48f6a3bdc0bf5d64,False,1,/mnt/chenpeijian/autodrive/StreetWorld/lead/3rd_party/navsim_workspace/dataset/maps does not exist!
490f13844af5590d,False,1,/mnt/chenpeijian/autodrive/StreetWorld/lead/3rd_party/navsim_workspace/dataset/maps does not exist!
49365bdfac13581d,False,1,/mnt/chenpeijian/autodrive/StreetWorld/lead/3rd_party/navsim_workspace/dataset/maps does not exist!
498c6f15e5c856bb,False,1,/mnt/chenpeijian/autodrive/StreetWorld/lead/3rd_party/navsim_workspace/dataset/maps does not exist!
49bdbf5ee25c5024,False,1,/mnt/chenpeijian/autodrive/StreetWorld/lead/3rd_party/navsim_workspace/dataset/maps does not exist!
49e3bfda06d45f7e,False,1,/mnt/chenpeijian/autodrive/StreetWorld/lead/3rd_party/navsim_workspace/dataset/maps does not exist!
4a096077f8165879,False,1,/mnt/chenpeijian/autodrive/StreetWorld/lead/3rd_party/navsim_workspace/dataset/maps does not exist!
4a4bf6e11a875f33,False,1,/mnt/chenpeijian/autodrive/StreetWorld/lead/3rd_party/navsim_workspace/dataset/maps does not exist!
4a6dd3df952b5703,False,1,/mnt/chenpeijian/autodrive/StreetWorld/lead/3rd_party/navsim_workspace/dataset/maps does not exist!
4a9a5d2dcc045ec4,False,1,/mnt/chenpeijian/autodrive/StreetWorld/lead/3rd_party/navsim_workspace/dataset/maps does not exist!
4ac092ec1bee5e7a,False,1,/mnt/chenpeijian/autodrive/StreetWorld/lead/3rd_party/navsim_workspace/dataset/maps does not exist!
4ae7296f92115e83,False,1,/mnt/chenpeijian/autodrive/StreetWorld/lead/3rd_party/navsim_workspace/dataset/maps does not exist!
4b22a759c31a52c5,False,1,/mnt/chenpeijian/autodrive/StreetWorld/lead/3rd_party/navsim_workspace/dataset/maps does not exist!
4b4a268bee4c5ab5,False,1,/mnt/chenpeijian/autodrive/StreetWorld/lead/3rd_party/navsim_workspace/dataset/maps does not exist!
4b5fc0f1425c5288,False,1,/mnt/chenpeijian/autodrive/StreetWorld/lead/3rd_party/navsim_workspace/dataset/maps does not exist!
4b82ec1d991358e2,False,1,/mnt/chenpeijian/autodrive/StreetWorld/lead/3rd_party/navsim_workspace/dataset/maps does not exist!
4ba033878f8b5284,False,1,/mnt/chenpeijian/autodrive/StreetWorld/lead/3rd_party/navsim_workspace/dataset/maps does not exist!
4bc122716deb519f,False,1,/mnt/chenpeijian/autodrive/StreetWorld/lead/3rd_party/navsim_workspace/dataset/maps does not exist!
4bfb085c53cc522f,False,1,/mnt/chenpeijian/autodrive/StreetWorld/lead/3rd_party/navsim_workspace/dataset/maps does not exist!
4c46222756735317,False,1,/mnt/chenpeijian/autodrive/StreetWorld/lead/3rd_party/navsim_workspace/dataset/maps does not exist!
4c8d222d98115a86,False,1,/mnt/chenpeijian/autodrive/StreetWorld/lead/3rd_party/navsim_workspace/dataset/maps does not exist!
4cc313afb2665204,False,1,/mnt/chenpeijian/autodrive/StreetWorld/lead/3rd_party/navsim_workspace/dataset/maps does not exist!
4cdd4e33b01a52a8,False,1,/mnt/chenpeijian/autodrive/StreetWorld/lead/3rd_party/navsim_workspace/dataset/maps does not exist!
4cf608d9de4e5349,False,1,/mnt/chenpeijian/autodrive/StreetWorld/lead/3rd_party/navsim_workspace/dataset/maps does not exist!
4d1a4e9606075497,False,1,/mnt/chenpeijian/autodrive/StreetWorld/lead/3rd_party/navsim_workspace/dataset/maps does not exist!
4d48843c558b5807,False,1,/mnt/chenpeijian/autodrive/StreetWorld/lead/3rd_party/navsim_workspace/dataset/maps does not exist!
4d6afade8dd35690,False,1,/mnt/chenpeijian/autodrive/StreetWorld/lead/3rd_party/navsim_workspace/dataset/maps does not exist!
4d9c7a900c6c5081,False,1,/mnt/chenpeijian/autodrive/StreetWorld/lead/3rd_party/navsim_workspace/dataset/maps does not exist!
4dca385d371c57fb,False,1,/mnt/chenpeijian/autodrive/StreetWorld/lead/3rd_party/navsim_workspace/dataset/maps does not exist!
4ddab8ee947255d9,False,1,/mnt/chenpeijian/autodrive/StreetWorld/lead/3rd_party/navsim_workspace/dataset/maps does not exist!
4e1193a7697853ba,False,1,/mnt/chenpeijian/autodrive/StreetWorld/lead/3rd_party/navsim_workspace/dataset/maps does not exist!
4e3103d8feb95170,False,1,/mnt/chenpeijian/autodrive/StreetWorld/lead/3rd_party/navsim_workspace/dataset/maps does not exist!
4e60581353585fdc,False,1,/mnt/chenpeijian/autodrive/StreetWorld/lead/3rd_party/navsim_workspace/dataset/maps does not exist!
4eb5bcde81245591,False,1,/mnt/chenpeijian/autodrive/StreetWorld/lead/3rd_party/navsim_workspace/dataset/maps does not exist!
4eff4682a7795fe1,False,1,/mnt/chenpeijian/autodrive/StreetWorld/lead/3rd_party/navsim_workspace/dataset/maps does not exist!
4f5e535c78385629,False,1,/mnt/chenpeijian/autodrive/StreetWorld/lead/3rd_party/navsim_workspace/dataset/maps does not exist!
4f7b03242ab05a2d,False,1,/mnt/chenpeijian/autodrive/StreetWorld/lead/3rd_party/navsim_workspace/dataset/maps does not exist!
4fbdc88ce3f75540,False,1,/mnt/chenpeijian/autodrive/StreetWorld/lead/3rd_party/navsim_workspace/dataset/maps does not exist!
4fdf85786f785a83,False,1,/mnt/chenpeijian/autodrive/StreetWorld/lead/3rd_party/navsim_workspace/dataset/maps does not exist!
5016d5a7a87a538d,False,1,/mnt/chenpeijian/autodrive/StreetWorld/lead/3rd_party/navsim_workspace/dataset/maps does not exist!
5056ce4462ad5960,False,1,/mnt/chenpeijian/autodrive/StreetWorld/lead/3rd_party/navsim_workspace/dataset/maps does not exist!
507a3844cf3051de,False,1,/mnt/chenpeijian/autodrive/StreetWorld/lead/3rd_party/navsim_workspace/dataset/maps does not exist!
50a0fd7b031e5ca6,False,1,/mnt/chenpeijian/autodrive/StreetWorld/lead/3rd_party/navsim_workspace/dataset/maps does not exist!
50d6986491d3510a,False,1,/mnt/chenpeijian/autodrive/StreetWorld/lead/3rd_party/navsim_workspace/dataset/maps does not exist!
511ba067a1835f86,False,1,/mnt/chenpeijian/autodrive/StreetWorld/lead/3rd_party/navsim_workspace/dataset/maps does not exist!
5155241fdbbf57b3,False,1,/mnt/chenpeijian/autodrive/StreetWorld/lead/3rd_party/navsim_workspace/dataset/maps does not exist!
51754449a4dd5f27,False,1,/mnt/chenpeijian/autodrive/StreetWorld/lead/3rd_party/navsim_workspace/dataset/maps does not exist!
51e4c182629c50a7,False,1,/mnt/chenpeijian/autodrive/StreetWorld/lead/3rd_party/navsim_workspace/dataset/maps does not exist!
520e72270acb562a,False,1,/mnt/chenpeijian/autodrive/StreetWorld/lead/3rd_party/navsim_workspace/dataset/maps does not exist!
5237b49651b35ffb,False,1,/mnt/chenpeijian/autodrive/StreetWorld/lead/3rd_party/navsim_workspace/dataset/maps does not exist!
5259a5b9d00d54a7,False,1,/mnt/chenpeijian/autodrive/StreetWorld/lead/3rd_party/navsim_workspace/dataset/maps does not exist!
52a66f215e855378,False,1,/mnt/chenpeijian/autodrive/StreetWorld/lead/3rd_party/navsim_workspace/dataset/maps does not exist!
52bc37cb7789510b,False,1,/mnt/chenpeijian/autodrive/StreetWorld/lead/3rd_party/navsim_workspace/dataset/maps does not exist!
52d6d6f0e4305a44,False,1,/mnt/chenpeijian/autodrive/StreetWorld/lead/3rd_party/navsim_workspace/dataset/maps does not exist!
52f0b8a2023656cf,False,1,/mnt/chenpeijian/autodrive/StreetWorld/lead/3rd_party/navsim_workspace/dataset/maps does not exist!
5317b890d3e45958,False,1,/mnt/chenpeijian/autodrive/StreetWorld/lead/3rd_party/navsim_workspace/dataset/maps does not exist!
534942a69dea5054,False,1,/mnt/chenpeijian/autodrive/StreetWorld/lead/3rd_party/navsim_workspace/dataset/maps does not exist!
5361459e4c1b5899,False,1,/mnt/chenpeijian/autodrive/StreetWorld/lead/3rd_party/navsim_workspace/dataset/maps does not exist!
5382d1898c5f506d,False,1,/mnt/chenpeijian/autodrive/StreetWorld/lead/3rd_party/navsim_workspace/dataset/maps does not exist!
53f1331b9dd45ffa,False,1,/mnt/chenpeijian/autodrive/StreetWorld/lead/3rd_party/navsim_workspace/dataset/maps does not exist!
54220704df92547d,False,1,/mnt/chenpeijian/autodrive/StreetWorld/lead/3rd_party/navsim_workspace/dataset/maps does not exist!
5444d6dfc06559c3,False,1,/mnt/chenpeijian/autodrive/StreetWorld/lead/3rd_party/navsim_workspace/dataset/maps does not exist!
5491f2f619e25dfb,False,1,/mnt/chenpeijian/autodrive/StreetWorld/lead/3rd_party/navsim_workspace/dataset/maps does not exist!
54acc07973fb52c8,False,1,/mnt/chenpeijian/autodrive/StreetWorld/lead/3rd_party/navsim_workspace/dataset/maps does not exist!
54d9604b5b265c99,False,1,/mnt/chenpeijian/autodrive/StreetWorld/lead/3rd_party/navsim_workspace/dataset/maps does not exist!
54fc99ad3c555e09,False,1,/mnt/chenpeijian/autodrive/StreetWorld/lead/3rd_party/navsim_workspace/dataset/maps does not exist!
551afc276a1a5ab3,False,1,/mnt/chenpeijian/autodrive/StreetWorld/lead/3rd_party/navsim_workspace/dataset/maps does not exist!
55368b53e7ba5dda,False,1,/mnt/chenpeijian/autodrive/StreetWorld/lead/3rd_party/navsim_workspace/dataset/maps does not exist!
557fe4dc6b2a5c76,False,1,/mnt/chenpeijian/autodrive/StreetWorld/lead/3rd_party/navsim_workspace/dataset/maps does not exist!
559c83269c035643,False,1,/mnt/chenpeijian/autodrive/StreetWorld/lead/3rd_party/navsim_workspace/dataset/maps does not exist!
55c604d608af594f,False,1,/mnt/chenpeijian/autodrive/StreetWorld/lead/3rd_party/navsim_workspace/dataset/maps does not exist!
55eed45c895852b9,False,1,/mnt/chenpeijian/autodrive/StreetWorld/lead/3rd_party/navsim_workspace/dataset/maps does not exist!
564b7ca4f210501e,False,1,/mnt/chenpeijian/autodrive/StreetWorld/lead/3rd_party/navsim_workspace/dataset/maps does not exist!
566ee79ab35c5b14,False,1,/mnt/chenpeijian/autodrive/StreetWorld/lead/3rd_party/navsim_workspace/dataset/maps does not exist!
56783067f37c553f,False,1,/mnt/chenpeijian/autodrive/StreetWorld/lead/3rd_party/navsim_workspace/dataset/maps does not exist!
569f53e485335820,False,1,/mnt/chenpeijian/autodrive/StreetWorld/lead/3rd_party/navsim_workspace/dataset/maps does not exist!
56c64f7e47b15e0d,False,1,/mnt/chenpeijian/autodrive/StreetWorld/lead/3rd_party/navsim_workspace/dataset/maps does not exist!
57139af318a45873,False,1,/mnt/chenpeijian/autodrive/StreetWorld/lead/3rd_party/navsim_workspace/dataset/maps does not exist!
5777bfe33e865897,False,1,/mnt/chenpeijian/autodrive/StreetWorld/lead/3rd_party/navsim_workspace/dataset/maps does not exist!
57a77b8c90465bc4,False,1,/mnt/chenpeijian/autodrive/StreetWorld/lead/3rd_party/navsim_workspace/dataset/maps does not exist!
57eebf7c02c05c63,False,1,/mnt/chenpeijian/autodrive/StreetWorld/lead/3rd_party/navsim_workspace/dataset/maps does not exist!
580b253c853c5ef9,False,1,/mnt/chenpeijian/autodrive/StreetWorld/lead/3rd_party/navsim_workspace/dataset/maps does not exist!
583113c5db20565d,False,1,/mnt/chenpeijian/autodrive/StreetWorld/lead/3rd_party/navsim_workspace/dataset/maps does not exist!
585a681f4ad95682,False,1,/mnt/chenpeijian/autodrive/StreetWorld/lead/3rd_party/navsim_workspace/dataset/maps does not exist!
58857855de47556e,False,1,/mnt/chenpeijian/autodrive/StreetWorld/lead/3rd_party/navsim_workspace/dataset/maps does not exist!
58a74755dc6a506a,False,1,/mnt/chenpeijian/autodrive/StreetWorld/lead/3rd_party/navsim_workspace/dataset/maps does not exist!
58cf6aaf126b5727,False,1,/mnt/chenpeijian/autodrive/StreetWorld/lead/3rd_party/navsim_workspace/dataset/maps does not exist!
592f9e4317dd52e2,False,1,/mnt/chenpeijian/autodrive/StreetWorld/lead/3rd_party/navsim_workspace/dataset/maps does not exist!
59504d2ffda35a72,False,1,/mnt/chenpeijian/autodrive/StreetWorld/lead/3rd_party/navsim_workspace/dataset/maps does not exist!
5971a8d84ff45bfa,False,1,/mnt/chenpeijian/autodrive/StreetWorld/lead/3rd_party/navsim_workspace/dataset/maps does not exist!
5992423b009757f2,False,1,/mnt/chenpeijian/autodrive/StreetWorld/lead/3rd_party/navsim_workspace/dataset/maps does not exist!
59baf497f88254c8,False,1,/mnt/chenpeijian/autodrive/StreetWorld/lead/3rd_party/navsim_workspace/dataset/maps does not exist!
59d306aa441a5665,False,1,/mnt/chenpeijian/autodrive/StreetWorld/lead/3rd_party/navsim_workspace/dataset/maps does not exist!
5a0b3bf9218f56a2,False,1,/mnt/chenpeijian/autodrive/StreetWorld/lead/3rd_party/navsim_workspace/dataset/maps does not exist!
5a35f8abb51c5303,False,1,/mnt/chenpeijian/autodrive/StreetWorld/lead/3rd_party/navsim_workspace/dataset/maps does not exist!
5a73f6b4c9855899,False,1,/mnt/chenpeijian/autodrive/StreetWorld/lead/3rd_party/navsim_workspace/dataset/maps does not exist!
5a8a6c9d92935076,False,1,/mnt/chenpeijian/autodrive/StreetWorld/lead/3rd_party/navsim_workspace/dataset/maps does not exist!
5aae47691f185a21,False,1,/mnt/chenpeijian/autodrive/StreetWorld/lead/3rd_party/navsim_workspace/dataset/maps does not exist!
5ad18b7f7b2a52c7,False,1,/mnt/chenpeijian/autodrive/StreetWorld/lead/3rd_party/navsim_workspace/dataset/maps does not exist!
5b14b00087b051e3,False,1,/mnt/chenpeijian/autodrive/StreetWorld/lead/3rd_party/navsim_workspace/dataset/maps does not exist!
5b272b7aa3315c4f,False,1,/mnt/chenpeijian/autodrive/StreetWorld/lead/3rd_party/navsim_workspace/dataset/maps does not exist!
5b61b9072cad5dbc,False,1,/mnt/chenpeijian/autodrive/StreetWorld/lead/3rd_party/navsim_workspace/dataset/maps does not exist!
5bb280e3aebe5a67,False,1,/mnt/chenpeijian/autodrive/StreetWorld/lead/3rd_party/navsim_workspace/dataset/maps does not exist!
5be861ae85a75b45,False,1,/mnt/chenpeijian/autodrive/StreetWorld/lead/3rd_party/navsim_workspace/dataset/maps does not exist!
5c34deba76605c7b,False,1,/mnt/chenpeijian/autodrive/StreetWorld/lead/3rd_party/navsim_workspace/dataset/maps does not exist!
5c883441084d58d7,False,1,/mnt/chenpeijian/autodrive/StreetWorld/lead/3rd_party/navsim_workspace/dataset/maps does not exist!
5cb9850a89b6578e,False,1,/mnt/chenpeijian/autodrive/StreetWorld/lead/3rd_party/navsim_workspace/dataset/maps does not exist!
5cf3fc5bbafd57bf,False,1,/mnt/chenpeijian/autodrive/StreetWorld/lead/3rd_party/navsim_workspace/dataset/maps does not exist!
5d3e45ad38ef5b9c,False,1,/mnt/chenpeijian/autodrive/StreetWorld/lead/3rd_party/navsim_workspace/dataset/maps does not exist!
5d78f0d383a95860,False,1,/mnt/chenpeijian/autodrive/StreetWorld/lead/3rd_party/navsim_workspace/dataset/maps does not exist!
5da61ef9efda5191,False,1,/mnt/chenpeijian/autodrive/StreetWorld/lead/3rd_party/navsim_workspace/dataset/maps does not exist!
5dea796da1ce5b02,False,1,/mnt/chenpeijian/autodrive/StreetWorld/lead/3rd_party/navsim_workspace/dataset/maps does not exist!
5e48f684248053bd,False,1,/mnt/chenpeijian/autodrive/StreetWorld/lead/3rd_party/navsim_workspace/dataset/maps does not exist!
5e96a7620956567a,False,1,/mnt/chenpeijian/autodrive/StreetWorld/lead/3rd_party/navsim_workspace/dataset/maps does not exist!
5ee6495d99475e62,False,1,/mnt/chenpeijian/autodrive/StreetWorld/lead/3rd_party/navsim_workspace/dataset/maps does not exist!
5f402207dd7d5977,False,1,/mnt/chenpeijian/autodrive/StreetWorld/lead/3rd_party/navsim_workspace/dataset/maps does not exist!
5fd5fdcf5c1552b9,False,1,/mnt/chenpeijian/autodrive/StreetWorld/lead/3rd_party/navsim_workspace/dataset/maps does not exist!
5ff5c54200fe53fb,False,1,/mnt/chenpeijian/autodrive/StreetWorld/lead/3rd_party/navsim_workspace/dataset/maps does not exist!
602213f964f651c1,False,1,/mnt/chenpeijian/autodrive/StreetWorld/lead/3rd_party/navsim_workspace/dataset/maps does not exist!
6058f9d8998e5a95,False,1,/mnt/chenpeijian/autodrive/StreetWorld/lead/3rd_party/navsim_workspace/dataset/maps does not exist!
6074e965781b510e,False,1,/mnt/chenpeijian/autodrive/StreetWorld/lead/3rd_party/navsim_workspace/dataset/maps does not exist!
608f33b279a15cfc,False,1,/mnt/chenpeijian/autodrive/StreetWorld/lead/3rd_party/navsim_workspace/dataset/maps does not exist!
60b09bc0e48c5d97,False,1,/mnt/chenpeijian/autodrive/StreetWorld/lead/3rd_party/navsim_workspace/dataset/maps does not exist!
60f2c00b9ced513f,False,1,/mnt/chenpeijian/autodrive/StreetWorld/lead/3rd_party/navsim_workspace/dataset/maps does not exist!
61046515c9885bf5,False,1,/mnt/chenpeijian/autodrive/StreetWorld/lead/3rd_party/navsim_workspace/dataset/maps does not exist!
6123057c78785150,False,1,/mnt/chenpeijian/autodrive/StreetWorld/lead/3rd_party/navsim_workspace/dataset/maps does not exist!
613770d7f39051be,False,1,/mnt/chenpeijian/autodrive/StreetWorld/lead/3rd_party/navsim_workspace/dataset/maps does not exist!
6151a6ef02ee5f8e,False,1,/mnt/chenpeijian/autodrive/StreetWorld/lead/3rd_party/navsim_workspace/dataset/maps does not exist!
616439dd808d57f1,False,1,/mnt/chenpeijian/autodrive/StreetWorld/lead/3rd_party/navsim_workspace/dataset/maps does not exist!
61768c493892576d,False,1,/mnt/chenpeijian/autodrive/StreetWorld/lead/3rd_party/navsim_workspace/dataset/maps does not exist!
61a236d173ef5055,False,1,/mnt/chenpeijian/autodrive/StreetWorld/lead/3rd_party/navsim_workspace/dataset/maps does not exist!
61b99cf0e08d559a,False,1,/mnt/chenpeijian/autodrive/StreetWorld/lead/3rd_party/navsim_workspace/dataset/maps does not exist!
61d8eb4fd2395520,False,1,/mnt/chenpeijian/autodrive/StreetWorld/lead/3rd_party/navsim_workspace/dataset/maps does not exist!
620f272061ea5f3a,False,1,/mnt/chenpeijian/autodrive/StreetWorld/lead/3rd_party/navsim_workspace/dataset/maps does not exist!
6239683a6e0d556d,False,1,/mnt/chenpeijian/autodrive/StreetWorld/lead/3rd_party/navsim_workspace/dataset/maps does not exist!
624f26fa47485b3d,False,1,/mnt/chenpeijian/autodrive/StreetWorld/lead/3rd_party/navsim_workspace/dataset/maps does not exist!
62667ead92a35fbd,False,1,/mnt/chenpeijian/autodrive/StreetWorld/lead/3rd_party/navsim_workspace/dataset/maps does not exist!
629a5819ea0a55b8,False,1,/mnt/chenpeijian/autodrive/StreetWorld/lead/3rd_party/navsim_workspace/dataset/maps does not exist!
62d339c4086d51ba,False,1,/mnt/chenpeijian/autodrive/StreetWorld/lead/3rd_party/navsim_workspace/dataset/maps does not exist!
6303f880d5c05166,False,1,/mnt/chenpeijian/autodrive/StreetWorld/lead/3rd_party/navsim_workspace/dataset/maps does not exist!
632a1b53a6875b22,False,1,/mnt/chenpeijian/autodrive/StreetWorld/lead/3rd_party/navsim_workspace/dataset/maps does not exist!
635d0bb58aa95282,False,1,/mnt/chenpeijian/autodrive/StreetWorld/lead/3rd_party/navsim_workspace/dataset/maps does not exist!
637b5b88f5a2566c,False,1,/mnt/chenpeijian/autodrive/StreetWorld/lead/3rd_party/navsim_workspace/dataset/maps does not exist!
639b55d4b2b65d0a,False,1,/mnt/chenpeijian/autodrive/StreetWorld/lead/3rd_party/navsim_workspace/dataset/maps does not exist!
63bd566666b75e4a,False,1,/mnt/chenpeijian/autodrive/StreetWorld/lead/3rd_party/navsim_workspace/dataset/maps does not exist!
63eeb15e6e3e5504,False,1,/mnt/chenpeijian/autodrive/StreetWorld/lead/3rd_party/navsim_workspace/dataset/maps does not exist!
6420c06f99465b53,False,1,/mnt/chenpeijian/autodrive/StreetWorld/lead/3rd_party/navsim_workspace/dataset/maps does not exist!
646244aaa99d5c9c,False,1,/mnt/chenpeijian/autodrive/StreetWorld/lead/3rd_party/navsim_workspace/dataset/maps does not exist!
64859d25f1b555dd,False,1,/mnt/chenpeijian/autodrive/StreetWorld/lead/3rd_party/navsim_workspace/dataset/maps does not exist!
649b2096884957a9,False,1,/mnt/chenpeijian/autodrive/StreetWorld/lead/3rd_party/navsim_workspace/dataset/maps does not exist!
64bb182ef4035065,False,1,/mnt/chenpeijian/autodrive/StreetWorld/lead/3rd_party/navsim_workspace/dataset/maps does not exist!
650d84864184549e,False,1,/mnt/chenpeijian/autodrive/StreetWorld/lead/3rd_party/navsim_workspace/dataset/maps does not exist!
6535e6022ba0547c,False,1,/mnt/chenpeijian/autodrive/StreetWorld/lead/3rd_party/navsim_workspace/dataset/maps does not exist!
6548b286c3365867,False,1,/mnt/chenpeijian/autodrive/StreetWorld/lead/3rd_party/navsim_workspace/dataset/maps does not exist!
65858c2fe6b5501f,False,1,/mnt/chenpeijian/autodrive/StreetWorld/lead/3rd_party/navsim_workspace/dataset/maps does not exist!
65bed9b54a335206,False,1,/mnt/chenpeijian/autodrive/StreetWorld/lead/3rd_party/navsim_workspace/dataset/maps does not exist!
65f236a74a3d53a4,False,1,/mnt/chenpeijian/autodrive/StreetWorld/lead/3rd_party/navsim_workspace/dataset/maps does not exist!
6618e0dc30c95169,False,1,/mnt/chenpeijian/autodrive/StreetWorld/lead/3rd_party/navsim_workspace/dataset/maps does not exist!
662cb541b8db54a1,False,1,/mnt/chenpeijian/autodrive/StreetWorld/lead/3rd_party/navsim_workspace/dataset/maps does not exist!
6648a1c53b8c5994,False,1,/mnt/chenpeijian/autodrive/StreetWorld/lead/3rd_party/navsim_workspace/dataset/maps does not exist!
667ea4f79faf5baa,False,1,/mnt/chenpeijian/autodrive/StreetWorld/lead/3rd_party/navsim_workspace/dataset/maps does not exist!
669bad5f20bd5256,False,1,/mnt/chenpeijian/autodrive/StreetWorld/lead/3rd_party/navsim_workspace/dataset/maps does not exist!
66ccc68c8f755683,False,1,/mnt/chenpeijian/autodrive/StreetWorld/lead/3rd_party/navsim_workspace/dataset/maps does not exist!
66e75a9c2da75db6,False,1,/mnt/chenpeijian/autodrive/StreetWorld/lead/3rd_party/navsim_workspace/dataset/maps does not exist!
670f9d50643c5874,False,1,/mnt/chenpeijian/autodrive/StreetWorld/lead/3rd_party/navsim_workspace/dataset/maps does not exist!
6740833c5f9d571a,False,1,/mnt/chenpeijian/autodrive/StreetWorld/lead/3rd_party/navsim_workspace/dataset/maps does not exist!
676880c7e31252c0,False,1,/mnt/chenpeijian/autodrive/StreetWorld/lead/3rd_party/navsim_workspace/dataset/maps does not exist!
679c8386480d5023,False,1,/mnt/chenpeijian/autodrive/StreetWorld/lead/3rd_party/navsim_workspace/dataset/maps does not exist!
67f7d1c129be5c4b,False,1,/mnt/chenpeijian/autodrive/StreetWorld/lead/3rd_party/navsim_workspace/dataset/maps does not exist!
682413e506fc5bac,False,1,/mnt/chenpeijian/autodrive/StreetWorld/lead/3rd_party/navsim_workspace/dataset/maps does not exist!
684a977a365b5e73,False,1,/mnt/chenpeijian/autodrive/StreetWorld/lead/3rd_party/navsim_workspace/dataset/maps does not exist!
685e5e9083185108,False,1,/mnt/chenpeijian/autodrive/StreetWorld/lead/3rd_party/navsim_workspace/dataset/maps does not exist!
6884907db45c5cad,False,1,/mnt/chenpeijian/autodrive/StreetWorld/lead/3rd_party/navsim_workspace/dataset/maps does not exist!
68aac08d307653e5,False,1,/mnt/chenpeijian/autodrive/StreetWorld/lead/3rd_party/navsim_workspace/dataset/maps does not exist!
68c666c7045f5609,False,1,/mnt/chenpeijian/autodrive/StreetWorld/lead/3rd_party/navsim_workspace/dataset/maps does not exist!
68ea9d09300c5886,False,1,/mnt/chenpeijian/autodrive/StreetWorld/lead/3rd_party/navsim_workspace/dataset/maps does not exist!
69124bf1a9185f06,False,1,/mnt/chenpeijian/autodrive/StreetWorld/lead/3rd_party/navsim_workspace/dataset/maps does not exist!
693ca321449e5a83,False,1,/mnt/chenpeijian/autodrive/StreetWorld/lead/3rd_party/navsim_workspace/dataset/maps does not exist!
695d7450eb3958c1,False,1,/mnt/chenpeijian/autodrive/StreetWorld/lead/3rd_party/navsim_workspace/dataset/maps does not exist!
69938a4507ba5419,False,1,/mnt/chenpeijian/autodrive/StreetWorld/lead/3rd_party/navsim_workspace/dataset/maps does not exist!
69b32d0447ac5c28,False,1,/mnt/chenpeijian/autodrive/StreetWorld/lead/3rd_party/navsim_workspace/dataset/maps does not exist!
69ce68dff3ff566d,False,1,/mnt/chenpeijian/autodrive/StreetWorld/lead/3rd_party/navsim_workspace/dataset/maps does not exist!
69e0bc4a585d504a,False,1,/mnt/chenpeijian/autodrive/StreetWorld/lead/3rd_party/navsim_workspace/dataset/maps does not exist!
6a090fe8d71a5f38,False,1,/mnt/chenpeijian/autodrive/StreetWorld/lead/3rd_party/navsim_workspace/dataset/maps does not exist!
6a4e62fc55535e82,False,1,/mnt/chenpeijian/autodrive/StreetWorld/lead/3rd_party/navsim_workspace/dataset/maps does not exist!
6a833f3690205bac,False,1,/mnt/chenpeijian/autodrive/StreetWorld/lead/3rd_party/navsim_workspace/dataset/maps does not exist!
6a9d9f877efb51e3,False,1,/mnt/chenpeijian/autodrive/StreetWorld/lead/3rd_party/navsim_workspace/dataset/maps does not exist!
6adef8f2b0795473,False,1,/mnt/chenpeijian/autodrive/StreetWorld/lead/3rd_party/navsim_workspace/dataset/maps does not exist!
6b19d4325f075ad0,False,1,/mnt/chenpeijian/autodrive/StreetWorld/lead/3rd_party/navsim_workspace/dataset/maps does not exist!
6b72426a8dd155bb,False,1,/mnt/chenpeijian/autodrive/StreetWorld/lead/3rd_party/navsim_workspace/dataset/maps does not exist!
6b97412307ad5c16,False,1,/mnt/chenpeijian/autodrive/StreetWorld/lead/3rd_party/navsim_workspace/dataset/maps does not exist!
6bcfc8d05b4c5d96,False,1,/mnt/chenpeijian/autodrive/StreetWorld/lead/3rd_party/navsim_workspace/dataset/maps does not exist!
6c00b2782d3b5f6e,False,1,/mnt/chenpeijian/autodrive/StreetWorld/lead/3rd_party/navsim_workspace/dataset/maps does not exist!
6c62956221e4511e,False,1,/mnt/chenpeijian/autodrive/StreetWorld/lead/3rd_party/navsim_workspace/dataset/maps does not exist!
6c8d2b130c4d5288,False,1,/mnt/chenpeijian/autodrive/StreetWorld/lead/3rd_party/navsim_workspace/dataset/maps does not exist!
6cc1bbadf8f25f7c,False,1,/mnt/chenpeijian/autodrive/StreetWorld/lead/3rd_party/navsim_workspace/dataset/maps does not exist!
6d08dce7cfaa5035,False,1,/mnt/chenpeijian/autodrive/StreetWorld/lead/3rd_party/navsim_workspace/dataset/maps does not exist!
6d585a6698f55c8b,False,1,/mnt/chenpeijian/autodrive/StreetWorld/lead/3rd_party/navsim_workspace/dataset/maps does not exist!
6d7754fdda3a50a6,False,1,/mnt/chenpeijian/autodrive/StreetWorld/lead/3rd_party/navsim_workspace/dataset/maps does not exist!
6d9063dd44bc55cc,False,1,/mnt/chenpeijian/autodrive/StreetWorld/lead/3rd_party/navsim_workspace/dataset/maps does not exist!
6dc36068505c5de2,False,1,/mnt/chenpeijian/autodrive/StreetWorld/lead/3rd_party/navsim_workspace/dataset/maps does not exist!
6de81a38cd7655dd,False,1,/mnt/chenpeijian/autodrive/StreetWorld/lead/3rd_party/navsim_workspace/dataset/maps does not exist!
6e10835f184d5921,False,1,/mnt/chenpeijian/autodrive/StreetWorld/lead/3rd_party/navsim_workspace/dataset/maps does not exist!
6e6d55e69a6a5d18,False,1,/mnt/chenpeijian/autodrive/StreetWorld/lead/3rd_party/navsim_workspace/dataset/maps does not exist!
6e983b745cb9535b,False,1,/mnt/chenpeijian/autodrive/StreetWorld/lead/3rd_party/navsim_workspace/dataset/maps does not exist!
6ec2148215205936,False,1,/mnt/chenpeijian/autodrive/StreetWorld/lead/3rd_party/navsim_workspace/dataset/maps does not exist!
6efbee464bcd5780,False,1,/mnt/chenpeijian/autodrive/StreetWorld/lead/3rd_party/navsim_workspace/dataset/maps does not exist!
6f2459c4df665173,False,1,/mnt/chenpeijian/autodrive/StreetWorld/lead/3rd_party/navsim_workspace/dataset/maps does not exist!
6f4f660648e15c84,False,1,/mnt/chenpeijian/autodrive/StreetWorld/lead/3rd_party/navsim_workspace/dataset/maps does not exist!
6f7c844cb6c0587a,False,1,/mnt/chenpeijian/autodrive/StreetWorld/lead/3rd_party/navsim_workspace/dataset/maps does not exist!
6fb754e903985d44,False,1,/mnt/chenpeijian/autodrive/StreetWorld/lead/3rd_party/navsim_workspace/dataset/maps does not exist!
6fdea0636809523e,False,1,/mnt/chenpeijian/autodrive/StreetWorld/lead/3rd_party/navsim_workspace/dataset/maps does not exist!
701c95bcdaa65c14,False,1,/mnt/chenpeijian/autodrive/StreetWorld/lead/3rd_party/navsim_workspace/dataset/maps does not exist!
702cb8df08c15df6,False,1,/mnt/chenpeijian/autodrive/StreetWorld/lead/3rd_party/navsim_workspace/dataset/maps does not exist!
7077e840fef95b8f,False,1,/mnt/chenpeijian/autodrive/StreetWorld/lead/3rd_party/navsim_workspace/dataset/maps does not exist!
70b9e5ded0b057d7,False,1,/mnt/chenpeijian/autodrive/StreetWorld/lead/3rd_party/navsim_workspace/dataset/maps does not exist!
70d9d518ad0f5382,False,1,/mnt/chenpeijian/autodrive/StreetWorld/lead/3rd_party/navsim_workspace/dataset/maps does not exist!
71057ab084a75ce6,False,1,/mnt/chenpeijian/autodrive/StreetWorld/lead/3rd_party/navsim_workspace/dataset/maps does not exist!
7135ce0e5eea5907,False,1,/mnt/chenpeijian/autodrive/StreetWorld/lead/3rd_party/navsim_workspace/dataset/maps does not exist!
715cff26bcee5d6a,False,1,/mnt/chenpeijian/autodrive/StreetWorld/lead/3rd_party/navsim_workspace/dataset/maps does not exist!
718ebae5b23855f7,False,1,/mnt/chenpeijian/autodrive/StreetWorld/lead/3rd_party/navsim_workspace/dataset/maps does not exist!
71c1fef0966d5df4,False,1,/mnt/chenpeijian/autodrive/StreetWorld/lead/3rd_party/navsim_workspace/dataset/maps does not exist!
7217a95078bf52f2,False,1,/mnt/chenpeijian/autodrive/StreetWorld/lead/3rd_party/navsim_workspace/dataset/maps does not exist!
72720a5350e75184,False,1,/mnt/chenpeijian/autodrive/StreetWorld/lead/3rd_party/navsim_workspace/dataset/maps does not exist!
728988dc8a8b502a,False,1,/mnt/chenpeijian/autodrive/StreetWorld/lead/3rd_party/navsim_workspace/dataset/maps does not exist!
72c1d1069773561d,False,1,/mnt/chenpeijian/autodrive/StreetWorld/lead/3rd_party/navsim_workspace/dataset/maps does not exist!
72d842bc596b536b,False,1,/mnt/chenpeijian/autodrive/StreetWorld/lead/3rd_party/navsim_workspace/dataset/maps does not exist!
7326774073dd5f7d,False,1,/mnt/chenpeijian/autodrive/StreetWorld/lead/3rd_party/navsim_workspace/dataset/maps does not exist!
736e564340a8557f,False,1,/mnt/chenpeijian/autodrive/StreetWorld/lead/3rd_party/navsim_workspace/dataset/maps does not exist!
73a3a880d8d8522c,False,1,/mnt/chenpeijian/autodrive/StreetWorld/lead/3rd_party/navsim_workspace/dataset/maps does not exist!
73ce0b2145845c71,False,1,/mnt/chenpeijian/autodrive/StreetWorld/lead/3rd_party/navsim_workspace/dataset/maps does not exist!
740f68663d3255e1,False,1,/mnt/chenpeijian/autodrive/StreetWorld/lead/3rd_party/navsim_workspace/dataset/maps does not exist!
744f8d8edaf859fe,False,1,/mnt/chenpeijian/autodrive/StreetWorld/lead/3rd_party/navsim_workspace/dataset/maps does not exist!
74831c9ae5a15f99,False,1,/mnt/chenpeijian/autodrive/StreetWorld/lead/3rd_party/navsim_workspace/dataset/maps does not exist!
74b5ee27fa1b5612,False,1,/mnt/chenpeijian/autodrive/StreetWorld/lead/3rd_party/navsim_workspace/dataset/maps does not exist!
74df9f9decc45b84,False,1,/mnt/chenpeijian/autodrive/StreetWorld/lead/3rd_party/navsim_workspace/dataset/maps does not exist!
752255614d7f569a,False,1,/mnt/chenpeijian/autodrive/StreetWorld/lead/3rd_party/navsim_workspace/dataset/maps does not exist!
757fb1d7679c5dc2,False,1,/mnt/chenpeijian/autodrive/StreetWorld/lead/3rd_party/navsim_workspace/dataset/maps does not exist!
75994f74c5485493,False,1,/mnt/chenpeijian/autodrive/StreetWorld/lead/3rd_party/navsim_workspace/dataset/maps does not exist!
75bf56ae8b9d5673,False,1,/mnt/chenpeijian/autodrive/StreetWorld/lead/3rd_party/navsim_workspace/dataset/maps does not exist!
75f8f9a90db75078,False,1,/mnt/chenpeijian/autodrive/StreetWorld/lead/3rd_party/navsim_workspace/dataset/maps does not exist!
7607a0bd144e53b0,False,1,/mnt/chenpeijian/autodrive/StreetWorld/lead/3rd_party/navsim_workspace/dataset/maps does not exist!
76476276b198570d,False,1,/mnt/chenpeijian/autodrive/StreetWorld/lead/3rd_party/navsim_workspace/dataset/maps does not exist!
7686d88b5ae4513e,False,1,/mnt/chenpeijian/autodrive/StreetWorld/lead/3rd_party/navsim_workspace/dataset/maps does not exist!
76a494d09cd75446,False,1,/mnt/chenpeijian/autodrive/StreetWorld/lead/3rd_party/navsim_workspace/dataset/maps does not exist!
76df9fb807c9580a,False,1,/mnt/chenpeijian/autodrive/StreetWorld/lead/3rd_party/navsim_workspace/dataset/maps does not exist!
77155a60b2ae5e75,False,1,/mnt/chenpeijian/autodrive/StreetWorld/lead/3rd_party/navsim_workspace/dataset/maps does not exist!
77398398b6c550c2,False,1,/mnt/chenpeijian/autodrive/StreetWorld/lead/3rd_party/navsim_workspace/dataset/maps does not exist!
774ebe12eab151b6,False,1,/mnt/chenpeijian/autodrive/StreetWorld/lead/3rd_party/navsim_workspace/dataset/maps does not exist!
775e5b7f1b235e12,False,1,/mnt/chenpeijian/autodrive/StreetWorld/lead/3rd_party/navsim_workspace/dataset/maps does not exist!
7780e502545a5df7,False,1,/mnt/chenpeijian/autodrive/StreetWorld/lead/3rd_party/navsim_workspace/dataset/maps does not exist!
77a891db719c5273,False,1,/mnt/chenpeijian/autodrive/StreetWorld/lead/3rd_party/navsim_workspace/dataset/maps does not exist!
77e18238b9d55c97,False,1,/mnt/chenpeijian/autodrive/StreetWorld/lead/3rd_party/navsim_workspace/dataset/maps does not exist!
77f9c895af8b59f3,False,1,/mnt/chenpeijian/autodrive/StreetWorld/lead/3rd_party/navsim_workspace/dataset/maps does not exist!
7857a22b3bc85bb4,False,1,/mnt/chenpeijian/autodrive/StreetWorld/lead/3rd_party/navsim_workspace/dataset/maps does not exist!
789eca1c50f85cb4,False,1,/mnt/chenpeijian/autodrive/StreetWorld/lead/3rd_party/navsim_workspace/dataset/maps does not exist!
78c1a7b545cf5592,False,1,/mnt/chenpeijian/autodrive/StreetWorld/lead/3rd_party/navsim_workspace/dataset/maps does not exist!
78ea729667c1558b,False,1,/mnt/chenpeijian/autodrive/StreetWorld/lead/3rd_party/navsim_workspace/dataset/maps does not exist!
794584aa724a55f4,False,1,/mnt/chenpeijian/autodrive/StreetWorld/lead/3rd_party/navsim_workspace/dataset/maps does not exist!
79596c3c8ac45e5e,False,1,/mnt/chenpeijian/autodrive/StreetWorld/lead/3rd_party/navsim_workspace/dataset/maps does not exist!
7984326209765d68,False,1,/mnt/chenpeijian/autodrive/StreetWorld/lead/3rd_party/navsim_workspace/dataset/maps does not exist!
79bdb6b499245d65,False,1,/mnt/chenpeijian/autodrive/StreetWorld/lead/3rd_party/navsim_workspace/dataset/maps does not exist!
79e011726ebe5aa0,False,1,/mnt/chenpeijian/autodrive/StreetWorld/lead/3rd_party/navsim_workspace/dataset/maps does not exist!
79fab476b73a5d06,False,1,/mnt/chenpeijian/autodrive/StreetWorld/lead/3rd_party/navsim_workspace/dataset/maps does not exist!
7a3e0625f3c751ce,False,1,/mnt/chenpeijian/autodrive/StreetWorld/lead/3rd_party/navsim_workspace/dataset/maps does not exist!
7a90cd45ef505058,False,1,/mnt/chenpeijian/autodrive/StreetWorld/lead/3rd_party/navsim_workspace/dataset/maps does not exist!
7aed9edff97256c0,False,1,/mnt/chenpeijian/autodrive/StreetWorld/lead/3rd_party/navsim_workspace/dataset/maps does not exist!
7b2f3235b4cb5374,False,1,/mnt/chenpeijian/autodrive/StreetWorld/lead/3rd_party/navsim_workspace/dataset/maps does not exist!
7b5a966f89f35abe,False,1,/mnt/chenpeijian/autodrive/StreetWorld/lead/3rd_party/navsim_workspace/dataset/maps does not exist!
7b8d8487706f501e,False,1,/mnt/chenpeijian/autodrive/StreetWorld/lead/3rd_party/navsim_workspace/dataset/maps does not exist!
7bce82e059a05030,False,1,/mnt/chenpeijian/autodrive/StreetWorld/lead/3rd_party/navsim_workspace/dataset/maps does not exist!
7beae7492ff45866,False,1,/mnt/chenpeijian/autodrive/StreetWorld/lead/3rd_party/navsim_workspace/dataset/maps does not exist!
7c6e9037e7dd5e8c,False,1,/mnt/chenpeijian/autodrive/StreetWorld/lead/3rd_party/navsim_workspace/dataset/maps does not exist!
7c8dfd86366157b2,False,1,/mnt/chenpeijian/autodrive/StreetWorld/lead/3rd_party/navsim_workspace/dataset/maps does not exist!
7ccf4b40faff5ac4,False,1,/mnt/chenpeijian/autodrive/StreetWorld/lead/3rd_party/navsim_workspace/dataset/maps does not exist!
7cf4a1ba9b6054f9,False,1,/mnt/chenpeijian/autodrive/StreetWorld/lead/3rd_party/navsim_workspace/dataset/maps does not exist!
7d40448fd04e5e28,False,1,/mnt/chenpeijian/autodrive/StreetWorld/lead/3rd_party/navsim_workspace/dataset/maps does not exist!
7d5f417c01fb5a87,False,1,/mnt/chenpeijian/autodrive/StreetWorld/lead/3rd_party/navsim_workspace/dataset/maps does not exist!
7d70562315ff5bc1,False,1,/mnt/chenpeijian/autodrive/StreetWorld/lead/3rd_party/navsim_workspace/dataset/maps does not exist!
7d9515c88f0254f4,False,1,/mnt/chenpeijian/autodrive/StreetWorld/lead/3rd_party/navsim_workspace/dataset/maps does not exist!
7dc47eb4f41e523d,False,1,/mnt/chenpeijian/autodrive/StreetWorld/lead/3rd_party/navsim_workspace/dataset/maps does not exist!
7e082b46989356a4,False,1,/mnt/chenpeijian/autodrive/StreetWorld/lead/3rd_party/navsim_workspace/dataset/maps does not exist!
7e2dc290d51f5137,False,1,/mnt/chenpeijian/autodrive/StreetWorld/lead/3rd_party/navsim_workspace/dataset/maps does not exist!
7e8549121120596a,False,1,/mnt/chenpeijian/autodrive/StreetWorld/lead/3rd_party/navsim_workspace/dataset/maps does not exist!
7e9101f6d01a53e0,False,1,/mnt/chenpeijian/autodrive/StreetWorld/lead/3rd_party/navsim_workspace/dataset/maps does not exist!
7ed4005bb9385a16,False,1,/mnt/chenpeijian/autodrive/StreetWorld/lead/3rd_party/navsim_workspace/dataset/maps does not exist!
7effab69ce785772,False,1,/mnt/chenpeijian/autodrive/StreetWorld/lead/3rd_party/navsim_workspace/dataset/maps does not exist!
7f163959c6e05719,False,1,/mnt/chenpeijian/autodrive/StreetWorld/lead/3rd_party/navsim_workspace/dataset/maps does not exist!
7f47c3fca9075a31,False,1,/mnt/chenpeijian/autodrive/StreetWorld/lead/3rd_party/navsim_workspace/dataset/maps does not exist!
7fa739c174a55eaa,False,1,/mnt/chenpeijian/autodrive/StreetWorld/lead/3rd_party/navsim_workspace/dataset/maps does not exist!
7fb88e704c1a5cca,False,1,/mnt/chenpeijian/autodrive/StreetWorld/lead/3rd_party/navsim_workspace/dataset/maps does not exist!
7fcd3691c57b5f49,False,1,/mnt/chenpeijian/autodrive/StreetWorld/lead/3rd_party/navsim_workspace/dataset/maps does not exist!
7ff27f83a8995932,False,1,/mnt/chenpeijian/autodrive/StreetWorld/lead/3rd_party/navsim_workspace/dataset/maps does not exist!
803addaf65355261,False,1,/mnt/chenpeijian/autodrive/StreetWorld/lead/3rd_party/navsim_workspace/dataset/maps does not exist!
80722f66bc3b54c0,False,1,/mnt/chenpeijian/autodrive/StreetWorld/lead/3rd_party/navsim_workspace/dataset/maps does not exist!
80a4b14aef3f5a52,False,1,/mnt/chenpeijian/autodrive/StreetWorld/lead/3rd_party/navsim_workspace/dataset/maps does not exist!
80df9e4f79c65d4d,False,1,/mnt/chenpeijian/autodrive/StreetWorld/lead/3rd_party/navsim_workspace/dataset/maps does not exist!
81102abfeaa25562,False,1,/mnt/chenpeijian/autodrive/StreetWorld/lead/3rd_party/navsim_workspace/dataset/maps does not exist!
81353cb7d48a5728,False,1,/mnt/chenpeijian/autodrive/StreetWorld/lead/3rd_party/navsim_workspace/dataset/maps does not exist!
815422a6d14358fc,False,1,/mnt/chenpeijian/autodrive/StreetWorld/lead/3rd_party/navsim_workspace/dataset/maps does not exist!
817f460a4ad7577a,False,1,/mnt/chenpeijian/autodrive/StreetWorld/lead/3rd_party/navsim_workspace/dataset/maps does not exist!
81b8a8b98a655f0f,False,1,/mnt/chenpeijian/autodrive/StreetWorld/lead/3rd_party/navsim_workspace/dataset/maps does not exist!
81e7354de4e35a97,False,1,/mnt/chenpeijian/autodrive/StreetWorld/lead/3rd_party/navsim_workspace/dataset/maps does not exist!
82226888c99e531c,False,1,/mnt/chenpeijian/autodrive/StreetWorld/lead/3rd_party/navsim_workspace/dataset/maps does not exist!
824944b52b98552b,False,1,/mnt/chenpeijian/autodrive/StreetWorld/lead/3rd_party/navsim_workspace/dataset/maps does not exist!
826b4daba60a5648,False,1,/mnt/chenpeijian/autodrive/StreetWorld/lead/3rd_party/navsim_workspace/dataset/maps does not exist!
82b415fbbc725562,False,1,/mnt/chenpeijian/autodrive/StreetWorld/lead/3rd_party/navsim_workspace/dataset/maps does not exist!
82cd122751085a80,False,1,/mnt/chenpeijian/autodrive/StreetWorld/lead/3rd_party/navsim_workspace/dataset/maps does not exist!
83212ddd15375812,False,1,/mnt/chenpeijian/autodrive/StreetWorld/lead/3rd_party/navsim_workspace/dataset/maps does not exist!
83472e2adb545cd5,False,1,/mnt/chenpeijian/autodrive/StreetWorld/lead/3rd_party/navsim_workspace/dataset/maps does not exist!
8367526c1c4c5bfd,False,1,/mnt/chenpeijian/autodrive/StreetWorld/lead/3rd_party/navsim_workspace/dataset/maps does not exist!
839206ee819e582f,False,1,/mnt/chenpeijian/autodrive/StreetWorld/lead/3rd_party/navsim_workspace/dataset/maps does not exist!
83be5aa78f7652de,False,1,/mnt/chenpeijian/autodrive/StreetWorld/lead/3rd_party/navsim_workspace/dataset/maps does not exist!
83dd1484eb265a3c,False,1,/mnt/chenpeijian/autodrive/StreetWorld/lead/3rd_party/navsim_workspace/dataset/maps does not exist!
840d3a1a7a935536,False,1,/mnt/chenpeijian/autodrive/StreetWorld/lead/3rd_party/navsim_workspace/dataset/maps does not exist!
842d40cd41cf56e8,False,1,/mnt/chenpeijian/autodrive/StreetWorld/lead/3rd_party/navsim_workspace/dataset/maps does not exist!
8451437af5ba59ea,False,1,/mnt/chenpeijian/autodrive/StreetWorld/lead/3rd_party/navsim_workspace/dataset/maps does not exist!
84a6257839b65f93,False,1,/mnt/chenpeijian/autodrive/StreetWorld/lead/3rd_party/navsim_workspace/dataset/maps does not exist!
84b69613f5e6551c,False,1,/mnt/chenpeijian/autodrive/StreetWorld/lead/3rd_party/navsim_workspace/dataset/maps does not exist!
850551ecc7a35ebf,False,1,/mnt/chenpeijian/autodrive/StreetWorld/lead/3rd_party/navsim_workspace/dataset/maps does not exist!
85406e57732a5121,False,1,/mnt/chenpeijian/autodrive/StreetWorld/lead/3rd_party/navsim_workspace/dataset/maps does not exist!
8569121235665be9,False,1,/mnt/chenpeijian/autodrive/StreetWorld/lead/3rd_party/navsim_workspace/dataset/maps does not exist!
85a5db2b47125f31,False,1,/mnt/chenpeijian/autodrive/StreetWorld/lead/3rd_party/navsim_workspace/dataset/maps does not exist!
85da27c3381e5e63,False,1,/mnt/chenpeijian/autodrive/StreetWorld/lead/3rd_party/navsim_workspace/dataset/maps does not exist!
8612b2c9d3875ac2,False,1,/mnt/chenpeijian/autodrive/StreetWorld/lead/3rd_party/navsim_workspace/dataset/maps does not exist!
8636c755aabe5792,False,1,/mnt/chenpeijian/autodrive/StreetWorld/lead/3rd_party/navsim_workspace/dataset/maps does not exist!
86536c24d4805ac7,False,1,/mnt/chenpeijian/autodrive/StreetWorld/lead/3rd_party/navsim_workspace/dataset/maps does not exist!
8671b777d49e5dea,False,1,/mnt/chenpeijian/autodrive/StreetWorld/lead/3rd_party/navsim_workspace/dataset/maps does not exist!
869f688594fc58c1,False,1,/mnt/chenpeijian/autodrive/StreetWorld/lead/3rd_party/navsim_workspace/dataset/maps does not exist!
86d70bab6f1b598c,False,1,/mnt/chenpeijian/autodrive/StreetWorld/lead/3rd_party/navsim_workspace/dataset/maps does not exist!
86f148317f03504b,False,1,/mnt/chenpeijian/autodrive/StreetWorld/lead/3rd_party/navsim_workspace/dataset/maps does not exist!
871164a7e40652b5,False,1,/mnt/chenpeijian/autodrive/StreetWorld/lead/3rd_party/navsim_workspace/dataset/maps does not exist!
873e300af5a95bf2,False,1,/mnt/chenpeijian/autodrive/StreetWorld/lead/3rd_party/navsim_workspace/dataset/maps does not exist!
8781cde1032354cb,False,1,/mnt/chenpeijian/autodrive/StreetWorld/lead/3rd_party/navsim_workspace/dataset/maps does not exist!
8799520f3ff95bfc,False,1,/mnt/chenpeijian/autodrive/StreetWorld/lead/3rd_party/navsim_workspace/dataset/maps does not exist!
87a7a9f8aa325467,False,1,/mnt/chenpeijian/autodrive/StreetWorld/lead/3rd_party/navsim_workspace/dataset/maps does not exist!
87c6ef5053865368,False,1,/mnt/chenpeijian/autodrive/StreetWorld/lead/3rd_party/navsim_workspace/dataset/maps does not exist!
87e14b8fa1665ee2,False,1,/mnt/chenpeijian/autodrive/StreetWorld/lead/3rd_party/navsim_workspace/dataset/maps does not exist!
883bb02a4f7c5f0a,False,1,/mnt/chenpeijian/autodrive/StreetWorld/lead/3rd_party/navsim_workspace/dataset/maps does not exist!
885f450f0b875861,False,1,/mnt/chenpeijian/autodrive/StreetWorld/lead/3rd_party/navsim_workspace/dataset/maps does not exist!
888913e0978f559b,False,1,/mnt/chenpeijian/autodrive/StreetWorld/lead/3rd_party/navsim_workspace/dataset/maps does not exist!
88c2643d470951b3,False,1,/mnt/chenpeijian/autodrive/StreetWorld/lead/3rd_party/navsim_workspace/dataset/maps does not exist!
8912a46529c059a1,False,1,/mnt/chenpeijian/autodrive/StreetWorld/lead/3rd_party/navsim_workspace/dataset/maps does not exist!
89652dfe12165def,False,1,/mnt/chenpeijian/autodrive/StreetWorld/lead/3rd_party/navsim_workspace/dataset/maps does not exist!
89ae8d041c145f8f,False,1,/mnt/chenpeijian/autodrive/StreetWorld/lead/3rd_party/navsim_workspace/dataset/maps does not exist!
8a17d8a06b425d2d,False,1,/mnt/chenpeijian/autodrive/StreetWorld/lead/3rd_party/navsim_workspace/dataset/maps does not exist!
8a4861a2a0e857fb,False,1,/mnt/chenpeijian/autodrive/StreetWorld/lead/3rd_party/navsim_workspace/dataset/maps does not exist!
8a808765078856bf,False,1,/mnt/chenpeijian/autodrive/StreetWorld/lead/3rd_party/navsim_workspace/dataset/maps does not exist!
8a9ecc24c4f25c3c,False,1,/mnt/chenpeijian/autodrive/StreetWorld/lead/3rd_party/navsim_workspace/dataset/maps does not exist!
8abfcd61303b52df,False,1,/mnt/chenpeijian/autodrive/StreetWorld/lead/3rd_party/navsim_workspace/dataset/maps does not exist!
8b1ba99df5d05f8b,False,1,/mnt/chenpeijian/autodrive/StreetWorld/lead/3rd_party/navsim_workspace/dataset/maps does not exist!
8b3679b7c11d5ada,False,1,/mnt/chenpeijian/autodrive/StreetWorld/lead/3rd_party/navsim_workspace/dataset/maps does not exist!
8b608a6353a95bce,False,1,/mnt/chenpeijian/autodrive/StreetWorld/lead/3rd_party/navsim_workspace/dataset/maps does not exist!
8b8ae78cc3685216,False,1,/mnt/chenpeijian/autodrive/StreetWorld/lead/3rd_party/navsim_workspace/dataset/maps does not exist!
8bacfc35148b5dad,False,1,/mnt/chenpeijian/autodrive/StreetWorld/lead/3rd_party/navsim_workspace/dataset/maps does not exist!
8be5583b37785664,False,1,/mnt/chenpeijian/autodrive/StreetWorld/lead/3rd_party/navsim_workspace/dataset/maps does not exist!
8c2841e7cecf5047,False,1,/mnt/chenpeijian/autodrive/StreetWorld/lead/3rd_party/navsim_workspace/dataset/maps does not exist!
8c5a5e3a57535abf,False,1,/mnt/chenpeijian/autodrive/StreetWorld/lead/3rd_party/navsim_workspace/dataset/maps does not exist!
8c7e28b482935cd8,False,1,/mnt/chenpeijian/autodrive/StreetWorld/lead/3rd_party/navsim_workspace/dataset/maps does not exist!
8ca0e93beaa056de,False,1,/mnt/chenpeijian/autodrive/StreetWorld/lead/3rd_party/navsim_workspace/dataset/maps does not exist!
8cbfcb387ec85461,False,1,/mnt/chenpeijian/autodrive/StreetWorld/lead/3rd_party/navsim_workspace/dataset/maps does not exist!
8cee2a96b57d58ba,False,1,/mnt/chenpeijian/autodrive/StreetWorld/lead/3rd_party/navsim_workspace/dataset/maps does not exist!
8d1b3ba5749b5a76,False,1,/mnt/chenpeijian/autodrive/StreetWorld/lead/3rd_party/navsim_workspace/dataset/maps does not exist!
8d4601efa6b6581e,False,1,/mnt/chenpeijian/autodrive/StreetWorld/lead/3rd_party/navsim_workspace/dataset/maps does not exist!
8d6afa56bbb95f18,False,1,/mnt/chenpeijian/autodrive/StreetWorld/lead/3rd_party/navsim_workspace/dataset/maps does not exist!
8dac96b2393f5de9,False,1,/mnt/chenpeijian/autodrive/StreetWorld/lead/3rd_party/navsim_workspace/dataset/maps does not exist!
8dda399c53aa5be8,False,1,/mnt/chenpeijian/autodrive/StreetWorld/lead/3rd_party/navsim_workspace/dataset/maps does not exist!
8deec95251e95c2d,False,1,/mnt/chenpeijian/autodrive/StreetWorld/lead/3rd_party/navsim_workspace/dataset/maps does not exist!
8e2fece463df5dcb,False,1,/mnt/chenpeijian/autodrive/StreetWorld/lead/3rd_party/navsim_workspace/dataset/maps does not exist!
8e7906efc10a5e42,False,1,/mnt/chenpeijian/autodrive/StreetWorld/lead/3rd_party/navsim_workspace/dataset/maps does not exist!
8e9e20dde3ed5f0d,False,1,/mnt/chenpeijian/autodrive/StreetWorld/lead/3rd_party/navsim_workspace/dataset/maps does not exist!
8ee3467219fc5c8a,False,1,/mnt/chenpeijian/autodrive/StreetWorld/lead/3rd_party/navsim_workspace/dataset/maps does not exist!
8f41a318d1a45310,False,1,/mnt/chenpeijian/autodrive/StreetWorld/lead/3rd_party/navsim_workspace/dataset/maps does not exist!
8f7ea84594aa5d75,False,1,/mnt/chenpeijian/autodrive/StreetWorld/lead/3rd_party/navsim_workspace/dataset/maps does not exist!
8fbca2950de45a7c,False,1,/mnt/chenpeijian/autodrive/StreetWorld/lead/3rd_party/navsim_workspace/dataset/maps does not exist!
8fe72476d10c552a,False,1,/mnt/chenpeijian/autodrive/StreetWorld/lead/3rd_party/navsim_workspace/dataset/maps does not exist!
8ff8a3cf55355131,False,1,/mnt/chenpeijian/autodrive/StreetWorld/lead/3rd_party/navsim_workspace/dataset/maps does not exist!
90314b74c92954d6,False,1,/mnt/chenpeijian/autodrive/StreetWorld/lead/3rd_party/navsim_workspace/dataset/maps does not exist!
90797642e4065c3c,False,1,/mnt/chenpeijian/autodrive/StreetWorld/lead/3rd_party/navsim_workspace/dataset/maps does not exist!
90c5557d1eec55a0,False,1,/mnt/chenpeijian/autodrive/StreetWorld/lead/3rd_party/navsim_workspace/dataset/maps does not exist!
9104884bcb915c08,False,1,/mnt/chenpeijian/autodrive/StreetWorld/lead/3rd_party/navsim_workspace/dataset/maps does not exist!
9135a6d270475c7f,False,1,/mnt/chenpeijian/autodrive/StreetWorld/lead/3rd_party/navsim_workspace/dataset/maps does not exist!
9157afe90f035621,False,1,/mnt/chenpeijian/autodrive/StreetWorld/lead/3rd_party/navsim_workspace/dataset/maps does not exist!
919aa2aa25a951f4,False,1,/mnt/chenpeijian/autodrive/StreetWorld/lead/3rd_party/navsim_workspace/dataset/maps does not exist!
91c7e207e3395557,False,1,/mnt/chenpeijian/autodrive/StreetWorld/lead/3rd_party/navsim_workspace/dataset/maps does not exist!
9204b6df37ec56ba,False,1,/mnt/chenpeijian/autodrive/StreetWorld/lead/3rd_party/navsim_workspace/dataset/maps does not exist!
923e4fcf3daa57f8,False,1,/mnt/chenpeijian/autodrive/StreetWorld/lead/3rd_party/navsim_workspace/dataset/maps does not exist!
926ea834d8f256d5,False,1,/mnt/chenpeijian/autodrive/StreetWorld/lead/3rd_party/navsim_workspace/dataset/maps does not exist!
92aee2a7b815565f,False,1,/mnt/chenpeijian/autodrive/StreetWorld/lead/3rd_party/navsim_workspace/dataset/maps does not exist!
92da1e3c12fa54b6,False,1,/mnt/chenpeijian/autodrive/StreetWorld/lead/3rd_party/navsim_workspace/dataset/maps does not exist!
9300251ea784552f,False,1,/mnt/chenpeijian/autodrive/StreetWorld/lead/3rd_party/navsim_workspace/dataset/maps does not exist!
9320c42b53b052f0,False,1,/mnt/chenpeijian/autodrive/StreetWorld/lead/3rd_party/navsim_workspace/dataset/maps does not exist!
9337165de94b5a40,False,1,/mnt/chenpeijian/autodrive/StreetWorld/lead/3rd_party/navsim_workspace/dataset/maps does not exist!
936bb410fa70545b,False,1,/mnt/chenpeijian/autodrive/StreetWorld/lead/3rd_party/navsim_workspace/dataset/maps does not exist!
939be40082d9515a,False,1,/mnt/chenpeijian/autodrive/StreetWorld/lead/3rd_party/navsim_workspace/dataset/maps does not exist!
93bc5a4ab6a95986,False,1,/mnt/chenpeijian/autodrive/StreetWorld/lead/3rd_party/navsim_workspace/dataset/maps does not exist!
93dab1bad99e58f7,False,1,/mnt/chenpeijian/autodrive/StreetWorld/lead/3rd_party/navsim_workspace/dataset/maps does not exist!
9410f817dff058c2,False,1,/mnt/chenpeijian/autodrive/StreetWorld/lead/3rd_party/navsim_workspace/dataset/maps does not exist!
944fda18b9205994,False,1,/mnt/chenpeijian/autodrive/StreetWorld/lead/3rd_party/navsim_workspace/dataset/maps does not exist!
9468f5ec72415a29,False,1,/mnt/chenpeijian/autodrive/StreetWorld/lead/3rd_party/navsim_workspace/dataset/maps does not exist!
9482776d16a6551d,False,1,/mnt/chenpeijian/autodrive/StreetWorld/lead/3rd_party/navsim_workspace/dataset/maps does not exist!
949a5f17807b5aac,False,1,/mnt/chenpeijian/autodrive/StreetWorld/lead/3rd_party/navsim_workspace/dataset/maps does not exist!
94cabec7888a5bb3,False,1,/mnt/chenpeijian/autodrive/StreetWorld/lead/3rd_party/navsim_workspace/dataset/maps does not exist!
94f5e53f2e205285,False,1,/mnt/chenpeijian/autodrive/StreetWorld/lead/3rd_party/navsim_workspace/dataset/maps does not exist!
953b6023473258bb,False,1,/mnt/chenpeijian/autodrive/StreetWorld/lead/3rd_party/navsim_workspace/dataset/maps does not exist!
9568c56631be548e,False,1,/mnt/chenpeijian/autodrive/StreetWorld/lead/3rd_party/navsim_workspace/dataset/maps does not exist!
95a4b51d1d865ba0,False,1,/mnt/chenpeijian/autodrive/StreetWorld/lead/3rd_party/navsim_workspace/dataset/maps does not exist!
95de48bebbb35484,False,1,/mnt/chenpeijian/autodrive/StreetWorld/lead/3rd_party/navsim_workspace/dataset/maps does not exist!
96164ad9ed8557a7,False,1,/mnt/chenpeijian/autodrive/StreetWorld/lead/3rd_party/navsim_workspace/dataset/maps does not exist!
963ea50b7eb2554b,False,1,/mnt/chenpeijian/autodrive/StreetWorld/lead/3rd_party/navsim_workspace/dataset/maps does not exist!
96704b3a6c235f12,False,1,/mnt/chenpeijian/autodrive/StreetWorld/lead/3rd_party/navsim_workspace/dataset/maps does not exist!
96a0bbef8c335c3e,False,1,/mnt/chenpeijian/autodrive/StreetWorld/lead/3rd_party/navsim_workspace/dataset/maps does not exist!
96bf2644106456f6,False,1,/mnt/chenpeijian/autodrive/StreetWorld/lead/3rd_party/navsim_workspace/dataset/maps does not exist!
96f15b834684542e,False,1,/mnt/chenpeijian/autodrive/StreetWorld/lead/3rd_party/navsim_workspace/dataset/maps does not exist!
9726171368175cc6,False,1,/mnt/chenpeijian/autodrive/StreetWorld/lead/3rd_party/navsim_workspace/dataset/maps does not exist!
97529137af275136,False,1,/mnt/chenpeijian/autodrive/StreetWorld/lead/3rd_party/navsim_workspace/dataset/maps does not exist!
97ade9e6fa5e5646,False,1,/mnt/chenpeijian/autodrive/StreetWorld/lead/3rd_party/navsim_workspace/dataset/maps does not exist!
97d06e94283a5a65,False,1,/mnt/chenpeijian/autodrive/StreetWorld/lead/3rd_party/navsim_workspace/dataset/maps does not exist!
980db9371e6b52de,False,1,/mnt/chenpeijian/autodrive/StreetWorld/lead/3rd_party/navsim_workspace/dataset/maps does not exist!
9839d83635495727,False,1,/mnt/chenpeijian/autodrive/StreetWorld/lead/3rd_party/navsim_workspace/dataset/maps does not exist!
985af967de8f5f3f,False,1,/mnt/chenpeijian/autodrive/StreetWorld/lead/3rd_party/navsim_workspace/dataset/maps does not exist!
987f5dced605588a,False,1,/mnt/chenpeijian/autodrive/StreetWorld/lead/3rd_party/navsim_workspace/dataset/maps does not exist!
98ae2c97a0375eaf,False,1,/mnt/chenpeijian/autodrive/StreetWorld/lead/3rd_party/navsim_workspace/dataset/maps does not exist!
9900336c08095d0f,False,1,/mnt/chenpeijian/autodrive/StreetWorld/lead/3rd_party/navsim_workspace/dataset/maps does not exist!
9940f912e66a5918,False,1,/mnt/chenpeijian/autodrive/StreetWorld/lead/3rd_party/navsim_workspace/dataset/maps does not exist!
997fb38ac5d75864,False,1,/mnt/chenpeijian/autodrive/StreetWorld/lead/3rd_party/navsim_workspace/dataset/maps does not exist!
99e0c0250e6e54c5,False,1,/mnt/chenpeijian/autodrive/StreetWorld/lead/3rd_party/navsim_workspace/dataset/maps does not exist!
9a179eb32481553e,False,1,/mnt/chenpeijian/autodrive/StreetWorld/lead/3rd_party/navsim_workspace/dataset/maps does not exist!
9a3778686fd058d2,False,1,/mnt/chenpeijian/autodrive/StreetWorld/lead/3rd_party/navsim_workspace/dataset/maps does not exist!
9a6489254d5f5577,False,1,/mnt/chenpeijian/autodrive/StreetWorld/lead/3rd_party/navsim_workspace/dataset/maps does not exist!
9a95d2419f1e592a,False,1,/mnt/chenpeijian/autodrive/StreetWorld/lead/3rd_party/navsim_workspace/dataset/maps does not exist!
9aea5cdc656458a0,False,1,/mnt/chenpeijian/autodrive/StreetWorld/lead/3rd_party/navsim_workspace/dataset/maps does not exist!
9b25bbac0aac5357,False,1,/mnt/chenpeijian/autodrive/StreetWorld/lead/3rd_party/navsim_workspace/dataset/maps does not exist!
9b5cb743a4a4590b,False,1,/mnt/chenpeijian/autodrive/StreetWorld/lead/3rd_party/navsim_workspace/dataset/maps does not exist!
9b95066419ea5427,False,1,/mnt/chenpeijian/autodrive/StreetWorld/lead/3rd_party/navsim_workspace/dataset/maps does not exist!
9bb4006483955eb9,False,1,/mnt/chenpeijian/autodrive/StreetWorld/lead/3rd_party/navsim_workspace/dataset/maps does not exist!
9bdda55e20a15705,False,1,/mnt/chenpeijian/autodrive/StreetWorld/lead/3rd_party/navsim_workspace/dataset/maps does not exist!
9c100482944751b3,False,1,/mnt/chenpeijian/autodrive/StreetWorld/lead/3rd_party/navsim_workspace/dataset/maps does not exist!
9c2063a3e137542a,False,1,/mnt/chenpeijian/autodrive/StreetWorld/lead/3rd_party/navsim_workspace/dataset/maps does not exist!
9c62f0bf33fd542d,False,1,/mnt/chenpeijian/autodrive/StreetWorld/lead/3rd_party/navsim_workspace/dataset/maps does not exist!
9ca89d773ed651ab,False,1,/mnt/chenpeijian/autodrive/StreetWorld/lead/3rd_party/navsim_workspace/dataset/maps does not exist!
9ce9ec5a49b1568d,False,1,/mnt/chenpeijian/autodrive/StreetWorld/lead/3rd_party/navsim_workspace/dataset/maps does not exist!
9d32436291335261,False,1,/mnt/chenpeijian/autodrive/StreetWorld/lead/3rd_party/navsim_workspace/dataset/maps does not exist!
9d7108a109a2571f,False,1,/mnt/chenpeijian/autodrive/StreetWorld/lead/3rd_party/navsim_workspace/dataset/maps does not exist!
9da553c408fb54ea,False,1,/mnt/chenpeijian/autodrive/StreetWorld/lead/3rd_party/navsim_workspace/dataset/maps does not exist!
9de4d5414a4a50c4,False,1,/mnt/chenpeijian/autodrive/StreetWorld/lead/3rd_party/navsim_workspace/dataset/maps does not exist!
9e12f81268d75fbb,False,1,/mnt/chenpeijian/autodrive/StreetWorld/lead/3rd_party/navsim_workspace/dataset/maps does not exist!
9e290b24dff55dff,False,1,/mnt/chenpeijian/autodrive/StreetWorld/lead/3rd_party/navsim_workspace/dataset/maps does not exist!
9e76a394983a59b6,False,1,/mnt/chenpeijian/autodrive/StreetWorld/lead/3rd_party/navsim_workspace/dataset/maps does not exist!
9e9baaa455b55c80,False,1,/mnt/chenpeijian/autodrive/StreetWorld/lead/3rd_party/navsim_workspace/dataset/maps does not exist!
9ecb100495a5584e,False,1,/mnt/chenpeijian/autodrive/StreetWorld/lead/3rd_party/navsim_workspace/dataset/maps does not exist!
9f0193389f8a520c,False,1,/mnt/chenpeijian/autodrive/StreetWorld/lead/3rd_party/navsim_workspace/dataset/maps does not exist!
9f3da1c3d8b85947,False,1,/mnt/chenpeijian/autodrive/StreetWorld/lead/3rd_party/navsim_workspace/dataset/maps does not exist!
9f8764247caa5e71,False,1,/mnt/chenpeijian/autodrive/StreetWorld/lead/3rd_party/navsim_workspace/dataset/maps does not exist!
9fc437191831579a,False,1,/mnt/chenpeijian/autodrive/StreetWorld/lead/3rd_party/navsim_workspace/dataset/maps does not exist!
a004456be0fd5ce0,False,1,/mnt/chenpeijian/autodrive/StreetWorld/lead/3rd_party/navsim_workspace/dataset/maps does not exist!
a04a20407bf95386,False,1,/mnt/chenpeijian/autodrive/StreetWorld/lead/3rd_party/navsim_workspace/dataset/maps does not exist!
a06eec37a0f058b2,False,1,/mnt/chenpeijian/autodrive/StreetWorld/lead/3rd_party/navsim_workspace/dataset/maps does not exist!
a08bb182c3d558da,False,1,/mnt/chenpeijian/autodrive/StreetWorld/lead/3rd_party/navsim_workspace/dataset/maps does not exist!
a0b9c3ee286454cb,False,1,/mnt/chenpeijian/autodrive/StreetWorld/lead/3rd_party/navsim_workspace/dataset/maps does not exist!
a0f56a70905c527d,False,1,/mnt/chenpeijian/autodrive/StreetWorld/lead/3rd_party/navsim_workspace/dataset/maps does not exist!
a1493423e0d1521c,False,1,/mnt/chenpeijian/autodrive/StreetWorld/lead/3rd_party/navsim_workspace/dataset/maps does not exist!
a18d2b32f8415373,False,1,/mnt/chenpeijian/autodrive/StreetWorld/lead/3rd_party/navsim_workspace/dataset/maps does not exist!
a1bfecf3560e5aa3,False,1,/mnt/chenpeijian/autodrive/StreetWorld/lead/3rd_party/navsim_workspace/dataset/maps does not exist!
a2047f9cb3865b75,False,1,/mnt/chenpeijian/autodrive/StreetWorld/lead/3rd_party/navsim_workspace/dataset/maps does not exist!
a22de94be8935752,False,1,/mnt/chenpeijian/autodrive/StreetWorld/lead/3rd_party/navsim_workspace/dataset/maps does not exist!
a26ee25cd4995271,False,1,/mnt/chenpeijian/autodrive/StreetWorld/lead/3rd_party/navsim_workspace/dataset/maps does not exist!
a29d602c497c532d,False,1,/mnt/chenpeijian/autodrive/StreetWorld/lead/3rd_party/navsim_workspace/dataset/maps does not exist!
a2d7be8710535e33,False,1,/mnt/chenpeijian/autodrive/StreetWorld/lead/3rd_party/navsim_workspace/dataset/maps does not exist!
a31780d642695a21,False,1,/mnt/chenpeijian/autodrive/StreetWorld/lead/3rd_party/navsim_workspace/dataset/maps does not exist!
a371624958cb52ea,False,1,/mnt/chenpeijian/autodrive/StreetWorld/lead/3rd_party/navsim_workspace/dataset/maps does not exist!
a38db8b9731f50b6,False,1,/mnt/chenpeijian/autodrive/StreetWorld/lead/3rd_party/navsim_workspace/dataset/maps does not exist!
a3bb30f4190a5f5d,False,1,/mnt/chenpeijian/autodrive/StreetWorld/lead/3rd_party/navsim_workspace/dataset/maps does not exist!
a417154cf84a5426,False,1,/mnt/chenpeijian/autodrive/StreetWorld/lead/3rd_party/navsim_workspace/dataset/maps does not exist!
a43337e3cf725ea6,False,1,/mnt/chenpeijian/autodrive/StreetWorld/lead/3rd_party/navsim_workspace/dataset/maps does not exist!
a4581d8af5f755a9,False,1,/mnt/chenpeijian/autodrive/StreetWorld/lead/3rd_party/navsim_workspace/dataset/maps does not exist!
a4bc6340456351af,False,1,/mnt/chenpeijian/autodrive/StreetWorld/lead/3rd_party/navsim_workspace/dataset/maps does not exist!
a514e82818cb55da,False,1,/mnt/chenpeijian/autodrive/StreetWorld/lead/3rd_party/navsim_workspace/dataset/maps does not exist!
a566f9d36b5d5921,False,1,/mnt/chenpeijian/autodrive/StreetWorld/lead/3rd_party/navsim_workspace/dataset/maps does not exist!
a5a1e608305d53a8,False,1,/mnt/chenpeijian/autodrive/StreetWorld/lead/3rd_party/navsim_workspace/dataset/maps does not exist!
a5d23e7aa6265f80,False,1,/mnt/chenpeijian/autodrive/StreetWorld/lead/3rd_party/navsim_workspace/dataset/maps does not exist!
a5f411a2c379503d,False,1,/mnt/chenpeijian/autodrive/StreetWorld/lead/3rd_party/navsim_workspace/dataset/maps does not exist!
a6186e0af3a55d93,False,1,/mnt/chenpeijian/autodrive/StreetWorld/lead/3rd_party/navsim_workspace/dataset/maps does not exist!
a62faaedb18d5b76,False,1,/mnt/chenpeijian/autodrive/StreetWorld/lead/3rd_party/navsim_workspace/dataset/maps does not exist!
a669b18e5ecd575d,False,1,/mnt/chenpeijian/autodrive/StreetWorld/lead/3rd_party/navsim_workspace/dataset/maps does not exist!
a698a93fec1e57fa,False,1,/mnt/chenpeijian/autodrive/StreetWorld/lead/3rd_party/navsim_workspace/dataset/maps does not exist!
a6c24c9ca7335016,False,1,/mnt/chenpeijian/autodrive/StreetWorld/lead/3rd_party/navsim_workspace/dataset/maps does not exist!
a728ab8233415a86,False,1,/mnt/chenpeijian/autodrive/StreetWorld/lead/3rd_party/navsim_workspace/dataset/maps does not exist!
a760f4373fd751e4,False,1,/mnt/chenpeijian/autodrive/StreetWorld/lead/3rd_party/navsim_workspace/dataset/maps does not exist!
a78e1f18f3b255d8,False,1,/mnt/chenpeijian/autodrive/StreetWorld/lead/3rd_party/navsim_workspace/dataset/maps does not exist!
a7cf529d15425b63,False,1,/mnt/chenpeijian/autodrive/StreetWorld/lead/3rd_party/navsim_workspace/dataset/maps does not exist!
a7fb000f96b35f94,False,1,/mnt/chenpeijian/autodrive/StreetWorld/lead/3rd_party/navsim_workspace/dataset/maps does not exist!
a8377f936650561b,False,1,/mnt/chenpeijian/autodrive/StreetWorld/lead/3rd_party/navsim_workspace/dataset/maps does not exist!
a87eceb632f253c7,False,1,/mnt/chenpeijian/autodrive/StreetWorld/lead/3rd_party/navsim_workspace/dataset/maps does not exist!
a8a743157c605bfe,False,1,/mnt/chenpeijian/autodrive/StreetWorld/lead/3rd_party/navsim_workspace/dataset/maps does not exist!
a8da6565d00e514a,False,1,/mnt/chenpeijian/autodrive/StreetWorld/lead/3rd_party/navsim_workspace/dataset/maps does not exist!
a8fd739baf0a5935,False,1,/mnt/chenpeijian/autodrive/StreetWorld/lead/3rd_party/navsim_workspace/dataset/maps does not exist!
a92ed51516c358dc,False,1,/mnt/chenpeijian/autodrive/StreetWorld/lead/3rd_party/navsim_workspace/dataset/maps does not exist!
a96abad3a09753c5,False,1,/mnt/chenpeijian/autodrive/StreetWorld/lead/3rd_party/navsim_workspace/dataset/maps does not exist!
a98bfcdd7d6c5683,False,1,/mnt/chenpeijian/autodrive/StreetWorld/lead/3rd_party/navsim_workspace/dataset/maps does not exist!
a9af1e73c9575428,False,1,/mnt/chenpeijian/autodrive/StreetWorld/lead/3rd_party/navsim_workspace/dataset/maps does not exist!
a9c9765a005351b9,False,1,/mnt/chenpeijian/autodrive/StreetWorld/lead/3rd_party/navsim_workspace/dataset/maps does not exist!
aa09b515e34356f4,False,1,/mnt/chenpeijian/autodrive/StreetWorld/lead/3rd_party/navsim_workspace/dataset/maps does not exist!
aa41c7c6037e5950,False,1,/mnt/chenpeijian/autodrive/StreetWorld/lead/3rd_party/navsim_workspace/dataset/maps does not exist!
aa7cf4712b635bb0,False,1,/mnt/chenpeijian/autodrive/StreetWorld/lead/3rd_party/navsim_workspace/dataset/maps does not exist!
aab44cff9f3552b1,False,1,/mnt/chenpeijian/autodrive/StreetWorld/lead/3rd_party/navsim_workspace/dataset/maps does not exist!
aaf90b3acdce5063,False,1,/mnt/chenpeijian/autodrive/StreetWorld/lead/3rd_party/navsim_workspace/dataset/maps does not exist!
ab1adeaf66035b88,False,1,/mnt/chenpeijian/autodrive/StreetWorld/lead/3rd_party/navsim_workspace/dataset/maps does not exist!
ab505f8775065375,False,1,/mnt/chenpeijian/autodrive/StreetWorld/lead/3rd_party/navsim_workspace/dataset/maps does not exist!
ab8034dd8873524b,False,1,/mnt/chenpeijian/autodrive/StreetWorld/lead/3rd_party/navsim_workspace/dataset/maps does not exist!
ab9d0f7542805d20,False,1,/mnt/chenpeijian/autodrive/StreetWorld/lead/3rd_party/navsim_workspace/dataset/maps does not exist!
abbfc957d5545f53,False,1,/mnt/chenpeijian/autodrive/StreetWorld/lead/3rd_party/navsim_workspace/dataset/maps does not exist!
abf38de966305279,False,1,/mnt/chenpeijian/autodrive/StreetWorld/lead/3rd_party/navsim_workspace/dataset/maps does not exist!
ac28e0768c6a5821,False,1,/mnt/chenpeijian/autodrive/StreetWorld/lead/3rd_party/navsim_workspace/dataset/maps does not exist!
ac36d9e5cb0752d2,False,1,/mnt/chenpeijian/autodrive/StreetWorld/lead/3rd_party/navsim_workspace/dataset/maps does not exist!
ac5bcee811565a00,False,1,/mnt/chenpeijian/autodrive/StreetWorld/lead/3rd_party/navsim_workspace/dataset/maps does not exist!
acc78986a3805c7e,False,1,/mnt/chenpeijian/autodrive/StreetWorld/lead/3rd_party/navsim_workspace/dataset/maps does not exist!
ad0c441309de5d2e,False,1,/mnt/chenpeijian/autodrive/StreetWorld/lead/3rd_party/navsim_workspace/dataset/maps does not exist!
ad4698e8271356b3,False,1,/mnt/chenpeijian/autodrive/StreetWorld/lead/3rd_party/navsim_workspace/dataset/maps does not exist!
ad6af1cce80c5983,False,1,/mnt/chenpeijian/autodrive/StreetWorld/lead/3rd_party/navsim_workspace/dataset/maps does not exist!
ad8ac16631a15da5,False,1,/mnt/chenpeijian/autodrive/StreetWorld/lead/3rd_party/navsim_workspace/dataset/maps does not exist!
adb5cfe871c55445,False,1,/mnt/chenpeijian/autodrive/StreetWorld/lead/3rd_party/navsim_workspace/dataset/maps does not exist!
adfdcd3c5a9a5fb9,False,1,/mnt/chenpeijian/autodrive/StreetWorld/lead/3rd_party/navsim_workspace/dataset/maps does not exist!
ae124de305ca5cb1,False,1,/mnt/chenpeijian/autodrive/StreetWorld/lead/3rd_party/navsim_workspace/dataset/maps does not exist!
ae472d675a965aca,False,1,/mnt/chenpeijian/autodrive/StreetWorld/lead/3rd_party/navsim_workspace/dataset/maps does not exist!
ae90dd8267ce57a0,False,1,/mnt/chenpeijian/autodrive/StreetWorld/lead/3rd_party/navsim_workspace/dataset/maps does not exist!
aee61beda170540c,False,1,/mnt/chenpeijian/autodrive/StreetWorld/lead/3rd_party/navsim_workspace/dataset/maps does not exist!
af07e6e213f2582e,False,1,/mnt/chenpeijian/autodrive/StreetWorld/lead/3rd_party/navsim_workspace/dataset/maps does not exist!
af67221644ad5bd3,False,1,/mnt/chenpeijian/autodrive/StreetWorld/lead/3rd_party/navsim_workspace/dataset/maps does not exist!
afa712d7affc5fbf,False,1,/mnt/chenpeijian/autodrive/StreetWorld/lead/3rd_party/navsim_workspace/dataset/maps does not exist!
afcd7846a4f35622,False,1,/mnt/chenpeijian/autodrive/StreetWorld/lead/3rd_party/navsim_workspace/dataset/maps does not exist!
aff2f948de815a32,False,1,/mnt/chenpeijian/autodrive/StreetWorld/lead/3rd_party/navsim_workspace/dataset/maps does not exist!
b022d508550251bf,False,1,/mnt/chenpeijian/autodrive/StreetWorld/lead/3rd_party/navsim_workspace/dataset/maps does not exist!
b04c892043a352d3,False,1,/mnt/chenpeijian/autodrive/StreetWorld/lead/3rd_party/navsim_workspace/dataset/maps does not exist!
b0902109adea5e0f,False,1,/mnt/chenpeijian/autodrive/StreetWorld/lead/3rd_party/navsim_workspace/dataset/maps does not exist!
b0b25b314843551d,False,1,/mnt/chenpeijian/autodrive/StreetWorld/lead/3rd_party/navsim_workspace/dataset/maps does not exist!
b111bb8716b756d2,False,1,/mnt/chenpeijian/autodrive/StreetWorld/lead/3rd_party/navsim_workspace/dataset/maps does not exist!
b133316a0e795993,False,1,/mnt/chenpeijian/autodrive/StreetWorld/lead/3rd_party/navsim_workspace/dataset/maps does not exist!
b156e8110afb5efd,False,1,/mnt/chenpeijian/autodrive/StreetWorld/lead/3rd_party/navsim_workspace/dataset/maps does not exist!
b1861baea30d54ef,False,1,/mnt/chenpeijian/autodrive/StreetWorld/lead/3rd_party/navsim_workspace/dataset/maps does not exist!
b1a1b2a18fa4504f,False,1,/mnt/chenpeijian/autodrive/StreetWorld/lead/3rd_party/navsim_workspace/dataset/maps does not exist!
b1c410cdd06b5bb4,False,1,/mnt/chenpeijian/autodrive/StreetWorld/lead/3rd_party/navsim_workspace/dataset/maps does not exist!
b1f641fdea505c99,False,1,/mnt/chenpeijian/autodrive/StreetWorld/lead/3rd_party/navsim_workspace/dataset/maps does not exist!
b24954d56c155570,False,1,/mnt/chenpeijian/autodrive/StreetWorld/lead/3rd_party/navsim_workspace/dataset/maps does not exist!
b27f68fe02b059ca,False,1,/mnt/chenpeijian/autodrive/StreetWorld/lead/3rd_party/navsim_workspace/dataset/maps does not exist!
b2bdd6d761035ca4,False,1,/mnt/chenpeijian/autodrive/StreetWorld/lead/3rd_party/navsim_workspace/dataset/maps does not exist!
b2eba34ff4c359cc,False,1,/mnt/chenpeijian/autodrive/StreetWorld/lead/3rd_party/navsim_workspace/dataset/maps does not exist!
b3055bb6f80d5167,False,1,/mnt/chenpeijian/autodrive/StreetWorld/lead/3rd_party/navsim_workspace/dataset/maps does not exist!
b31e39a660f1535f,False,1,/mnt/chenpeijian/autodrive/StreetWorld/lead/3rd_party/navsim_workspace/dataset/maps does not exist!
b38366e3befc5200,False,1,/mnt/chenpeijian/autodrive/StreetWorld/lead/3rd_party/navsim_workspace/dataset/maps does not exist!
b39c69db9eb45416,False,1,/mnt/chenpeijian/autodrive/StreetWorld/lead/3rd_party/navsim_workspace/dataset/maps does not exist!
b3de35a12e36586c,False,1,/mnt/chenpeijian/autodrive/StreetWorld/lead/3rd_party/navsim_workspace/dataset/maps does not exist!
b425ed76adfb5351,False,1,/mnt/chenpeijian/autodrive/StreetWorld/lead/3rd_party/navsim_workspace/dataset/maps does not exist!
b441db826d515eb7,False,1,/mnt/chenpeijian/autodrive/StreetWorld/lead/3rd_party/navsim_workspace/dataset/maps does not exist!
b470096ee3425c5a,False,1,/mnt/chenpeijian/autodrive/StreetWorld/lead/3rd_party/navsim_workspace/dataset/maps does not exist!
b49e63992eee56b1,False,1,/mnt/chenpeijian/autodrive/StreetWorld/lead/3rd_party/navsim_workspace/dataset/maps does not exist!
b4d40a7532c05cd0,False,1,/mnt/chenpeijian/autodrive/StreetWorld/lead/3rd_party/navsim_workspace/dataset/maps does not exist!
b4f05c1e42ea5aec,False,1,/mnt/chenpeijian/autodrive/StreetWorld/lead/3rd_party/navsim_workspace/dataset/maps does not exist!
b50cf2a689a55433,False,1,/mnt/chenpeijian/autodrive/StreetWorld/lead/3rd_party/navsim_workspace/dataset/maps does not exist!
b541b6d67bad546d,False,1,/mnt/chenpeijian/autodrive/StreetWorld/lead/3rd_party/navsim_workspace/dataset/maps does not exist!
b58a12e346235cd0,False,1,/mnt/chenpeijian/autodrive/StreetWorld/lead/3rd_party/navsim_workspace/dataset/maps does not exist!
b5b57305df6f5b99,False,1,/mnt/chenpeijian/autodrive/StreetWorld/lead/3rd_party/navsim_workspace/dataset/maps does not exist!
b5cc4dfa26465b62,False,1,/mnt/chenpeijian/autodrive/StreetWorld/lead/3rd_party/navsim_workspace/dataset/maps does not exist!
b5f57f5a6b5b5244,False,1,/mnt/chenpeijian/autodrive/StreetWorld/lead/3rd_party/navsim_workspace/dataset/maps does not exist!
b614d476ea185810,False,1,/mnt/chenpeijian/autodrive/StreetWorld/lead/3rd_party/navsim_workspace/dataset/maps does not exist!
b63793ec1e0350e6,False,1,/mnt/chenpeijian/autodrive/StreetWorld/lead/3rd_party/navsim_workspace/dataset/maps does not exist!
b658c12176c05fc5,False,1,/mnt/chenpeijian/autodrive/StreetWorld/lead/3rd_party/navsim_workspace/dataset/maps does not exist!
b677a8a95c395ad2,False,1,/mnt/chenpeijian/autodrive/StreetWorld/lead/3rd_party/navsim_workspace/dataset/maps does not exist!
b6b0722747565854,False,1,/mnt/chenpeijian/autodrive/StreetWorld/lead/3rd_party/navsim_workspace/dataset/maps does not exist!
b7453f77be5b53df,False,1,/mnt/chenpeijian/autodrive/StreetWorld/lead/3rd_party/navsim_workspace/dataset/maps does not exist!
b7648a9b27e7574e,False,1,/mnt/chenpeijian/autodrive/StreetWorld/lead/3rd_party/navsim_workspace/dataset/maps does not exist!
b7bbef1569ca526e,False,1,/mnt/chenpeijian/autodrive/StreetWorld/lead/3rd_party/navsim_workspace/dataset/maps does not exist!
b7c8677392845e18,False,1,/mnt/chenpeijian/autodrive/StreetWorld/lead/3rd_party/navsim_workspace/dataset/maps does not exist!
b7e9b4a46b9a5533,False,1,/mnt/chenpeijian/autodrive/StreetWorld/lead/3rd_party/navsim_workspace/dataset/maps does not exist!
b814c5b773165d87,False,1,/mnt/chenpeijian/autodrive/StreetWorld/lead/3rd_party/navsim_workspace/dataset/maps does not exist!
b83f5bd6726e5996,False,1,/mnt/chenpeijian/autodrive/StreetWorld/lead/3rd_party/navsim_workspace/dataset/maps does not exist!
b8554777b68750e7,False,1,/mnt/chenpeijian/autodrive/StreetWorld/lead/3rd_party/navsim_workspace/dataset/maps does not exist!
b86c171d4a9d51e3,False,1,/mnt/chenpeijian/autodrive/StreetWorld/lead/3rd_party/navsim_workspace/dataset/maps does not exist!
b88e5601e3055bd8,False,1,/mnt/chenpeijian/autodrive/StreetWorld/lead/3rd_party/navsim_workspace/dataset/maps does not exist!
b8baf3c807cd50b4,False,1,/mnt/chenpeijian/autodrive/StreetWorld/lead/3rd_party/navsim_workspace/dataset/maps does not exist!
b8d4a8d9b16859d4,False,1,/mnt/chenpeijian/autodrive/StreetWorld/lead/3rd_party/navsim_workspace/dataset/maps does not exist!
b91aab23acc957c5,False,1,/mnt/chenpeijian/autodrive/StreetWorld/lead/3rd_party/navsim_workspace/dataset/maps does not exist!
b94c811448e75d1c,False,1,/mnt/chenpeijian/autodrive/StreetWorld/lead/3rd_party/navsim_workspace/dataset/maps does not exist!
b96ea08d168f5a3d,False,1,/mnt/chenpeijian/autodrive/StreetWorld/lead/3rd_party/navsim_workspace/dataset/maps does not exist!
b9c8a72571a85792,False,1,/mnt/chenpeijian/autodrive/StreetWorld/lead/3rd_party/navsim_workspace/dataset/maps does not exist!
b9f3b69b160e5ad0,False,1,/mnt/chenpeijian/autodrive/StreetWorld/lead/3rd_party/navsim_workspace/dataset/maps does not exist!
ba40b386e9cd5e73,False,1,/mnt/chenpeijian/autodrive/StreetWorld/lead/3rd_party/navsim_workspace/dataset/maps does not exist!
ba69db6d6eb15ceb,False,1,/mnt/chenpeijian/autodrive/StreetWorld/lead/3rd_party/navsim_workspace/dataset/maps does not exist!
ba8dead3eb765a14,False,1,/mnt/chenpeijian/autodrive/StreetWorld/lead/3rd_party/navsim_workspace/dataset/maps does not exist!
bacbab3d771e59fd,False,1,/mnt/chenpeijian/autodrive/StreetWorld/lead/3rd_party/navsim_workspace/dataset/maps does not exist!
baff5b48a5c056ec,False,1,/mnt/chenpeijian/autodrive/StreetWorld/lead/3rd_party/navsim_workspace/dataset/maps does not exist!
bb4ca2b147d35b62,False,1,/mnt/chenpeijian/autodrive/StreetWorld/lead/3rd_party/navsim_workspace/dataset/maps does not exist!
bb8497b5cf575e3a,False,1,/mnt/chenpeijian/autodrive/StreetWorld/lead/3rd_party/navsim_workspace/dataset/maps does not exist!
bc089c23e7f95250,False,1,/mnt/chenpeijian/autodrive/StreetWorld/lead/3rd_party/navsim_workspace/dataset/maps does not exist!
bc2fe3314b345c63,False,1,/mnt/chenpeijian/autodrive/StreetWorld/lead/3rd_party/navsim_workspace/dataset/maps does not exist!
bc68d211a62d5c19,False,1,/mnt/chenpeijian/autodrive/StreetWorld/lead/3rd_party/navsim_workspace/dataset/maps does not exist!
bc8d49758c6b5612,False,1,/mnt/chenpeijian/autodrive/StreetWorld/lead/3rd_party/navsim_workspace/dataset/maps does not exist!
bca002ce93bd5997,False,1,/mnt/chenpeijian/autodrive/StreetWorld/lead/3rd_party/navsim_workspace/dataset/maps does not exist!
bcd26bf1bf055164,False,1,/mnt/chenpeijian/autodrive/StreetWorld/lead/3rd_party/navsim_workspace/dataset/maps does not exist!
bd0dd422fbc152e5,False,1,/mnt/chenpeijian/autodrive/StreetWorld/lead/3rd_party/navsim_workspace/dataset/maps does not exist!
bd3e71c7666156ee,False,1,/mnt/chenpeijian/autodrive/StreetWorld/lead/3rd_party/navsim_workspace/dataset/maps does not exist!
bd70654aee0f54a6,False,1,/mnt/chenpeijian/autodrive/StreetWorld/lead/3rd_party/navsim_workspace/dataset/maps does not exist!
bdb2a3cdeadc51c7,False,1,/mnt/chenpeijian/autodrive/StreetWorld/lead/3rd_party/navsim_workspace/dataset/maps does not exist!
bdf4ea0b653c5677,False,1,/mnt/chenpeijian/autodrive/StreetWorld/lead/3rd_party/navsim_workspace/dataset/maps does not exist!
be0e8eae708f5d4b,False,1,/mnt/chenpeijian/autodrive/StreetWorld/lead/3rd_party/navsim_workspace/dataset/maps does not exist!
be3551ae467a579e,False,1,/mnt/chenpeijian/autodrive/StreetWorld/lead/3rd_party/navsim_workspace/dataset/maps does not exist!
be7c407443f15fec,False,1,/mnt/chenpeijian/autodrive/StreetWorld/lead/3rd_party/navsim_workspace/dataset/maps does not exist!
bebbdf5c01b85cf1,False,1,/mnt/chenpeijian/autodrive/StreetWorld/lead/3rd_party/navsim_workspace/dataset/maps does not exist!
beecbff2fd37592e,False,1,/mnt/chenpeijian/autodrive/StreetWorld/lead/3rd_party/navsim_workspace/dataset/maps does not exist!
bf0a29ccead65750,False,1,/mnt/chenpeijian/autodrive/StreetWorld/lead/3rd_party/navsim_workspace/dataset/maps does not exist!
bf204ae0ffed51d2,False,1,/mnt/chenpeijian/autodrive/StreetWorld/lead/3rd_party/navsim_workspace/dataset/maps does not exist!
bf613de6319c5473,False,1,/mnt/chenpeijian/autodrive/StreetWorld/lead/3rd_party/navsim_workspace/dataset/maps does not exist!
bf8b8714f63d5642,False,1,/mnt/chenpeijian/autodrive/StreetWorld/lead/3rd_party/navsim_workspace/dataset/maps does not exist!
bfcb040f50425141,False,1,/mnt/chenpeijian/autodrive/StreetWorld/lead/3rd_party/navsim_workspace/dataset/maps does not exist!
bff29edb43425586,False,1,/mnt/chenpeijian/autodrive/StreetWorld/lead/3rd_party/navsim_workspace/dataset/maps does not exist!
c04b59204ebe55f9,False,1,/mnt/chenpeijian/autodrive/StreetWorld/lead/3rd_party/navsim_workspace/dataset/maps does not exist!
c06773e2267b568e,False,1,/mnt/chenpeijian/autodrive/StreetWorld/lead/3rd_party/navsim_workspace/dataset/maps does not exist!
c08cd52346155301,False,1,/mnt/chenpeijian/autodrive/StreetWorld/lead/3rd_party/navsim_workspace/dataset/maps does not exist!
c0b8f52197ac558c,False,1,/mnt/chenpeijian/autodrive/StreetWorld/lead/3rd_party/navsim_workspace/dataset/maps does not exist!
c0e6947e2b455ff7,False,1,/mnt/chenpeijian/autodrive/StreetWorld/lead/3rd_party/navsim_workspace/dataset/maps does not exist!
c10ed86969435545,False,1,/mnt/chenpeijian/autodrive/StreetWorld/lead/3rd_party/navsim_workspace/dataset/maps does not exist!
c159f0c331075464,False,1,/mnt/chenpeijian/autodrive/StreetWorld/lead/3rd_party/navsim_workspace/dataset/maps does not exist!
c1c3bb73344c593a,False,1,/mnt/chenpeijian/autodrive/StreetWorld/lead/3rd_party/navsim_workspace/dataset/maps does not exist!
c1e76b8992fa5182,False,1,/mnt/chenpeijian/autodrive/StreetWorld/lead/3rd_party/navsim_workspace/dataset/maps does not exist!
c20bcc28c238595c,False,1,/mnt/chenpeijian/autodrive/StreetWorld/lead/3rd_party/navsim_workspace/dataset/maps does not exist!
c239a3efe5df5739,False,1,/mnt/chenpeijian/autodrive/StreetWorld/lead/3rd_party/navsim_workspace/dataset/maps does not exist!
c28b41c8410f5465,False,1,/mnt/chenpeijian/autodrive/StreetWorld/lead/3rd_party/navsim_workspace/dataset/maps does not exist!
c2a93dd3494b5702,False,1,/mnt/chenpeijian/autodrive/StreetWorld/lead/3rd_party/navsim_workspace/dataset/maps does not exist!
c2ed826b31065c66,False,1,/mnt/chenpeijian/autodrive/StreetWorld/lead/3rd_party/navsim_workspace/dataset/maps does not exist!
c332770f3439515e,False,1,/mnt/chenpeijian/autodrive/StreetWorld/lead/3rd_party/navsim_workspace/dataset/maps does not exist!
c35f0df7bfdb5140,False,1,/mnt/chenpeijian/autodrive/StreetWorld/lead/3rd_party/navsim_workspace/dataset/maps does not exist!
c39af88ae1be534a,False,1,/mnt/chenpeijian/autodrive/StreetWorld/lead/3rd_party/navsim_workspace/dataset/maps does not exist!
c3ed0328b37b586b,False,1,/mnt/chenpeijian/autodrive/StreetWorld/lead/3rd_party/navsim_workspace/dataset/maps does not exist!
c41b4666b98e5b92,False,1,/mnt/chenpeijian/autodrive/StreetWorld/lead/3rd_party/navsim_workspace/dataset/maps does not exist!
c46b2546f3565375,False,1,/mnt/chenpeijian/autodrive/StreetWorld/lead/3rd_party/navsim_workspace/dataset/maps does not exist!
c49e7550cee75722,False,1,/mnt/chenpeijian/autodrive/StreetWorld/lead/3rd_party/navsim_workspace/dataset/maps does not exist!
c4e83619721455b0,False,1,/mnt/chenpeijian/autodrive/StreetWorld/lead/3rd_party/navsim_workspace/dataset/maps does not exist!
c5099436d08c5e1f,False,1,/mnt/chenpeijian/autodrive/StreetWorld/lead/3rd_party/navsim_workspace/dataset/maps does not exist!
c53328cc0fb15f17,False,1,/mnt/chenpeijian/autodrive/StreetWorld/lead/3rd_party/navsim_workspace/dataset/maps does not exist!
c5510354351d5d5e,False,1,/mnt/chenpeijian/autodrive/StreetWorld/lead/3rd_party/navsim_workspace/dataset/maps does not exist!
c5b585ddf50d5f1f,False,1,/mnt/chenpeijian/autodrive/StreetWorld/lead/3rd_party/navsim_workspace/dataset/maps does not exist!
c5e8daf69c6552a7,False,1,/mnt/chenpeijian/autodrive/StreetWorld/lead/3rd_party/navsim_workspace/dataset/maps does not exist!
c61d55c28f3b538d,False,1,/mnt/chenpeijian/autodrive/StreetWorld/lead/3rd_party/navsim_workspace/dataset/maps does not exist!
c648574640a65934,False,1,/mnt/chenpeijian/autodrive/StreetWorld/lead/3rd_party/navsim_workspace/dataset/maps does not exist!
c65fbb9cff2a59e5,False,1,/mnt/chenpeijian/autodrive/StreetWorld/lead/3rd_party/navsim_workspace/dataset/maps does not exist!
c67e9184504951c5,False,1,/mnt/chenpeijian/autodrive/StreetWorld/lead/3rd_party/navsim_workspace/dataset/maps does not exist!
c6b7a8d63fc95d3a,False,1,/mnt/chenpeijian/autodrive/StreetWorld/lead/3rd_party/navsim_workspace/dataset/maps does not exist!
c6d6faaea8915ef2,False,1,/mnt/chenpeijian/autodrive/StreetWorld/lead/3rd_party/navsim_workspace/dataset/maps does not exist!
c710ccf4dffd58a7,False,1,/mnt/chenpeijian/autodrive/StreetWorld/lead/3rd_party/navsim_workspace/dataset/maps does not exist!
c75331b9d30957a1,False,1,/mnt/chenpeijian/autodrive/StreetWorld/lead/3rd_party/navsim_workspace/dataset/maps does not exist!
c78f87b2bd4151d4,False,1,/mnt/chenpeijian/autodrive/StreetWorld/lead/3rd_party/navsim_workspace/dataset/maps does not exist!
c7ce79ec4bf956c4,False,1,/mnt/chenpeijian/autodrive/StreetWorld/lead/3rd_party/navsim_workspace/dataset/maps does not exist!
c80072cd3e165a71,False,1,/mnt/chenpeijian/autodrive/StreetWorld/lead/3rd_party/navsim_workspace/dataset/maps does not exist!
c823f9a693a05d93,False,1,/mnt/chenpeijian/autodrive/StreetWorld/lead/3rd_party/navsim_workspace/dataset/maps does not exist!
c84e6787935b5483,False,1,/mnt/chenpeijian/autodrive/StreetWorld/lead/3rd_party/navsim_workspace/dataset/maps does not exist!
c89f33e9f07d5aa8,False,1,/mnt/chenpeijian/autodrive/StreetWorld/lead/3rd_party/navsim_workspace/dataset/maps does not exist!
c8deb087395357c3,False,1,/mnt/chenpeijian/autodrive/StreetWorld/lead/3rd_party/navsim_workspace/dataset/maps does not exist!
c91c301500e95244,False,1,/mnt/chenpeijian/autodrive/StreetWorld/lead/3rd_party/navsim_workspace/dataset/maps does not exist!
c940e807dd6b53c8,False,1,/mnt/chenpeijian/autodrive/StreetWorld/lead/3rd_party/navsim_workspace/dataset/maps does not exist!
c95f789949355567,False,1,/mnt/chenpeijian/autodrive/StreetWorld/lead/3rd_party/navsim_workspace/dataset/maps does not exist!
c988ef2f076359de,False,1,/mnt/chenpeijian/autodrive/StreetWorld/lead/3rd_party/navsim_workspace/dataset/maps does not exist!
c9aa2159bc3a50a0,False,1,/mnt/chenpeijian/autodrive/StreetWorld/lead/3rd_party/navsim_workspace/dataset/maps does not exist!
c9e5306d839d5427,False,1,/mnt/chenpeijian/autodrive/StreetWorld/lead/3rd_party/navsim_workspace/dataset/maps does not exist!
ca009ab283bc5484,False,1,/mnt/chenpeijian/autodrive/StreetWorld/lead/3rd_party/navsim_workspace/dataset/maps does not exist!
ca59ecba5722534c,False,1,/mnt/chenpeijian/autodrive/StreetWorld/lead/3rd_party/navsim_workspace/dataset/maps does not exist!
ca85e7b7b71559b3,False,1,/mnt/chenpeijian/autodrive/StreetWorld/lead/3rd_party/navsim_workspace/dataset/maps does not exist!
cab75d9e74eb52a1,False,1,/mnt/chenpeijian/autodrive/StreetWorld/lead/3rd_party/navsim_workspace/dataset/maps does not exist!
cb0505ba89415347,False,1,/mnt/chenpeijian/autodrive/StreetWorld/lead/3rd_party/navsim_workspace/dataset/maps does not exist!
cb3bbfd7864d53f5,False,1,/mnt/chenpeijian/autodrive/StreetWorld/lead/3rd_party/navsim_workspace/dataset/maps does not exist!
cb8822d19cc45d85,False,1,/mnt/chenpeijian/autodrive/StreetWorld/lead/3rd_party/navsim_workspace/dataset/maps does not exist!
cbbf59be3a4e555d,False,1,/mnt/chenpeijian/autodrive/StreetWorld/lead/3rd_party/navsim_workspace/dataset/maps does not exist!
cbda46701b0d57b8,False,1,/mnt/chenpeijian/autodrive/StreetWorld/lead/3rd_party/navsim_workspace/dataset/maps does not exist!
cc2ab80d336a56e0,False,1,/mnt/chenpeijian/autodrive/StreetWorld/lead/3rd_party/navsim_workspace/dataset/maps does not exist!
cc7707ad6d0d5346,False,1,/mnt/chenpeijian/autodrive/StreetWorld/lead/3rd_party/navsim_workspace/dataset/maps does not exist!
cc8a7b88b06b56c2,False,1,/mnt/chenpeijian/autodrive/StreetWorld/lead/3rd_party/navsim_workspace/dataset/maps does not exist!
ccaf88fb91a25119,False,1,/mnt/chenpeijian/autodrive/StreetWorld/lead/3rd_party/navsim_workspace/dataset/maps does not exist!
ccd6fe2d044e5309,False,1,/mnt/chenpeijian/autodrive/StreetWorld/lead/3rd_party/navsim_workspace/dataset/maps does not exist!
cd008a1ed571512f,False,1,/mnt/chenpeijian/autodrive/StreetWorld/lead/3rd_party/navsim_workspace/dataset/maps does not exist!
cd3b8dce1faa577f,False,1,/mnt/chenpeijian/autodrive/StreetWorld/lead/3rd_party/navsim_workspace/dataset/maps does not exist!
cd67b6a868ed5745,False,1,/mnt/chenpeijian/autodrive/StreetWorld/lead/3rd_party/navsim_workspace/dataset/maps does not exist!
cd7e9823f2b15e0f,False,1,/mnt/chenpeijian/autodrive/StreetWorld/lead/3rd_party/navsim_workspace/dataset/maps does not exist!
cd9db9ad41d35989,False,1,/mnt/chenpeijian/autodrive/StreetWorld/lead/3rd_party/navsim_workspace/dataset/maps does not exist!
cdc9eb7c7ddb5b08,False,1,/mnt/chenpeijian/autodrive/StreetWorld/lead/3rd_party/navsim_workspace/dataset/maps does not exist!
cde9cee2c4f55145,False,1,/mnt/chenpeijian/autodrive/StreetWorld/lead/3rd_party/navsim_workspace/dataset/maps does not exist!
ce01babf6dfb598e,False,1,/mnt/chenpeijian/autodrive/StreetWorld/lead/3rd_party/navsim_workspace/dataset/maps does not exist!
ce2de8af70e05a57,False,1,/mnt/chenpeijian/autodrive/StreetWorld/lead/3rd_party/navsim_workspace/dataset/maps does not exist!
ce82b44e8dfd5e1d,False,1,/mnt/chenpeijian/autodrive/StreetWorld/lead/3rd_party/navsim_workspace/dataset/maps does not exist!
cea6c267a5a05b3c,False,1,/mnt/chenpeijian/autodrive/StreetWorld/lead/3rd_party/navsim_workspace/dataset/maps does not exist!
ceccd4369b5f552d,False,1,/mnt/chenpeijian/autodrive/StreetWorld/lead/3rd_party/navsim_workspace/dataset/maps does not exist!
cf039efb320e55ec,False,1,/mnt/chenpeijian/autodrive/StreetWorld/lead/3rd_party/navsim_workspace/dataset/maps does not exist!
cf2e8812889754b1,False,1,/mnt/chenpeijian/autodrive/StreetWorld/lead/3rd_party/navsim_workspace/dataset/maps does not exist!
cf62911d4c7c541c,False,1,/mnt/chenpeijian/autodrive/StreetWorld/lead/3rd_party/navsim_workspace/dataset/maps does not exist!
cf9b7b96f5a057d0,False,1,/mnt/chenpeijian/autodrive/StreetWorld/lead/3rd_party/navsim_workspace/dataset/maps does not exist!
cfc9186dc53b5d4a,False,1,/mnt/chenpeijian/autodrive/StreetWorld/lead/3rd_party/navsim_workspace/dataset/maps does not exist!
d01ce29c2b1951a2,False,1,/mnt/chenpeijian/autodrive/StreetWorld/lead/3rd_party/navsim_workspace/dataset/maps does not exist!
d04049c3978354f0,False,1,/mnt/chenpeijian/autodrive/StreetWorld/lead/3rd_party/navsim_workspace/dataset/maps does not exist!
d0884d449b2959fe,False,1,/mnt/chenpeijian/autodrive/StreetWorld/lead/3rd_party/navsim_workspace/dataset/maps does not exist!
d09ecc45a5685873,False,1,/mnt/chenpeijian/autodrive/StreetWorld/lead/3rd_party/navsim_workspace/dataset/maps does not exist!
d0dc567530ef57dd,False,1,/mnt/chenpeijian/autodrive/StreetWorld/lead/3rd_party/navsim_workspace/dataset/maps does not exist!
d112a49d72925b06,False,1,/mnt/chenpeijian/autodrive/StreetWorld/lead/3rd_party/navsim_workspace/dataset/maps does not exist!
d12bf3c2e5ab5f74,False,1,/mnt/chenpeijian/autodrive/StreetWorld/lead/3rd_party/navsim_workspace/dataset/maps does not exist!
d14f40d60d165b25,False,1,/mnt/chenpeijian/autodrive/StreetWorld/lead/3rd_party/navsim_workspace/dataset/maps does not exist!
d1abb12015175373,False,1,/mnt/chenpeijian/autodrive/StreetWorld/lead/3rd_party/navsim_workspace/dataset/maps does not exist!
d1d1cb2c2a5b5a29,False,1,/mnt/chenpeijian/autodrive/StreetWorld/lead/3rd_party/navsim_workspace/dataset/maps does not exist!
d20659149c14557c,False,1,/mnt/chenpeijian/autodrive/StreetWorld/lead/3rd_party/navsim_workspace/dataset/maps does not exist!
d232efb9cc535426,False,1,/mnt/chenpeijian/autodrive/StreetWorld/lead/3rd_party/navsim_workspace/dataset/maps does not exist!
d26771df718251d1,False,1,/mnt/chenpeijian/autodrive/StreetWorld/lead/3rd_party/navsim_workspace/dataset/maps does not exist!
d2a40dbaca5750e4,False,1,/mnt/chenpeijian/autodrive/StreetWorld/lead/3rd_party/navsim_workspace/dataset/maps does not exist!
d2ce22d49c4c5166,False,1,/mnt/chenpeijian/autodrive/StreetWorld/lead/3rd_party/navsim_workspace/dataset/maps does not exist!
d32754e8c47e5771,False,1,/mnt/chenpeijian/autodrive/StreetWorld/lead/3rd_party/navsim_workspace/dataset/maps does not exist!
d34d0398de585e6c,False,1,/mnt/chenpeijian/autodrive/StreetWorld/lead/3rd_party/navsim_workspace/dataset/maps does not exist!
d3a9acba43a05b83,False,1,/mnt/chenpeijian/autodrive/StreetWorld/lead/3rd_party/navsim_workspace/dataset/maps does not exist!
d3d9e16508ae5756,False,1,/mnt/chenpeijian/autodrive/StreetWorld/lead/3rd_party/navsim_workspace/dataset/maps does not exist!
d42d0a93b7185161,False,1,/mnt/chenpeijian/autodrive/StreetWorld/lead/3rd_party/navsim_workspace/dataset/maps does not exist!
d45dddb7bbfe5914,False,1,/mnt/chenpeijian/autodrive/StreetWorld/lead/3rd_party/navsim_workspace/dataset/maps does not exist!
d47d27f1cfb65061,False,1,/mnt/chenpeijian/autodrive/StreetWorld/lead/3rd_party/navsim_workspace/dataset/maps does not exist!
d4c431871c755ba3,False,1,/mnt/chenpeijian/autodrive/StreetWorld/lead/3rd_party/navsim_workspace/dataset/maps does not exist!
d5085a26c5915a49,False,1,/mnt/chenpeijian/autodrive/StreetWorld/lead/3rd_party/navsim_workspace/dataset/maps does not exist!
d54e58ba5e575ac0,False,1,/mnt/chenpeijian/autodrive/StreetWorld/lead/3rd_party/navsim_workspace/dataset/maps does not exist!
d56e3d307eb8525a,False,1,/mnt/chenpeijian/autodrive/StreetWorld/lead/3rd_party/navsim_workspace/dataset/maps does not exist!
d5a79b89fb985129,False,1,/mnt/chenpeijian/autodrive/StreetWorld/lead/3rd_party/navsim_workspace/dataset/maps does not exist!
d5f582e6945d5bc3,False,1,/mnt/chenpeijian/autodrive/StreetWorld/lead/3rd_party/navsim_workspace/dataset/maps does not exist!
d607d27b421a562b,False,1,/mnt/chenpeijian/autodrive/StreetWorld/lead/3rd_party/navsim_workspace/dataset/maps does not exist!
d64b2da8ffb65c16,False,1,/mnt/chenpeijian/autodrive/StreetWorld/lead/3rd_party/navsim_workspace/dataset/maps does not exist!
d66a4334c9625c4a,False,1,/mnt/chenpeijian/autodrive/StreetWorld/lead/3rd_party/navsim_workspace/dataset/maps does not exist!
d68d495f8f605301,False,1,/mnt/chenpeijian/autodrive/StreetWorld/lead/3rd_party/navsim_workspace/dataset/maps does not exist!
d6b5646287065fa8,False,1,/mnt/chenpeijian/autodrive/StreetWorld/lead/3rd_party/navsim_workspace/dataset/maps does not exist!
d6f66c51d98a5db6,False,1,/mnt/chenpeijian/autodrive/StreetWorld/lead/3rd_party/navsim_workspace/dataset/maps does not exist!
d70f8a8eeeeb5e82,False,1,/mnt/chenpeijian/autodrive/StreetWorld/lead/3rd_party/navsim_workspace/dataset/maps does not exist!
d74f4eda6af854c4,False,1,/mnt/chenpeijian/autodrive/StreetWorld/lead/3rd_party/navsim_workspace/dataset/maps does not exist!
d77a9c90baf35d87,False,1,/mnt/chenpeijian/autodrive/StreetWorld/lead/3rd_party/navsim_workspace/dataset/maps does not exist!
d7928caf300452e2,False,1,/mnt/chenpeijian/autodrive/StreetWorld/lead/3rd_party/navsim_workspace/dataset/maps does not exist!
d7c78dbb6fb25194,False,1,/mnt/chenpeijian/autodrive/StreetWorld/lead/3rd_party/navsim_workspace/dataset/maps does not exist!
d813c6a4706e5411,False,1,/mnt/chenpeijian/autodrive/StreetWorld/lead/3rd_party/navsim_workspace/dataset/maps does not exist!
d8338aefbb73570f,False,1,/mnt/chenpeijian/autodrive/StreetWorld/lead/3rd_party/navsim_workspace/dataset/maps does not exist!
d861e8c8589e5433,False,1,/mnt/chenpeijian/autodrive/StreetWorld/lead/3rd_party/navsim_workspace/dataset/maps does not exist!
d89c9a87852151d1,False,1,/mnt/chenpeijian/autodrive/StreetWorld/lead/3rd_party/navsim_workspace/dataset/maps does not exist!
d8effdc24c235d3f,False,1,/mnt/chenpeijian/autodrive/StreetWorld/lead/3rd_party/navsim_workspace/dataset/maps does not exist!
d9150469e9885120,False,1,/mnt/chenpeijian/autodrive/StreetWorld/lead/3rd_party/navsim_workspace/dataset/maps does not exist!
d93e31dfb0c25be5,False,1,/mnt/chenpeijian/autodrive/StreetWorld/lead/3rd_party/navsim_workspace/dataset/maps does not exist!
d957b8de88d154cb,False,1,/mnt/chenpeijian/autodrive/StreetWorld/lead/3rd_party/navsim_workspace/dataset/maps does not exist!
d9983fb6d20e5413,False,1,/mnt/chenpeijian/autodrive/StreetWorld/lead/3rd_party/navsim_workspace/dataset/maps does not exist!
d9e93eae3b4a5235,False,1,/mnt/chenpeijian/autodrive/StreetWorld/lead/3rd_party/navsim_workspace/dataset/maps does not exist!
da0d775d13c956be,False,1,/mnt/chenpeijian/autodrive/StreetWorld/lead/3rd_party/navsim_workspace/dataset/maps does not exist!
da590e67d2e6532a,False,1,/mnt/chenpeijian/autodrive/StreetWorld/lead/3rd_party/navsim_workspace/dataset/maps does not exist!
daa09f8522125950,False,1,/mnt/chenpeijian/autodrive/StreetWorld/lead/3rd_party/navsim_workspace/dataset/maps does not exist!
dadaa10f428c501e,False,1,/mnt/chenpeijian/autodrive/StreetWorld/lead/3rd_party/navsim_workspace/dataset/maps does not exist!
db026a1a1b6f5d3d,False,1,/mnt/chenpeijian/autodrive/StreetWorld/lead/3rd_party/navsim_workspace/dataset/maps does not exist!
db3833e656c256dd,False,1,/mnt/chenpeijian/autodrive/StreetWorld/lead/3rd_party/navsim_workspace/dataset/maps does not exist!
db723debaec15d81,False,1,/mnt/chenpeijian/autodrive/StreetWorld/lead/3rd_party/navsim_workspace/dataset/maps does not exist!
db98c374c7e65602,False,1,/mnt/chenpeijian/autodrive/StreetWorld/lead/3rd_party/navsim_workspace/dataset/maps does not exist!
dbd898b3533f5ac5,False,1,/mnt/chenpeijian/autodrive/StreetWorld/lead/3rd_party/navsim_workspace/dataset/maps does not exist!
dc145331696d5400,False,1,/mnt/chenpeijian/autodrive/StreetWorld/lead/3rd_party/navsim_workspace/dataset/maps does not exist!
dc482250cdb35c9e,False,1,/mnt/chenpeijian/autodrive/StreetWorld/lead/3rd_party/navsim_workspace/dataset/maps does not exist!
dc95b5731cc359f3,False,1,/mnt/chenpeijian/autodrive/StreetWorld/lead/3rd_party/navsim_workspace/dataset/maps does not exist!
dcdacf7509ed5062,False,1,/mnt/chenpeijian/autodrive/StreetWorld/lead/3rd_party/navsim_workspace/dataset/maps does not exist!
dcfc13ba3a4150a6,False,1,/mnt/chenpeijian/autodrive/StreetWorld/lead/3rd_party/navsim_workspace/dataset/maps does not exist!
dd2546a068da5ffe,False,1,/mnt/chenpeijian/autodrive/StreetWorld/lead/3rd_party/navsim_workspace/dataset/maps does not exist!
dd414d3d7d5452f1,False,1,/mnt/chenpeijian/autodrive/StreetWorld/lead/3rd_party/navsim_workspace/dataset/maps does not exist!
dd6549a070e25b02,False,1,/mnt/chenpeijian/autodrive/StreetWorld/lead/3rd_party/navsim_workspace/dataset/maps does not exist!
dd9143b12b155b15,False,1,/mnt/chenpeijian/autodrive/StreetWorld/lead/3rd_party/navsim_workspace/dataset/maps does not exist!
ddc25b8617cb5aa0,False,1,/mnt/chenpeijian/autodrive/StreetWorld/lead/3rd_party/navsim_workspace/dataset/maps does not exist!
dddf14378c355c3a,False,1,/mnt/chenpeijian/autodrive/StreetWorld/lead/3rd_party/navsim_workspace/dataset/maps does not exist!
ddfeb4814eba5cf8,False,1,/mnt/chenpeijian/autodrive/StreetWorld/lead/3rd_party/navsim_workspace/dataset/maps does not exist!
de205067b0165547,False,1,/mnt/chenpeijian/autodrive/StreetWorld/lead/3rd_party/navsim_workspace/dataset/maps does not exist!
de3ea1d3c1e0588a,False,1,/mnt/chenpeijian/autodrive/StreetWorld/lead/3rd_party/navsim_workspace/dataset/maps does not exist!
de64687e89f25285,False,1,/mnt/chenpeijian/autodrive/StreetWorld/lead/3rd_party/navsim_workspace/dataset/maps does not exist!
deb16bb9771a582a,False,1,/mnt/chenpeijian/autodrive/StreetWorld/lead/3rd_party/navsim_workspace/dataset/maps does not exist!
ded4ce0e91b4596a,False,1,/mnt/chenpeijian/autodrive/StreetWorld/lead/3rd_party/navsim_workspace/dataset/maps does not exist!
deff279b0c815e5a,False,1,/mnt/chenpeijian/autodrive/StreetWorld/lead/3rd_party/navsim_workspace/dataset/maps does not exist!
df284ad97ad55a31,False,1,/mnt/chenpeijian/autodrive/StreetWorld/lead/3rd_party/navsim_workspace/dataset/maps does not exist!
df3b1f0f39625162,False,1,/mnt/chenpeijian/autodrive/StreetWorld/lead/3rd_party/navsim_workspace/dataset/maps does not exist!
df5915c3464e569e,False,1,/mnt/chenpeijian/autodrive/StreetWorld/lead/3rd_party/navsim_workspace/dataset/maps does not exist!
dfb6fbca92bb5183,False,1,/mnt/chenpeijian/autodrive/StreetWorld/lead/3rd_party/navsim_workspace/dataset/maps does not exist!
e000d4f7fdfb5f6b,False,1,/mnt/chenpeijian/autodrive/StreetWorld/lead/3rd_party/navsim_workspace/dataset/maps does not exist!
e028780a88805f58,False,1,/mnt/chenpeijian/autodrive/StreetWorld/lead/3rd_party/navsim_workspace/dataset/maps does not exist!
e045d3abc4e95f52,False,1,/mnt/chenpeijian/autodrive/StreetWorld/lead/3rd_party/navsim_workspace/dataset/maps does not exist!
e073c9ed32975c17,False,1,/mnt/chenpeijian/autodrive/StreetWorld/lead/3rd_party/navsim_workspace/dataset/maps does not exist!
e0b46b7248a75fc9,False,1,/mnt/chenpeijian/autodrive/StreetWorld/lead/3rd_party/navsim_workspace/dataset/maps does not exist!
e0d14f6cb7df526e,False,1,/mnt/chenpeijian/autodrive/StreetWorld/lead/3rd_party/navsim_workspace/dataset/maps does not exist!
e10fd359f695575f,False,1,/mnt/chenpeijian/autodrive/StreetWorld/lead/3rd_party/navsim_workspace/dataset/maps does not exist!
e13b89a8813159df,False,1,/mnt/chenpeijian/autodrive/StreetWorld/lead/3rd_party/navsim_workspace/dataset/maps does not exist!
e17906596dab5e6c,False,1,/mnt/chenpeijian/autodrive/StreetWorld/lead/3rd_party/navsim_workspace/dataset/maps does not exist!
e1b645135dae5fe9,False,1,/mnt/chenpeijian/autodrive/StreetWorld/lead/3rd_party/navsim_workspace/dataset/maps does not exist!
e1e8aae3165c5652,False,1,/mnt/chenpeijian/autodrive/StreetWorld/lead/3rd_party/navsim_workspace/dataset/maps does not exist!
e23fdb8f34b35d20,False,1,/mnt/chenpeijian/autodrive/StreetWorld/lead/3rd_party/navsim_workspace/dataset/maps does not exist!
e25ab8d2df785bf3,False,1,/mnt/chenpeijian/autodrive/StreetWorld/lead/3rd_party/navsim_workspace/dataset/maps does not exist!
e2acd907240850a3,False,1,/mnt/chenpeijian/autodrive/StreetWorld/lead/3rd_party/navsim_workspace/dataset/maps does not exist!
e2e83df1a791542b,False,1,/mnt/chenpeijian/autodrive/StreetWorld/lead/3rd_party/navsim_workspace/dataset/maps does not exist!
e31131deed6656ea,False,1,/mnt/chenpeijian/autodrive/StreetWorld/lead/3rd_party/navsim_workspace/dataset/maps does not exist!
e35a803202875fa0,False,1,/mnt/chenpeijian/autodrive/StreetWorld/lead/3rd_party/navsim_workspace/dataset/maps does not exist!
e36edd3aedf05e30,False,1,/mnt/chenpeijian/autodrive/StreetWorld/lead/3rd_party/navsim_workspace/dataset/maps does not exist!
e3c90a2ce83f5d9f,False,1,/mnt/chenpeijian/autodrive/StreetWorld/lead/3rd_party/navsim_workspace/dataset/maps does not exist!
e3f62a1acf9d565e,False,1,/mnt/chenpeijian/autodrive/StreetWorld/lead/3rd_party/navsim_workspace/dataset/maps does not exist!
e429babc45b05f4e,False,1,/mnt/chenpeijian/autodrive/StreetWorld/lead/3rd_party/navsim_workspace/dataset/maps does not exist!
e456e929ecb85b07,False,1,/mnt/chenpeijian/autodrive/StreetWorld/lead/3rd_party/navsim_workspace/dataset/maps does not exist!
e4ad471729c65fc9,False,1,/mnt/chenpeijian/autodrive/StreetWorld/lead/3rd_party/navsim_workspace/dataset/maps does not exist!
e4f34d35c8fd5fd2,False,1,/mnt/chenpeijian/autodrive/StreetWorld/lead/3rd_party/navsim_workspace/dataset/maps does not exist!
e530e78499a75539,False,1,/mnt/chenpeijian/autodrive/StreetWorld/lead/3rd_party/navsim_workspace/dataset/maps does not exist!
e56402797d665711,False,1,/mnt/chenpeijian/autodrive/StreetWorld/lead/3rd_party/navsim_workspace/dataset/maps does not exist!
e59b32f05f5e54f0,False,1,/mnt/chenpeijian/autodrive/StreetWorld/lead/3rd_party/navsim_workspace/dataset/maps does not exist!
e5c10d26102f51e3,False,1,/mnt/chenpeijian/autodrive/StreetWorld/lead/3rd_party/navsim_workspace/dataset/maps does not exist!
e5de42748cb65962,False,1,/mnt/chenpeijian/autodrive/StreetWorld/lead/3rd_party/navsim_workspace/dataset/maps does not exist!
e5fb0daef05956f0,False,1,/mnt/chenpeijian/autodrive/StreetWorld/lead/3rd_party/navsim_workspace/dataset/maps does not exist!
e61adc75d7da50c3,False,1,/mnt/chenpeijian/autodrive/StreetWorld/lead/3rd_party/navsim_workspace/dataset/maps does not exist!
e64d11cc39c753ba,False,1,/mnt/chenpeijian/autodrive/StreetWorld/lead/3rd_party/navsim_workspace/dataset/maps does not exist!
e67e31370c185b83,False,1,/mnt/chenpeijian/autodrive/StreetWorld/lead/3rd_party/navsim_workspace/dataset/maps does not exist!
e69f96075afb5d86,False,1,/mnt/chenpeijian/autodrive/StreetWorld/lead/3rd_party/navsim_workspace/dataset/maps does not exist!
e6c36a6be3c75127,False,1,/mnt/chenpeijian/autodrive/StreetWorld/lead/3rd_party/navsim_workspace/dataset/maps does not exist!
e6dde7de045154c3,False,1,/mnt/chenpeijian/autodrive/StreetWorld/lead/3rd_party/navsim_workspace/dataset/maps does not exist!
e717645716555e33,False,1,/mnt/chenpeijian/autodrive/StreetWorld/lead/3rd_party/navsim_workspace/dataset/maps does not exist!
e742fc9deaac5321,False,1,/mnt/chenpeijian/autodrive/StreetWorld/lead/3rd_party/navsim_workspace/dataset/maps does not exist!
e76cb8b17f8f51f3,False,1,/mnt/chenpeijian/autodrive/StreetWorld/lead/3rd_party/navsim_workspace/dataset/maps does not exist!
e797167404675bfa,False,1,/mnt/chenpeijian/autodrive/StreetWorld/lead/3rd_party/navsim_workspace/dataset/maps does not exist!
e7c485c237b352cd,False,1,/mnt/chenpeijian/autodrive/StreetWorld/lead/3rd_party/navsim_workspace/dataset/maps does not exist!
e805310ff3055efa,False,1,/mnt/chenpeijian/autodrive/StreetWorld/lead/3rd_party/navsim_workspace/dataset/maps does not exist!
e83a3108893753f0,False,1,/mnt/chenpeijian/autodrive/StreetWorld/lead/3rd_party/navsim_workspace/dataset/maps does not exist!
e87f90ab04a25be9,False,1,/mnt/chenpeijian/autodrive/StreetWorld/lead/3rd_party/navsim_workspace/dataset/maps does not exist!
e89a3ed626f75032,False,1,/mnt/chenpeijian/autodrive/StreetWorld/lead/3rd_party/navsim_workspace/dataset/maps does not exist!
e8d9bf10ffc95001,False,1,/mnt/chenpeijian/autodrive/StreetWorld/lead/3rd_party/navsim_workspace/dataset/maps does not exist!
e90b4ad6e7905adf,False,1,/mnt/chenpeijian/autodrive/StreetWorld/lead/3rd_party/navsim_workspace/dataset/maps does not exist!
e9505f806d8d5998,False,1,/mnt/chenpeijian/autodrive/StreetWorld/lead/3rd_party/navsim_workspace/dataset/maps does not exist!
e97ba617b7c059a7,False,1,/mnt/chenpeijian/autodrive/StreetWorld/lead/3rd_party/navsim_workspace/dataset/maps does not exist!
e9a6f39362ba53a3,False,1,/mnt/chenpeijian/autodrive/StreetWorld/lead/3rd_party/navsim_workspace/dataset/maps does not exist!
e9d16ba0eb935220,False,1,/mnt/chenpeijian/autodrive/StreetWorld/lead/3rd_party/navsim_workspace/dataset/maps does not exist!
ea141bd5c40259de,False,1,/mnt/chenpeijian/autodrive/StreetWorld/lead/3rd_party/navsim_workspace/dataset/maps does not exist!
ea34282dc63d5a9a,False,1,/mnt/chenpeijian/autodrive/StreetWorld/lead/3rd_party/navsim_workspace/dataset/maps does not exist!
ea57966419605846,False,1,/mnt/chenpeijian/autodrive/StreetWorld/lead/3rd_party/navsim_workspace/dataset/maps does not exist!
ea90773e4a7c5723,False,1,/mnt/chenpeijian/autodrive/StreetWorld/lead/3rd_party/navsim_workspace/dataset/maps does not exist!
ead9740dd25f59c3,False,1,/mnt/chenpeijian/autodrive/StreetWorld/lead/3rd_party/navsim_workspace/dataset/maps does not exist!
eb19160d56255b73,False,1,/mnt/chenpeijian/autodrive/StreetWorld/lead/3rd_party/navsim_workspace/dataset/maps does not exist!
eb527d130d8d5e33,False,1,/mnt/chenpeijian/autodrive/StreetWorld/lead/3rd_party/navsim_workspace/dataset/maps does not exist!
eb822e0610545fd6,False,1,/mnt/chenpeijian/autodrive/StreetWorld/lead/3rd_party/navsim_workspace/dataset/maps does not exist!
ebd299a3953a50ad,False,1,/mnt/chenpeijian/autodrive/StreetWorld/lead/3rd_party/navsim_workspace/dataset/maps does not exist!
ec02f065af405039,False,1,/mnt/chenpeijian/autodrive/StreetWorld/lead/3rd_party/navsim_workspace/dataset/maps does not exist!
ec4557ae01265fc4,False,1,/mnt/chenpeijian/autodrive/StreetWorld/lead/3rd_party/navsim_workspace/dataset/maps does not exist!
ec78d882433a50ca,False,1,/mnt/chenpeijian/autodrive/StreetWorld/lead/3rd_party/navsim_workspace/dataset/maps does not exist!
ecc6f4f3dd735feb,False,1,/mnt/chenpeijian/autodrive/StreetWorld/lead/3rd_party/navsim_workspace/dataset/maps does not exist!
ece3a3dc01cd53d2,False,1,/mnt/chenpeijian/autodrive/StreetWorld/lead/3rd_party/navsim_workspace/dataset/maps does not exist!
ed19f6a36af757b7,False,1,/mnt/chenpeijian/autodrive/StreetWorld/lead/3rd_party/navsim_workspace/dataset/maps does not exist!
ed3e5181549254bc,False,1,/mnt/chenpeijian/autodrive/StreetWorld/lead/3rd_party/navsim_workspace/dataset/maps does not exist!
ed77d7ff214f53aa,False,1,/mnt/chenpeijian/autodrive/StreetWorld/lead/3rd_party/navsim_workspace/dataset/maps does not exist!
ed98a4566ea95092,False,1,/mnt/chenpeijian/autodrive/StreetWorld/lead/3rd_party/navsim_workspace/dataset/maps does not exist!
edbd8b34cdc65008,False,1,/mnt/chenpeijian/autodrive/StreetWorld/lead/3rd_party/navsim_workspace/dataset/maps does not exist!
ee492610c55b5440,False,1,/mnt/chenpeijian/autodrive/StreetWorld/lead/3rd_party/navsim_workspace/dataset/maps does not exist!
ee7a9468bd475205,False,1,/mnt/chenpeijian/autodrive/StreetWorld/lead/3rd_party/navsim_workspace/dataset/maps does not exist!
ee8a391c71ab5f5f,False,1,/mnt/chenpeijian/autodrive/StreetWorld/lead/3rd_party/navsim_workspace/dataset/maps does not exist!
eea52ed765aa5977,False,1,/mnt/chenpeijian/autodrive/StreetWorld/lead/3rd_party/navsim_workspace/dataset/maps does not exist!
eed4abcb01455af9,False,1,/mnt/chenpeijian/autodrive/StreetWorld/lead/3rd_party/navsim_workspace/dataset/maps does not exist!
ef0b98c7837e5e4a,False,1,/mnt/chenpeijian/autodrive/StreetWorld/lead/3rd_party/navsim_workspace/dataset/maps does not exist!
ef35eef8e3ae56ef,False,1,/mnt/chenpeijian/autodrive/StreetWorld/lead/3rd_party/navsim_workspace/dataset/maps does not exist!
ef6e61a4a7ed550a,False,1,/mnt/chenpeijian/autodrive/StreetWorld/lead/3rd_party/navsim_workspace/dataset/maps does not exist!
ef81756601bc569f,False,1,/mnt/chenpeijian/autodrive/StreetWorld/lead/3rd_party/navsim_workspace/dataset/maps does not exist!
efb9929eed1852f0,False,1,/mnt/chenpeijian/autodrive/StreetWorld/lead/3rd_party/navsim_workspace/dataset/maps does not exist!
efd90f7518445bef,False,1,/mnt/chenpeijian/autodrive/StreetWorld/lead/3rd_party/navsim_workspace/dataset/maps does not exist!
f016e2b6ac155a30,False,1,/mnt/chenpeijian/autodrive/StreetWorld/lead/3rd_party/navsim_workspace/dataset/maps does not exist!
f039cb3455f356ac,False,1,/mnt/chenpeijian/autodrive/StreetWorld/lead/3rd_party/navsim_workspace/dataset/maps does not exist!
f099b753f4345fb5,False,1,/mnt/chenpeijian/autodrive/StreetWorld/lead/3rd_party/navsim_workspace/dataset/maps does not exist!
f0e0408bae9b5037,False,1,/mnt/chenpeijian/autodrive/StreetWorld/lead/3rd_party/navsim_workspace/dataset/maps does not exist!
f1106b0f8f745eae,False,1,/mnt/chenpeijian/autodrive/StreetWorld/lead/3rd_party/navsim_workspace/dataset/maps does not exist!
f158576757e95c31,False,1,/mnt/chenpeijian/autodrive/StreetWorld/lead/3rd_party/navsim_workspace/dataset/maps does not exist!
f1ae4feebfda5b75,False,1,/mnt/chenpeijian/autodrive/StreetWorld/lead/3rd_party/navsim_workspace/dataset/maps does not exist!
f1ca8dd77f205599,False,1,/mnt/chenpeijian/autodrive/StreetWorld/lead/3rd_party/navsim_workspace/dataset/maps does not exist!
f1f69cb418a05b54,False,1,/mnt/chenpeijian/autodrive/StreetWorld/lead/3rd_party/navsim_workspace/dataset/maps does not exist!
f21d5b2f9a5e5276,False,1,/mnt/chenpeijian/autodrive/StreetWorld/lead/3rd_party/navsim_workspace/dataset/maps does not exist!
f23b50abdf445d29,False,1,/mnt/chenpeijian/autodrive/StreetWorld/lead/3rd_party/navsim_workspace/dataset/maps does not exist!
f25f295b364a5f29,False,1,/mnt/chenpeijian/autodrive/StreetWorld/lead/3rd_party/navsim_workspace/dataset/maps does not exist!
f28c522b8a0155cc,False,1,/mnt/chenpeijian/autodrive/StreetWorld/lead/3rd_party/navsim_workspace/dataset/maps does not exist!
f2d64d93a1915c8b,False,1,/mnt/chenpeijian/autodrive/StreetWorld/lead/3rd_party/navsim_workspace/dataset/maps does not exist!
f304e815462d5f1f,False,1,/mnt/chenpeijian/autodrive/StreetWorld/lead/3rd_party/navsim_workspace/dataset/maps does not exist!
f335a11369685b08,False,1,/mnt/chenpeijian/autodrive/StreetWorld/lead/3rd_party/navsim_workspace/dataset/maps does not exist!
f35c6a6f6a1157b3,False,1,/mnt/chenpeijian/autodrive/StreetWorld/lead/3rd_party/navsim_workspace/dataset/maps does not exist!
f37c90e977e856c8,False,1,/mnt/chenpeijian/autodrive/StreetWorld/lead/3rd_party/navsim_workspace/dataset/maps does not exist!
f3a61425920f57a7,False,1,/mnt/chenpeijian/autodrive/StreetWorld/lead/3rd_party/navsim_workspace/dataset/maps does not exist!
f3f9f7a6f8f15f49,False,1,/mnt/chenpeijian/autodrive/StreetWorld/lead/3rd_party/navsim_workspace/dataset/maps does not exist!
f412a36812a55b62,False,1,/mnt/chenpeijian/autodrive/StreetWorld/lead/3rd_party/navsim_workspace/dataset/maps does not exist!
f44600c092b959f4,False,1,/mnt/chenpeijian/autodrive/StreetWorld/lead/3rd_party/navsim_workspace/dataset/maps does not exist!
f4814e7eb01252b6,False,1,/mnt/chenpeijian/autodrive/StreetWorld/lead/3rd_party/navsim_workspace/dataset/maps does not exist!
f4d95a784b725915,False,1,/mnt/chenpeijian/autodrive/StreetWorld/lead/3rd_party/navsim_workspace/dataset/maps does not exist!
f512480c969a5eab,False,1,/mnt/chenpeijian/autodrive/StreetWorld/lead/3rd_party/navsim_workspace/dataset/maps does not exist!
f55c530f3875533f,False,1,/mnt/chenpeijian/autodrive/StreetWorld/lead/3rd_party/navsim_workspace/dataset/maps does not exist!
f590f07cbcc15388,False,1,/mnt/chenpeijian/autodrive/StreetWorld/lead/3rd_party/navsim_workspace/dataset/maps does not exist!
f5c4d4a66e13514d,False,1,/mnt/chenpeijian/autodrive/StreetWorld/lead/3rd_party/navsim_workspace/dataset/maps does not exist!
f5e6e24328fd5e7c,False,1,/mnt/chenpeijian/autodrive/StreetWorld/lead/3rd_party/navsim_workspace/dataset/maps does not exist!
f618df9b13b75f68,False,1,/mnt/chenpeijian/autodrive/StreetWorld/lead/3rd_party/navsim_workspace/dataset/maps does not exist!
f631a836a63855e0,False,1,/mnt/chenpeijian/autodrive/StreetWorld/lead/3rd_party/navsim_workspace/dataset/maps does not exist!
f64ec139a30958d0,False,1,/mnt/chenpeijian/autodrive/StreetWorld/lead/3rd_party/navsim_workspace/dataset/maps does not exist!
f69367f756605199,False,1,/mnt/chenpeijian/autodrive/StreetWorld/lead/3rd_party/navsim_workspace/dataset/maps does not exist!
f6c6b09c85e357ee,False,1,/mnt/chenpeijian/autodrive/StreetWorld/lead/3rd_party/navsim_workspace/dataset/maps does not exist!
f6eec3b743985122,False,1,/mnt/chenpeijian/autodrive/StreetWorld/lead/3rd_party/navsim_workspace/dataset/maps does not exist!
f722930665045683,False,1,/mnt/chenpeijian/autodrive/StreetWorld/lead/3rd_party/navsim_workspace/dataset/maps does not exist!
f740386a50c45238,False,1,/mnt/chenpeijian/autodrive/StreetWorld/lead/3rd_party/navsim_workspace/dataset/maps does not exist!
f75c8c639ded5924,False,1,/mnt/chenpeijian/autodrive/StreetWorld/lead/3rd_party/navsim_workspace/dataset/maps does not exist!
f79916e26eef5b74,False,1,/mnt/chenpeijian/autodrive/StreetWorld/lead/3rd_party/navsim_workspace/dataset/maps does not exist!
f7b170baa6bd5b95,False,1,/mnt/chenpeijian/autodrive/StreetWorld/lead/3rd_party/navsim_workspace/dataset/maps does not exist!
f80a6f7f4de5564d,False,1,/mnt/chenpeijian/autodrive/StreetWorld/lead/3rd_party/navsim_workspace/dataset/maps does not exist!
f86adcbec849574a,False,1,/mnt/chenpeijian/autodrive/StreetWorld/lead/3rd_party/navsim_workspace/dataset/maps does not exist!
f8b1bb7447c257dc,False,1,/mnt/chenpeijian/autodrive/StreetWorld/lead/3rd_party/navsim_workspace/dataset/maps does not exist!
f8e036dd79a954d6,False,1,/mnt/chenpeijian/autodrive/StreetWorld/lead/3rd_party/navsim_workspace/dataset/maps does not exist!
f8fd766eb013577f,False,1,/mnt/chenpeijian/autodrive/StreetWorld/lead/3rd_party/navsim_workspace/dataset/maps does not exist!
f94d84bd174d59ce,False,1,/mnt/chenpeijian/autodrive/StreetWorld/lead/3rd_party/navsim_workspace/dataset/maps does not exist!
f985ec5a35285901,False,1,/mnt/chenpeijian/autodrive/StreetWorld/lead/3rd_party/navsim_workspace/dataset/maps does not exist!
f9c0cc538bb457c8,False,1,/mnt/chenpeijian/autodrive/StreetWorld/lead/3rd_party/navsim_workspace/dataset/maps does not exist!
f9f4354a1d12565d,False,1,/mnt/chenpeijian/autodrive/StreetWorld/lead/3rd_party/navsim_workspace/dataset/maps does not exist!
fa4e4826f5585647,False,1,/mnt/chenpeijian/autodrive/StreetWorld/lead/3rd_party/navsim_workspace/dataset/maps does not exist!
fa7459e482c05911,False,1,/mnt/chenpeijian/autodrive/StreetWorld/lead/3rd_party/navsim_workspace/dataset/maps does not exist!
fa937665dc4a5d08,False,1,/mnt/chenpeijian/autodrive/StreetWorld/lead/3rd_party/navsim_workspace/dataset/maps does not exist!
fad5349c0f7c501a,False,1,/mnt/chenpeijian/autodrive/StreetWorld/lead/3rd_party/navsim_workspace/dataset/maps does not exist!
fb00299d62585308,False,1,/mnt/chenpeijian/autodrive/StreetWorld/lead/3rd_party/navsim_workspace/dataset/maps does not exist!
fb259f736cd55252,False,1,/mnt/chenpeijian/autodrive/StreetWorld/lead/3rd_party/navsim_workspace/dataset/maps does not exist!
fb4a03d7f9395b9a,False,1,/mnt/chenpeijian/autodrive/StreetWorld/lead/3rd_party/navsim_workspace/dataset/maps does not exist!
fb8df4568d585efa,False,1,/mnt/chenpeijian/autodrive/StreetWorld/lead/3rd_party/navsim_workspace/dataset/maps does not exist!
fbc9981c30745684,False,1,/mnt/chenpeijian/autodrive/StreetWorld/lead/3rd_party/navsim_workspace/dataset/maps does not exist!
fbf9670a3e82519c,False,1,/mnt/chenpeijian/autodrive/StreetWorld/lead/3rd_party/navsim_workspace/dataset/maps does not exist!
fc0d0363cab85e22,False,1,/mnt/chenpeijian/autodrive/StreetWorld/lead/3rd_party/navsim_workspace/dataset/maps does not exist!
fc4811f1f2745645,False,1,/mnt/chenpeijian/autodrive/StreetWorld/lead/3rd_party/navsim_workspace/dataset/maps does not exist!
fc6dc98b89a95817,False,1,/mnt/chenpeijian/autodrive/StreetWorld/lead/3rd_party/navsim_workspace/dataset/maps does not exist!
fcb45b2aa29356d9,False,1,/mnt/chenpeijian/autodrive/StreetWorld/lead/3rd_party/navsim_workspace/dataset/maps does not exist!
fce6a1ea8fce5644,False,1,/mnt/chenpeijian/autodrive/StreetWorld/lead/3rd_party/navsim_workspace/dataset/maps does not exist!
fd30fae9e4f35fa8,False,1,/mnt/chenpeijian/autodrive/StreetWorld/lead/3rd_party/navsim_workspace/dataset/maps does not exist!
fd525d3c25b15c97,False,1,/mnt/chenpeijian/autodrive/StreetWorld/lead/3rd_party/navsim_workspace/dataset/maps does not exist!
fd87474daeb05e69,False,1,/mnt/chenpeijian/autodrive/StreetWorld/lead/3rd_party/navsim_workspace/dataset/maps does not exist!
fdb658e4941855a3,False,1,/mnt/chenpeijian/autodrive/StreetWorld/lead/3rd_party/navsim_workspace/dataset/maps does not exist!
fdd71ab4630a5fb8,False,1,/mnt/chenpeijian/autodrive/StreetWorld/lead/3rd_party/navsim_workspace/dataset/maps does not exist!
fe068f6ae8135412,False,1,/mnt/chenpeijian/autodrive/StreetWorld/lead/3rd_party/navsim_workspace/dataset/maps does not exist!
fe37acae391d507c,False,1,/mnt/chenpeijian/autodrive/StreetWorld/lead/3rd_party/navsim_workspace/dataset/maps does not exist!
fe520672ef8f5770,False,1,/mnt/chenpeijian/autodrive/StreetWorld/lead/3rd_party/navsim_workspace/dataset/maps does not exist!
fe71d216396c5ab3,False,1,/mnt/chenpeijian/autodrive/StreetWorld/lead/3rd_party/navsim_workspace/dataset/maps does not exist!
fe9a137303a9521c,False,1,/mnt/chenpeijian/autodrive/StreetWorld/lead/3rd_party/navsim_workspace/dataset/maps does not exist!
fedeb108feed57c0,False,1,/mnt/chenpeijian/autodrive/StreetWorld/lead/3rd_party/navsim_workspace/dataset/maps does not exist!
ff14af5a86c55674,False,1,/mnt/chenpeijian/autodrive/StreetWorld/lead/3rd_party/navsim_workspace/dataset/maps does not exist!
ff5c0e17d20351ca,False,1,/mnt/chenpeijian/autodrive/StreetWorld/lead/3rd_party/navsim_workspace/dataset/maps does not exist!
ff83944cb2845479,False,1,/mnt/chenpeijian/autodrive/StreetWorld/lead/3rd_party/navsim_workspace/dataset/maps does not exist!
ffb2d865d42e57c0,False,1,/mnt/chenpeijian/autodrive/StreetWorld/lead/3rd_party/navsim_workspace/dataset/maps does not exist!
ffcc0535b4fa5628,False,1,/mnt/chenpeijian/autodrive/StreetWorld/lead/3rd_party/navsim_workspace/dataset/maps does not exist!
ffef12d9476e557b,False,1,/mnt/chenpeijian/autodrive/StreetWorld/lead/3rd_party/navsim_workspace/dataset/maps does not exist!
0004474e9e3f5470,False,2,/mnt/chenpeijian/autodrive/StreetWorld/lead/3rd_party/navsim_workspace/dataset/maps does not exist!
002672a228395a16,False,2,/mnt/chenpeijian/autodrive/StreetWorld/lead/3rd_party/navsim_workspace/dataset/maps does not exist!
0045af58281456a0,False,2,/mnt/chenpeijian/autodrive/StreetWorld/lead/3rd_party/navsim_workspace/dataset/maps does not exist!
007845701f635565,False,2,/mnt/chenpeijian/autodrive/StreetWorld/lead/3rd_party/navsim_workspace/dataset/maps does not exist!
00b838c358175255,False,2,/mnt/chenpeijian/autodrive/StreetWorld/lead/3rd_party/navsim_workspace/dataset/maps does not exist!
01052f67ec24538c,False,2,/mnt/chenpeijian/autodrive/StreetWorld/lead/3rd_party/navsim_workspace/dataset/maps does not exist!
01314f10793f5ad7,False,2,/mnt/chenpeijian/autodrive/StreetWorld/lead/3rd_party/navsim_workspace/dataset/maps does not exist!
014369205e025f0c,False,2,/mnt/chenpeijian/autodrive/StreetWorld/lead/3rd_party/navsim_workspace/dataset/maps does not exist!
015ef5e7f5a55db8,False,2,/mnt/chenpeijian/autodrive/StreetWorld/lead/3rd_party/navsim_workspace/dataset/maps does not exist!
019eaadd84cb56f8,False,2,/mnt/chenpeijian/autodrive/StreetWorld/lead/3rd_party/navsim_workspace/dataset/maps does not exist!
01d061d9a66451ea,False,2,/mnt/chenpeijian/autodrive/StreetWorld/lead/3rd_party/navsim_workspace/dataset/maps does not exist!
01fc240ee1d25c9e,False,2,/mnt/chenpeijian/autodrive/StreetWorld/lead/3rd_party/navsim_workspace/dataset/maps does not exist!
0220967816915e94,False,2,/mnt/chenpeijian/autodrive/StreetWorld/lead/3rd_party/navsim_workspace/dataset/maps does not exist!
026bb114391d5b81,False,2,/mnt/chenpeijian/autodrive/StreetWorld/lead/3rd_party/navsim_workspace/dataset/maps does not exist!
02902d180b405100,False,2,/mnt/chenpeijian/autodrive/StreetWorld/lead/3rd_party/navsim_workspace/dataset/maps does not exist!
02cc0007d6755abc,False,2,/mnt/chenpeijian/autodrive/StreetWorld/lead/3rd_party/navsim_workspace/dataset/maps does not exist!
02ecdf935f895a86,False,2,/mnt/chenpeijian/autodrive/StreetWorld/lead/3rd_party/navsim_workspace/dataset/maps does not exist!
03143ef8f2f65a2f,False,2,/mnt/chenpeijian/autodrive/StreetWorld/lead/3rd_party/navsim_workspace/dataset/maps does not exist!
0363f17229aa5b57,False,2,/mnt/chenpeijian/autodrive/StreetWorld/lead/3rd_party/navsim_workspace/dataset/maps does not exist!
0386351e2a11529e,False,2,/mnt/chenpeijian/autodrive/StreetWorld/lead/3rd_party/navsim_workspace/dataset/maps does not exist!
03aa8a0576a25b63,False,2,/mnt/chenpeijian/autodrive/StreetWorld/lead/3rd_party/navsim_workspace/dataset/maps does not exist!
03d4ec82e7ac5804,False,2,/mnt/chenpeijian/autodrive/StreetWorld/lead/3rd_party/navsim_workspace/dataset/maps does not exist!
043839beb58a5dad,False,2,/mnt/chenpeijian/autodrive/StreetWorld/lead/3rd_party/navsim_workspace/dataset/maps does not exist!
04582784acfe5725,False,2,/mnt/chenpeijian/autodrive/StreetWorld/lead/3rd_party/navsim_workspace/dataset/maps does not exist!
0472df00162f5fc5,False,2,/mnt/chenpeijian/autodrive/StreetWorld/lead/3rd_party/navsim_workspace/dataset/maps does not exist!
04c8cad554925432,False,2,/mnt/chenpeijian/autodrive/StreetWorld/lead/3rd_party/navsim_workspace/dataset/maps does not exist!
04f569ff8cb3504d,False,2,/mnt/chenpeijian/autodrive/StreetWorld/lead/3rd_party/navsim_workspace/dataset/maps does not exist!
05304817b887541e,False,2,/mnt/chenpeijian/autodrive/StreetWorld/lead/3rd_party/navsim_workspace/dataset/maps does not exist!
055e7b577c645e2e,False,2,/mnt/chenpeijian/autodrive/StreetWorld/lead/3rd_party/navsim_workspace/dataset/maps does not exist!
0577532eba755552,False,2,/mnt/chenpeijian/autodrive/StreetWorld/lead/3rd_party/navsim_workspace/dataset/maps does not exist!
05965158ab845b47,False,2,/mnt/chenpeijian/autodrive/StreetWorld/lead/3rd_party/navsim_workspace/dataset/maps does not exist!
05d0a1a763fc5334,False,2,/mnt/chenpeijian/autodrive/StreetWorld/lead/3rd_party/navsim_workspace/dataset/maps does not exist!
0613490d89e25d03,False,2,/mnt/chenpeijian/autodrive/StreetWorld/lead/3rd_party/navsim_workspace/dataset/maps does not exist!
06392ff957445576,False,2,/mnt/chenpeijian/autodrive/StreetWorld/lead/3rd_party/navsim_workspace/dataset/maps does not exist!
06753f6c597f512b,False,2,/mnt/chenpeijian/autodrive/StreetWorld/lead/3rd_party/navsim_workspace/dataset/maps does not exist!
069c47e25ca55ef5,False,2,/mnt/chenpeijian/autodrive/StreetWorld/lead/3rd_party/navsim_workspace/dataset/maps does not exist!
06c9339fdc3e5404,False,2,/mnt/chenpeijian/autodrive/StreetWorld/lead/3rd_party/navsim_workspace/dataset/maps does not exist!
06ea285b61b55a54,False,2,/mnt/chenpeijian/autodrive/StreetWorld/lead/3rd_party/navsim_workspace/dataset/maps does not exist!
071d69045acb5971,False,2,/mnt/chenpeijian/autodrive/StreetWorld/lead/3rd_party/navsim_workspace/dataset/maps does not exist!
075154c90a0a5d7c,False,2,/mnt/chenpeijian/autodrive/StreetWorld/lead/3rd_party/navsim_workspace/dataset/maps does not exist!
0774f845fe6b5de3,False,2,/mnt/chenpeijian/autodrive/StreetWorld/lead/3rd_party/navsim_workspace/dataset/maps does not exist!
07a369a8e34d541e,False,2,/mnt/chenpeijian/autodrive/StreetWorld/lead/3rd_party/navsim_workspace/dataset/maps does not exist!
07c5114fdb395f8b,False,2,/mnt/chenpeijian/autodrive/StreetWorld/lead/3rd_party/navsim_workspace/dataset/maps does not exist!
081b5785002b5962,False,2,/mnt/chenpeijian/autodrive/StreetWorld/lead/3rd_party/navsim_workspace/dataset/maps does not exist!
0854af027e06530a,False,2,/mnt/chenpeijian/autodrive/StreetWorld/lead/3rd_party/navsim_workspace/dataset/maps does not exist!
087df0996ade50d3,False,2,/mnt/chenpeijian/autodrive/StreetWorld/lead/3rd_party/navsim_workspace/dataset/maps does not exist!
08a135d9245b50c2,False,2,/mnt/chenpeijian/autodrive/StreetWorld/lead/3rd_party/navsim_workspace/dataset/maps does not exist!
08ca490a89c4544e,False,2,/mnt/chenpeijian/autodrive/StreetWorld/lead/3rd_party/navsim_workspace/dataset/maps does not exist!
09027c0129cd568b,False,2,/mnt/chenpeijian/autodrive/StreetWorld/lead/3rd_party/navsim_workspace/dataset/maps does not exist!
092e56d3db8b5e24,False,2,/mnt/chenpeijian/autodrive/StreetWorld/lead/3rd_party/navsim_workspace/dataset/maps does not exist!
0972cf3a4c5d5a39,False,2,/mnt/chenpeijian/autodrive/StreetWorld/lead/3rd_party/navsim_workspace/dataset/maps does not exist!
09978bee1b655865,False,2,/mnt/chenpeijian/autodrive/StreetWorld/lead/3rd_party/navsim_workspace/dataset/maps does not exist!
09c56525e8e853a8,False,2,/mnt/chenpeijian/autodrive/StreetWorld/lead/3rd_party/navsim_workspace/dataset/maps does not exist!
09dc77e888295011,False,2,/mnt/chenpeijian/autodrive/StreetWorld/lead/3rd_party/navsim_workspace/dataset/maps does not exist!
0a0d98c22d765e1e,False,2,/mnt/chenpeijian/autodrive/StreetWorld/lead/3rd_party/navsim_workspace/dataset/maps does not exist!
0a4cf95e90d45770,False,2,/mnt/chenpeijian/autodrive/StreetWorld/lead/3rd_party/navsim_workspace/dataset/maps does not exist!
0a672fa6dbb95d68,False,2,/mnt/chenpeijian/autodrive/StreetWorld/lead/3rd_party/navsim_workspace/dataset/maps does not exist!
0a8c2aac609d5a04,False,2,/mnt/chenpeijian/autodrive/StreetWorld/lead/3rd_party/navsim_workspace/dataset/maps does not exist!
0acd819b9eae51f7,False,2,/mnt/chenpeijian/autodrive/StreetWorld/lead/3rd_party/navsim_workspace/dataset/maps does not exist!
0af18cfd826c5086,False,2,/mnt/chenpeijian/autodrive/StreetWorld/lead/3rd_party/navsim_workspace/dataset/maps does not exist!
0b12ac5676875ade,False,2,/mnt/chenpeijian/autodrive/StreetWorld/lead/3rd_party/navsim_workspace/dataset/maps does not exist!
0b3d3edbc52d5ddd,False,2,/mnt/chenpeijian/autodrive/StreetWorld/lead/3rd_party/navsim_workspace/dataset/maps does not exist!
0b66f76610bc5f63,False,2,/mnt/chenpeijian/autodrive/StreetWorld/lead/3rd_party/navsim_workspace/dataset/maps does not exist!
0ba54149d1575f95,False,2,/mnt/chenpeijian/autodrive/StreetWorld/lead/3rd_party/navsim_workspace/dataset/maps does not exist!
0bd3bce35ed159be,False,2,/mnt/chenpeijian/autodrive/StreetWorld/lead/3rd_party/navsim_workspace/dataset/maps does not exist!
0c0044f312655c94,False,2,/mnt/chenpeijian/autodrive/StreetWorld/lead/3rd_party/navsim_workspace/dataset/maps does not exist!
0c3a4023a05d507c,False,2,/mnt/chenpeijian/autodrive/StreetWorld/lead/3rd_party/navsim_workspace/dataset/maps does not exist!
0c54c8dfbe56567f,False,2,/mnt/chenpeijian/autodrive/StreetWorld/lead/3rd_party/navsim_workspace/dataset/maps does not exist!
0c8b9f08bfa25dc2,False,2,/mnt/chenpeijian/autodrive/StreetWorld/lead/3rd_party/navsim_workspace/dataset/maps does not exist!
0cb87152ed5e5ca1,False,2,/mnt/chenpeijian/autodrive/StreetWorld/lead/3rd_party/navsim_workspace/dataset/maps does not exist!
0cf7d096e8c05fed,False,2,/mnt/chenpeijian/autodrive/StreetWorld/lead/3rd_party/navsim_workspace/dataset/maps does not exist!
0d391852df3f5737,False,2,/mnt/chenpeijian/autodrive/StreetWorld/lead/3rd_party/navsim_workspace/dataset/maps does not exist!
0d74b112df715917,False,2,/mnt/chenpeijian/autodrive/StreetWorld/lead/3rd_party/navsim_workspace/dataset/maps does not exist!
0d8754f6d53d5968,False,2,/mnt/chenpeijian/autodrive/StreetWorld/lead/3rd_party/navsim_workspace/dataset/maps does not exist!
0da8a13fb4855214,False,2,/mnt/chenpeijian/autodrive/StreetWorld/lead/3rd_party/navsim_workspace/dataset/maps does not exist!
0dd3297ee86d56c9,False,2,/mnt/chenpeijian/autodrive/StreetWorld/lead/3rd_party/navsim_workspace/dataset/maps does not exist!
0df6533b550c58c1,False,2,/mnt/chenpeijian/autodrive/StreetWorld/lead/3rd_party/navsim_workspace/dataset/maps does not exist!
0e08da5fbc735956,False,2,/mnt/chenpeijian/autodrive/StreetWorld/lead/3rd_party/navsim_workspace/dataset/maps does not exist!
0e3f26bc3e1056ba,False,2,/mnt/chenpeijian/autodrive/StreetWorld/lead/3rd_party/navsim_workspace/dataset/maps does not exist!
0e7f7322726f5b86,False,2,/mnt/chenpeijian/autodrive/StreetWorld/lead/3rd_party/navsim_workspace/dataset/maps does not exist!
0eb6987fdc9b5213,False,2,/mnt/chenpeijian/autodrive/StreetWorld/lead/3rd_party/navsim_workspace/dataset/maps does not exist!
0eeeee655d415970,False,2,/mnt/chenpeijian/autodrive/StreetWorld/lead/3rd_party/navsim_workspace/dataset/maps does not exist!
0f24ec666e145cab,False,2,/mnt/chenpeijian/autodrive/StreetWorld/lead/3rd_party/navsim_workspace/dataset/maps does not exist!
0f49301527005b0e,False,2,/mnt/chenpeijian/autodrive/StreetWorld/lead/3rd_party/navsim_workspace/dataset/maps does not exist!
0f6aef2cc48d5621,False,2,/mnt/chenpeijian/autodrive/StreetWorld/lead/3rd_party/navsim_workspace/dataset/maps does not exist!
0f7e1062e04e5fb5,False,2,/mnt/chenpeijian/autodrive/StreetWorld/lead/3rd_party/navsim_workspace/dataset/maps does not exist!
0fa0e8a25eec5e1e,False,2,/mnt/chenpeijian/autodrive/StreetWorld/lead/3rd_party/navsim_workspace/dataset/maps does not exist!
0fc778045313531b,False,2,/mnt/chenpeijian/autodrive/StreetWorld/lead/3rd_party/navsim_workspace/dataset/maps does not exist!
1013821ba47c55b3,False,2,/mnt/chenpeijian/autodrive/StreetWorld/lead/3rd_party/navsim_workspace/dataset/maps does not exist!
1039f028cca95109,False,2,/mnt/chenpeijian/autodrive/StreetWorld/lead/3rd_party/navsim_workspace/dataset/maps does not exist!
108fd8b55b1952af,False,2,/mnt/chenpeijian/autodrive/StreetWorld/lead/3rd_party/navsim_workspace/dataset/maps does not exist!
10b9d1b254f35a74,False,2,/mnt/chenpeijian/autodrive/StreetWorld/lead/3rd_party/navsim_workspace/dataset/maps does not exist!
10db4b6fe64b5c10,False,2,/mnt/chenpeijian/autodrive/StreetWorld/lead/3rd_party/navsim_workspace/dataset/maps does not exist!
111174636b57539b,False,2,/mnt/chenpeijian/autodrive/StreetWorld/lead/3rd_party/navsim_workspace/dataset/maps does not exist!
112db94505025ec5,False,2,/mnt/chenpeijian/autodrive/StreetWorld/lead/3rd_party/navsim_workspace/dataset/maps does not exist!
115e8a71aafc5d3d,False,2,/mnt/chenpeijian/autodrive/StreetWorld/lead/3rd_party/navsim_workspace/dataset/maps does not exist!
117b147622605d6a,False,2,/mnt/chenpeijian/autodrive/StreetWorld/lead/3rd_party/navsim_workspace/dataset/maps does not exist!
11bf2d4580ab5bc2,False,2,/mnt/chenpeijian/autodrive/StreetWorld/lead/3rd_party/navsim_workspace/dataset/maps does not exist!
11d702a710115591,False,2,/mnt/chenpeijian/autodrive/StreetWorld/lead/3rd_party/navsim_workspace/dataset/maps does not exist!
120ef06f3e0b5990,False,2,/mnt/chenpeijian/autodrive/StreetWorld/lead/3rd_party/navsim_workspace/dataset/maps does not exist!
122a6e620fcb5c80,False,2,/mnt/chenpeijian/autodrive/StreetWorld/lead/3rd_party/navsim_workspace/dataset/maps does not exist!
1270261ff182534f,False,2,/mnt/chenpeijian/autodrive/StreetWorld/lead/3rd_party/navsim_workspace/dataset/maps does not exist!
1295e8271e37569f,False,2,/mnt/chenpeijian/autodrive/StreetWorld/lead/3rd_party/navsim_workspace/dataset/maps does not exist!
12c9ecb5687f572b,False,2,/mnt/chenpeijian/autodrive/StreetWorld/lead/3rd_party/navsim_workspace/dataset/maps does not exist!
12fac37cef195384,False,2,/mnt/chenpeijian/autodrive/StreetWorld/lead/3rd_party/navsim_workspace/dataset/maps does not exist!
132cc1207858500c,False,2,/mnt/chenpeijian/autodrive/StreetWorld/lead/3rd_party/navsim_workspace/dataset/maps does not exist!
134c369c82f05262,False,2,/mnt/chenpeijian/autodrive/StreetWorld/lead/3rd_party/navsim_workspace/dataset/maps does not exist!
1379782dce4751e4,False,2,/mnt/chenpeijian/autodrive/StreetWorld/lead/3rd_party/navsim_workspace/dataset/maps does not exist!
13cd1cf21a4f5acb,False,2,/mnt/chenpeijian/autodrive/StreetWorld/lead/3rd_party/navsim_workspace/dataset/maps does not exist!
13fe271547945a97,False,2,/mnt/chenpeijian/autodrive/StreetWorld/lead/3rd_party/navsim_workspace/dataset/maps does not exist!
143420292ce554f6,False,2,/mnt/chenpeijian/autodrive/StreetWorld/lead/3rd_party/navsim_workspace/dataset/maps does not exist!
14b270ee5a395ea9,False,2,/mnt/chenpeijian/autodrive/StreetWorld/lead/3rd_party/navsim_workspace/dataset/maps does not exist!
14d112b14e9a5d5c,False,2,/mnt/chenpeijian/autodrive/StreetWorld/lead/3rd_party/navsim_workspace/dataset/maps does not exist!
14f07c5159ac566b,False,2,/mnt/chenpeijian/autodrive/StreetWorld/lead/3rd_party/navsim_workspace/dataset/maps does not exist!
150f1c76c75352cf,False,2,/mnt/chenpeijian/autodrive/StreetWorld/lead/3rd_party/navsim_workspace/dataset/maps does not exist!
1526b1720d35559e,False,2,/mnt/chenpeijian/autodrive/StreetWorld/lead/3rd_party/navsim_workspace/dataset/maps does not exist!
1541f285d1525ca0,False,2,/mnt/chenpeijian/autodrive/StreetWorld/lead/3rd_party/navsim_workspace/dataset/maps does not exist!
155c42ad43525252,False,2,/mnt/chenpeijian/autodrive/StreetWorld/lead/3rd_party/navsim_workspace/dataset/maps does not exist!
15a50c88ab0255ca,False,2,/mnt/chenpeijian/autodrive/StreetWorld/lead/3rd_party/navsim_workspace/dataset/maps does not exist!
15d9ac47a2e05a2b,False,2,/mnt/chenpeijian/autodrive/StreetWorld/lead/3rd_party/navsim_workspace/dataset/maps does not exist!
162436ec6cca53a4,False,2,/mnt/chenpeijian/autodrive/StreetWorld/lead/3rd_party/navsim_workspace/dataset/maps does not exist!
166d08e80654527d,False,2,/mnt/chenpeijian/autodrive/StreetWorld/lead/3rd_party/navsim_workspace/dataset/maps does not exist!
16a2c04634ab5112,False,2,/mnt/chenpeijian/autodrive/StreetWorld/lead/3rd_party/navsim_workspace/dataset/maps does not exist!
16cd404f3eaa5cd0,False,2,/mnt/chenpeijian/autodrive/StreetWorld/lead/3rd_party/navsim_workspace/dataset/maps does not exist!
16e4bd114af157a4,False,2,/mnt/chenpeijian/autodrive/StreetWorld/lead/3rd_party/navsim_workspace/dataset/maps does not exist!
173b456bbf29598f,False,2,/mnt/chenpeijian/autodrive/StreetWorld/lead/3rd_party/navsim_workspace/dataset/maps does not exist!
1786ef7edac65502,False,2,/mnt/chenpeijian/autodrive/StreetWorld/lead/3rd_party/navsim_workspace/dataset/maps does not exist!
17bc4c71fc425620,False,2,/mnt/chenpeijian/autodrive/StreetWorld/lead/3rd_party/navsim_workspace/dataset/maps does not exist!
17eb5d70d9f15c7e,False,2,/mnt/chenpeijian/autodrive/StreetWorld/lead/3rd_party/navsim_workspace/dataset/maps does not exist!
18176fbd46ba5000,False,2,/mnt/chenpeijian/autodrive/StreetWorld/lead/3rd_party/navsim_workspace/dataset/maps does not exist!
182fe7c6dd5b5e44,False,2,/mnt/chenpeijian/autodrive/StreetWorld/lead/3rd_party/navsim_workspace/dataset/maps does not exist!
184e4aef7e095f7a,False,2,/mnt/chenpeijian/autodrive/StreetWorld/lead/3rd_party/navsim_workspace/dataset/maps does not exist!
18973046d1215390,False,2,/mnt/chenpeijian/autodrive/StreetWorld/lead/3rd_party/navsim_workspace/dataset/maps does not exist!
18d04df0d7e25316,False,2,/mnt/chenpeijian/autodrive/StreetWorld/lead/3rd_party/navsim_workspace/dataset/maps does not exist!
192220ae5c0a54a6,False,2,/mnt/chenpeijian/autodrive/StreetWorld/lead/3rd_party/navsim_workspace/dataset/maps does not exist!
19488eb3301f5d26,False,2,/mnt/chenpeijian/autodrive/StreetWorld/lead/3rd_party/navsim_workspace/dataset/maps does not exist!
1987c158de8a5120,False,2,/mnt/chenpeijian/autodrive/StreetWorld/lead/3rd_party/navsim_workspace/dataset/maps does not exist!
19c8d441cb445d87,False,2,/mnt/chenpeijian/autodrive/StreetWorld/lead/3rd_party/navsim_workspace/dataset/maps does not exist!
19e90f2757b25f38,False,2,/mnt/chenpeijian/autodrive/StreetWorld/lead/3rd_party/navsim_workspace/dataset/maps does not exist!
1a0ce53e0a4755e5,False,2,/mnt/chenpeijian/autodrive/StreetWorld/lead/3rd_party/navsim_workspace/dataset/maps does not exist!
1a2027db44a350ff,False,2,/mnt/chenpeijian/autodrive/StreetWorld/lead/3rd_party/navsim_workspace/dataset/maps does not exist!
1a4d88c3ccc6586d,False,2,/mnt/chenpeijian/autodrive/StreetWorld/lead/3rd_party/navsim_workspace/dataset/maps does not exist!
1a928640315c5332,False,2,/mnt/chenpeijian/autodrive/StreetWorld/lead/3rd_party/navsim_workspace/dataset/maps does not exist!
1afdce6720e45022,False,2,/mnt/chenpeijian/autodrive/StreetWorld/lead/3rd_party/navsim_workspace/dataset/maps does not exist!
1b1f22e9af535f9f,False,2,/mnt/chenpeijian/autodrive/StreetWorld/lead/3rd_party/navsim_workspace/dataset/maps does not exist!
1b4499d988b052ce,False,2,/mnt/chenpeijian/autodrive/StreetWorld/lead/3rd_party/navsim_workspace/dataset/maps does not exist!
1b6ca45027e3531c,False,2,/mnt/chenpeijian/autodrive/StreetWorld/lead/3rd_party/navsim_workspace/dataset/maps does not exist!
1baf6c7677a95a6a,False,2,/mnt/chenpeijian/autodrive/StreetWorld/lead/3rd_party/navsim_workspace/dataset/maps does not exist!
1bee33a086b25a5f,False,2,/mnt/chenpeijian/autodrive/StreetWorld/lead/3rd_party/navsim_workspace/dataset/maps does not exist!
1c064ec24fa15900,False,2,/mnt/chenpeijian/autodrive/StreetWorld/lead/3rd_party/navsim_workspace/dataset/maps does not exist!
1c3c37eeacd15c92,False,2,/mnt/chenpeijian/autodrive/StreetWorld/lead/3rd_party/navsim_workspace/dataset/maps does not exist!
1c5c2e372dc954cd,False,2,/mnt/chenpeijian/autodrive/StreetWorld/lead/3rd_party/navsim_workspace/dataset/maps does not exist!
1c8ca8c10d1a5757,False,2,/mnt/chenpeijian/autodrive/StreetWorld/lead/3rd_party/navsim_workspace/dataset/maps does not exist!
1ce94ab175d8507a,False,2,/mnt/chenpeijian/autodrive/StreetWorld/lead/3rd_party/navsim_workspace/dataset/maps does not exist!
1d0334886e9f535b,False,2,/mnt/chenpeijian/autodrive/StreetWorld/lead/3rd_party/navsim_workspace/dataset/maps does not exist!
1d33935825d8539f,False,2,/mnt/chenpeijian/autodrive/StreetWorld/lead/3rd_party/navsim_workspace/dataset/maps does not exist!
1d63ddad646b5496,False,2,/mnt/chenpeijian/autodrive/StreetWorld/lead/3rd_party/navsim_workspace/dataset/maps does not exist!
1dc437ce152e55fa,False,2,/mnt/chenpeijian/autodrive/StreetWorld/lead/3rd_party/navsim_workspace/dataset/maps does not exist!
1e037812f8d7530d,False,2,/mnt/chenpeijian/autodrive/StreetWorld/lead/3rd_party/navsim_workspace/dataset/maps does not exist!
1e2e250cbb555fe6,False,2,/mnt/chenpeijian/autodrive/StreetWorld/lead/3rd_party/navsim_workspace/dataset/maps does not exist!
1e751703427e5a3c,False,2,/mnt/chenpeijian/autodrive/StreetWorld/lead/3rd_party/navsim_workspace/dataset/maps does not exist!
1ea920764abe5dcb,False,2,/mnt/chenpeijian/autodrive/StreetWorld/lead/3rd_party/navsim_workspace/dataset/maps does not exist!
1ebd95c73644569f,False,2,/mnt/chenpeijian/autodrive/StreetWorld/lead/3rd_party/navsim_workspace/dataset/maps does not exist!
1ed469afe6545946,False,2,/mnt/chenpeijian/autodrive/StreetWorld/lead/3rd_party/navsim_workspace/dataset/maps does not exist!
1eed252c6ca25157,False,2,/mnt/chenpeijian/autodrive/StreetWorld/lead/3rd_party/navsim_workspace/dataset/maps does not exist!
1f1c016bd3715dc2,False,2,/mnt/chenpeijian/autodrive/StreetWorld/lead/3rd_party/navsim_workspace/dataset/maps does not exist!
1f5144778210505c,False,2,/mnt/chenpeijian/autodrive/StreetWorld/lead/3rd_party/navsim_workspace/dataset/maps does not exist!
1f6d3d52a6685c15,False,2,/mnt/chenpeijian/autodrive/StreetWorld/lead/3rd_party/navsim_workspace/dataset/maps does not exist!
1fd4a838b258571f,False,2,/mnt/chenpeijian/autodrive/StreetWorld/lead/3rd_party/navsim_workspace/dataset/maps does not exist!
20024f7ea9635ed8,False,2,/mnt/chenpeijian/autodrive/StreetWorld/lead/3rd_party/navsim_workspace/dataset/maps does not exist!
2030d3a5ed675084,False,2,/mnt/chenpeijian/autodrive/StreetWorld/lead/3rd_party/navsim_workspace/dataset/maps does not exist!
205dd2add8b357f6,False,2,/mnt/chenpeijian/autodrive/StreetWorld/lead/3rd_party/navsim_workspace/dataset/maps does not exist!
208247acd8ca5e2c,False,2,/mnt/chenpeijian/autodrive/StreetWorld/lead/3rd_party/navsim_workspace/dataset/maps does not exist!
20c8f9038443596e,False,2,/mnt/chenpeijian/autodrive/StreetWorld/lead/3rd_party/navsim_workspace/dataset/maps does not exist!
20f93aa93fe05157,False,2,/mnt/chenpeijian/autodrive/StreetWorld/lead/3rd_party/navsim_workspace/dataset/maps does not exist!
2113dcf1e88b598e,False,2,/mnt/chenpeijian/autodrive/StreetWorld/lead/3rd_party/navsim_workspace/dataset/maps does not exist!
2135b76284735f17,False,2,/mnt/chenpeijian/autodrive/StreetWorld/lead/3rd_party/navsim_workspace/dataset/maps does not exist!
216b31d31f085114,False,2,/mnt/chenpeijian/autodrive/StreetWorld/lead/3rd_party/navsim_workspace/dataset/maps does not exist!
218ebafd6210550e,False,2,/mnt/chenpeijian/autodrive/StreetWorld/lead/3rd_party/navsim_workspace/dataset/maps does not exist!
21b98219003453af,False,2,/mnt/chenpeijian/autodrive/StreetWorld/lead/3rd_party/navsim_workspace/dataset/maps does not exist!
21d4990a6b4f597a,False,2,/mnt/chenpeijian/autodrive/StreetWorld/lead/3rd_party/navsim_workspace/dataset/maps does not exist!
21f55c28bb945892,False,2,/mnt/chenpeijian/autodrive/StreetWorld/lead/3rd_party/navsim_workspace/dataset/maps does not exist!
2243d4e976fb5b77,False,2,/mnt/chenpeijian/autodrive/StreetWorld/lead/3rd_party/navsim_workspace/dataset/maps does not exist!
227d62f5dfd95624,False,2,/mnt/chenpeijian/autodrive/StreetWorld/lead/3rd_party/navsim_workspace/dataset/maps does not exist!
22dde440a0c35d31,False,2,/mnt/chenpeijian/autodrive/StreetWorld/lead/3rd_party/navsim_workspace/dataset/maps does not exist!
230b5f3fb3f157fe,False,2,/mnt/chenpeijian/autodrive/StreetWorld/lead/3rd_party/navsim_workspace/dataset/maps does not exist!
236914bd075052ca,False,2,/mnt/chenpeijian/autodrive/StreetWorld/lead/3rd_party/navsim_workspace/dataset/maps does not exist!
2389414c94075d6a,False,2,/mnt/chenpeijian/autodrive/StreetWorld/lead/3rd_party/navsim_workspace/dataset/maps does not exist!
23bd3a02e2855a28,False,2,/mnt/chenpeijian/autodrive/StreetWorld/lead/3rd_party/navsim_workspace/dataset/maps does not exist!
23f10a2b432555b9,False,2,/mnt/chenpeijian/autodrive/StreetWorld/lead/3rd_party/navsim_workspace/dataset/maps does not exist!
24179dca21ec5427,False,2,/mnt/chenpeijian/autodrive/StreetWorld/lead/3rd_party/navsim_workspace/dataset/maps does not exist!
2462c21ce2bb5f2d,False,2,/mnt/chenpeijian/autodrive/StreetWorld/lead/3rd_party/navsim_workspace/dataset/maps does not exist!
249478c83c155093,False,2,/mnt/chenpeijian/autodrive/StreetWorld/lead/3rd_party/navsim_workspace/dataset/maps does not exist!
24b68863c230509c,False,2,/mnt/chenpeijian/autodrive/StreetWorld/lead/3rd_party/navsim_workspace/dataset/maps does not exist!
24e06c38547d5976,False,2,/mnt/chenpeijian/autodrive/StreetWorld/lead/3rd_party/navsim_workspace/dataset/maps does not exist!
253c33ffe10a5aa7,False,2,/mnt/chenpeijian/autodrive/StreetWorld/lead/3rd_party/navsim_workspace/dataset/maps does not exist!
2567ec8e92d05eb6,False,2,/mnt/chenpeijian/autodrive/StreetWorld/lead/3rd_party/navsim_workspace/dataset/maps does not exist!
2595e56a8af75a60,False,2,/mnt/chenpeijian/autodrive/StreetWorld/lead/3rd_party/navsim_workspace/dataset/maps does not exist!
25c3b9fa44c058a6,False,2,/mnt/chenpeijian/autodrive/StreetWorld/lead/3rd_party/navsim_workspace/dataset/maps does not exist!
25dbdd29ce325538,False,2,/mnt/chenpeijian/autodrive/StreetWorld/lead/3rd_party/navsim_workspace/dataset/maps does not exist!
262c4400163e5d8e,False,2,/mnt/chenpeijian/autodrive/StreetWorld/lead/3rd_party/navsim_workspace/dataset/maps does not exist!
2647308c0cbe519c,False,2,/mnt/chenpeijian/autodrive/StreetWorld/lead/3rd_party/navsim_workspace/dataset/maps does not exist!
26710ebfab6d528c,False,2,/mnt/chenpeijian/autodrive/StreetWorld/lead/3rd_party/navsim_workspace/dataset/maps does not exist!
2696e377ac3e579b,False,2,/mnt/chenpeijian/autodrive/StreetWorld/lead/3rd_party/navsim_workspace/dataset/maps does not exist!
26ba80ad72205a03,False,2,/mnt/chenpeijian/autodrive/StreetWorld/lead/3rd_party/navsim_workspace/dataset/maps does not exist!
26e6818bd14d52a5,False,2,/mnt/chenpeijian/autodrive/StreetWorld/lead/3rd_party/navsim_workspace/dataset/maps does not exist!
27244c34c9e355c2,False,2,/mnt/chenpeijian/autodrive/StreetWorld/lead/3rd_party/navsim_workspace/dataset/maps does not exist!
2754e05ff9d35719,False,2,/mnt/chenpeijian/autodrive/StreetWorld/lead/3rd_party/navsim_workspace/dataset/maps does not exist!
277cdfc9479e52c4,False,2,/mnt/chenpeijian/autodrive/StreetWorld/lead/3rd_party/navsim_workspace/dataset/maps does not exist!
27b8eae78cf05c1e,False,2,/mnt/chenpeijian/autodrive/StreetWorld/lead/3rd_party/navsim_workspace/dataset/maps does not exist!
27d74807a89a5268,False,2,/mnt/chenpeijian/autodrive/StreetWorld/lead/3rd_party/navsim_workspace/dataset/maps does not exist!
280321506e7c5f52,False,2,/mnt/chenpeijian/autodrive/StreetWorld/lead/3rd_party/navsim_workspace/dataset/maps does not exist!
2833a305300f5394,False,2,/mnt/chenpeijian/autodrive/StreetWorld/lead/3rd_party/navsim_workspace/dataset/maps does not exist!
283f39e817575b93,False,2,/mnt/chenpeijian/autodrive/StreetWorld/lead/3rd_party/navsim_workspace/dataset/maps does not exist!
28a0cdbbc1e55291,False,2,/mnt/chenpeijian/autodrive/StreetWorld/lead/3rd_party/navsim_workspace/dataset/maps does not exist!
28ecaf0359ee5029,False,2,/mnt/chenpeijian/autodrive/StreetWorld/lead/3rd_party/navsim_workspace/dataset/maps does not exist!
29163817326a5eab,False,2,/mnt/chenpeijian/autodrive/StreetWorld/lead/3rd_party/navsim_workspace/dataset/maps does not exist!
2928cfbed3d15000,False,2,/mnt/chenpeijian/autodrive/StreetWorld/lead/3rd_party/navsim_workspace/dataset/maps does not exist!
29518f7a31945a13,False,2,/mnt/chenpeijian/autodrive/StreetWorld/lead/3rd_party/navsim_workspace/dataset/maps does not exist!
29770ed8cd49511e,False,2,/mnt/chenpeijian/autodrive/StreetWorld/lead/3rd_party/navsim_workspace/dataset/maps does not exist!
29af925fc44b5380,False,2,/mnt/chenpeijian/autodrive/StreetWorld/lead/3rd_party/navsim_workspace/dataset/maps does not exist!
29c5b3febc2f5704,False,2,/mnt/chenpeijian/autodrive/StreetWorld/lead/3rd_party/navsim_workspace/dataset/maps does not exist!
2a04d84433e6576f,False,2,/mnt/chenpeijian/autodrive/StreetWorld/lead/3rd_party/navsim_workspace/dataset/maps does not exist!
2a30c259f67c561d,False,2,/mnt/chenpeijian/autodrive/StreetWorld/lead/3rd_party/navsim_workspace/dataset/maps does not exist!
2a4db0773ca95ce5,False,2,/mnt/chenpeijian/autodrive/StreetWorld/lead/3rd_party/navsim_workspace/dataset/maps does not exist!
2a79320a3e3b5239,False,2,/mnt/chenpeijian/autodrive/StreetWorld/lead/3rd_party/navsim_workspace/dataset/maps does not exist!
2aade0b3987d5366,False,2,/mnt/chenpeijian/autodrive/StreetWorld/lead/3rd_party/navsim_workspace/dataset/maps does not exist!
2adba5d32c3a560f,False,2,/mnt/chenpeijian/autodrive/StreetWorld/lead/3rd_party/navsim_workspace/dataset/maps does not exist!
2b2484954fc85b54,False,2,/mnt/chenpeijian/autodrive/StreetWorld/lead/3rd_party/navsim_workspace/dataset/maps does not exist!
2b5d551f5466530e,False,2,/mnt/chenpeijian/autodrive/StreetWorld/lead/3rd_party/navsim_workspace/dataset/maps does not exist!
2bbff4dbce4053b8,False,2,/mnt/chenpeijian/autodrive/StreetWorld/lead/3rd_party/navsim_workspace/dataset/maps does not exist!
2be2e48e80985bee,False,2,/mnt/chenpeijian/autodrive/StreetWorld/lead/3rd_party/navsim_workspace/dataset/maps does not exist!
2c29f40d1a1d5b28,False,2,/mnt/chenpeijian/autodrive/StreetWorld/lead/3rd_party/navsim_workspace/dataset/maps does not exist!
2c7e5f987d5752c7,False,2,/mnt/chenpeijian/autodrive/StreetWorld/lead/3rd_party/navsim_workspace/dataset/maps does not exist!
2ca1cea5e7bf5219,False,2,/mnt/chenpeijian/autodrive/StreetWorld/lead/3rd_party/navsim_workspace/dataset/maps does not exist!
2cce988d410654e2,False,2,/mnt/chenpeijian/autodrive/StreetWorld/lead/3rd_party/navsim_workspace/dataset/maps does not exist!
2d0c8a7a065e5995,False,2,/mnt/chenpeijian/autodrive/StreetWorld/lead/3rd_party/navsim_workspace/dataset/maps does not exist!
2d2a1f08e4895258,False,2,/mnt/chenpeijian/autodrive/StreetWorld/lead/3rd_party/navsim_workspace/dataset/maps does not exist!
2d578825c3a8565f,False,2,/mnt/chenpeijian/autodrive/StreetWorld/lead/3rd_party/navsim_workspace/dataset/maps does not exist!
2d84ae5e1fa85f94,False,2,/mnt/chenpeijian/autodrive/StreetWorld/lead/3rd_party/navsim_workspace/dataset/maps does not exist!
2dbaea2c3ad8531f,False,2,/mnt/chenpeijian/autodrive/StreetWorld/lead/3rd_party/navsim_workspace/dataset/maps does not exist!
2dfc1e8df2ef5da1,False,2,/mnt/chenpeijian/autodrive/StreetWorld/lead/3rd_party/navsim_workspace/dataset/maps does not exist!
2e34ba0896d75c28,False,2,/mnt/chenpeijian/autodrive/StreetWorld/lead/3rd_party/navsim_workspace/dataset/maps does not exist!
2e6b78be8c9e5e0c,False,2,/mnt/chenpeijian/autodrive/StreetWorld/lead/3rd_party/navsim_workspace/dataset/maps does not exist!
2eb015a011ac5fa2,False,2,/mnt/chenpeijian/autodrive/StreetWorld/lead/3rd_party/navsim_workspace/dataset/maps does not exist!
2ee44628526e524c,False,2,/mnt/chenpeijian/autodrive/StreetWorld/lead/3rd_party/navsim_workspace/dataset/maps does not exist!
2f1d36641ecb509a,False,2,/mnt/chenpeijian/autodrive/StreetWorld/lead/3rd_party/navsim_workspace/dataset/maps does not exist!
2f5ae1e4cf9d59fa,False,2,/mnt/chenpeijian/autodrive/StreetWorld/lead/3rd_party/navsim_workspace/dataset/maps does not exist!
2fb12c4c2eec5b8d,False,2,/mnt/chenpeijian/autodrive/StreetWorld/lead/3rd_party/navsim_workspace/dataset/maps does not exist!
2fdb40cf92e75107,False,2,/mnt/chenpeijian/autodrive/StreetWorld/lead/3rd_party/navsim_workspace/dataset/maps does not exist!
301f483843535f89,False,2,/mnt/chenpeijian/autodrive/StreetWorld/lead/3rd_party/navsim_workspace/dataset/maps does not exist!
3043c8dc13aa548b,False,2,/mnt/chenpeijian/autodrive/StreetWorld/lead/3rd_party/navsim_workspace/dataset/maps does not exist!
3068d16e627b5e69,False,2,/mnt/chenpeijian/autodrive/StreetWorld/lead/3rd_party/navsim_workspace/dataset/maps does not exist!
308e246a1d995edd,False,2,/mnt/chenpeijian/autodrive/StreetWorld/lead/3rd_party/navsim_workspace/dataset/maps does not exist!
30d5d8dfd52451a9,False,2,/mnt/chenpeijian/autodrive/StreetWorld/lead/3rd_party/navsim_workspace/dataset/maps does not exist!
31042b6e5c455b82,False,2,/mnt/chenpeijian/autodrive/StreetWorld/lead/3rd_party/navsim_workspace/dataset/maps does not exist!
3128b8da22c75dd0,False,2,/mnt/chenpeijian/autodrive/StreetWorld/lead/3rd_party/navsim_workspace/dataset/maps does not exist!
314f25442fd753b4,False,2,/mnt/chenpeijian/autodrive/StreetWorld/lead/3rd_party/navsim_workspace/dataset/maps does not exist!
315e61d0629c54d6,False,2,/mnt/chenpeijian/autodrive/StreetWorld/lead/3rd_party/navsim_workspace/dataset/maps does not exist!
31aa58748e2c5495,False,2,/mnt/chenpeijian/autodrive/StreetWorld/lead/3rd_party/navsim_workspace/dataset/maps does not exist!
320446eca62c59fe,False,2,/mnt/chenpeijian/autodrive/StreetWorld/lead/3rd_party/navsim_workspace/dataset/maps does not exist!
324cb0d226a45b91,False,2,/mnt/chenpeijian/autodrive/StreetWorld/lead/3rd_party/navsim_workspace/dataset/maps does not exist!
3266d9113ede5f3c,False,2,/mnt/chenpeijian/autodrive/StreetWorld/lead/3rd_party/navsim_workspace/dataset/maps does not exist!
32a73ed06daa5b0e,False,2,/mnt/chenpeijian/autodrive/StreetWorld/lead/3rd_party/navsim_workspace/dataset/maps does not exist!
32dd24533788546c,False,2,/mnt/chenpeijian/autodrive/StreetWorld/lead/3rd_party/navsim_workspace/dataset/maps does not exist!
330166def5a35f4d,False,2,/mnt/chenpeijian/autodrive/StreetWorld/lead/3rd_party/navsim_workspace/dataset/maps does not exist!
3328705b7cf0517a,False,2,/mnt/chenpeijian/autodrive/StreetWorld/lead/3rd_party/navsim_workspace/dataset/maps does not exist!
3346340e1c275766,False,2,/mnt/chenpeijian/autodrive/StreetWorld/lead/3rd_party/navsim_workspace/dataset/maps does not exist!
3380d56c05ba594b,False,2,/mnt/chenpeijian/autodrive/StreetWorld/lead/3rd_party/navsim_workspace/dataset/maps does not exist!
33bae177e9c75992,False,2,/mnt/chenpeijian/autodrive/StreetWorld/lead/3rd_party/navsim_workspace/dataset/maps does not exist!
33c58e00f5805824,False,2,/mnt/chenpeijian/autodrive/StreetWorld/lead/3rd_party/navsim_workspace/dataset/maps does not exist!
33ee6f1f594d50ca,False,2,/mnt/chenpeijian/autodrive/StreetWorld/lead/3rd_party/navsim_workspace/dataset/maps does not exist!
3420dd4340635018,False,2,/mnt/chenpeijian/autodrive/StreetWorld/lead/3rd_party/navsim_workspace/dataset/maps does not exist!
345fc96fdf4c572b,False,2,/mnt/chenpeijian/autodrive/StreetWorld/lead/3rd_party/navsim_workspace/dataset/maps does not exist!
3493d0184aea5ee8,False,2,/mnt/chenpeijian/autodrive/StreetWorld/lead/3rd_party/navsim_workspace/dataset/maps does not exist!
34ab6d35dfef5366,False,2,/mnt/chenpeijian/autodrive/StreetWorld/lead/3rd_party/navsim_workspace/dataset/maps does not exist!
34d782c068c855be,False,2,/mnt/chenpeijian/autodrive/StreetWorld/lead/3rd_party/navsim_workspace/dataset/maps does not exist!
350ef3908a9c5db6,False,2,/mnt/chenpeijian/autodrive/StreetWorld/lead/3rd_party/navsim_workspace/dataset/maps does not exist!
35234d714b5d5da9,False,2,/mnt/chenpeijian/autodrive/StreetWorld/lead/3rd_party/navsim_workspace/dataset/maps does not exist!
35583284eac15ae5,False,2,/mnt/chenpeijian/autodrive/StreetWorld/lead/3rd_party/navsim_workspace/dataset/maps does not exist!
359651aff6c55fc3,False,2,/mnt/chenpeijian/autodrive/StreetWorld/lead/3rd_party/navsim_workspace/dataset/maps does not exist!
35d07990fee95985,False,2,/mnt/chenpeijian/autodrive/StreetWorld/lead/3rd_party/navsim_workspace/dataset/maps does not exist!
35f226ec4cac52fc,False,2,/mnt/chenpeijian/autodrive/StreetWorld/lead/3rd_party/navsim_workspace/dataset/maps does not exist!
360b5fec28655626,False,2,/mnt/chenpeijian/autodrive/StreetWorld/lead/3rd_party/navsim_workspace/dataset/maps does not exist!
36610114f460541b,False,2,/mnt/chenpeijian/autodrive/StreetWorld/lead/3rd_party/navsim_workspace/dataset/maps does not exist!
36a229f658875a2e,False,2,/mnt/chenpeijian/autodrive/StreetWorld/lead/3rd_party/navsim_workspace/dataset/maps does not exist!
36e1ce5794595e73,False,2,/mnt/chenpeijian/autodrive/StreetWorld/lead/3rd_party/navsim_workspace/dataset/maps does not exist!
36f96e28725c5f5e,False,2,/mnt/chenpeijian/autodrive/StreetWorld/lead/3rd_party/navsim_workspace/dataset/maps does not exist!
373707159e77583c,False,2,/mnt/chenpeijian/autodrive/StreetWorld/lead/3rd_party/navsim_workspace/dataset/maps does not exist!
3756dc24f9e65fd7,False,2,/mnt/chenpeijian/autodrive/StreetWorld/lead/3rd_party/navsim_workspace/dataset/maps does not exist!
37837c3f78625095,False,2,/mnt/chenpeijian/autodrive/StreetWorld/lead/3rd_party/navsim_workspace/dataset/maps does not exist!
37b96c1d86665204,False,2,/mnt/chenpeijian/autodrive/StreetWorld/lead/3rd_party/navsim_workspace/dataset/maps does not exist!
3838eb184c9d5989,False,2,/mnt/chenpeijian/autodrive/StreetWorld/lead/3rd_party/navsim_workspace/dataset/maps does not exist!
387bb49da88353dc,False,2,/mnt/chenpeijian/autodrive/StreetWorld/lead/3rd_party/navsim_workspace/dataset/maps does not exist!
389bfba2e25f581b,False,2,/mnt/chenpeijian/autodrive/StreetWorld/lead/3rd_party/navsim_workspace/dataset/maps does not exist!
38b4ff11393c5dec,False,2,/mnt/chenpeijian/autodrive/StreetWorld/lead/3rd_party/navsim_workspace/dataset/maps does not exist!
38dd6b1bb76e5301,False,2,/mnt/chenpeijian/autodrive/StreetWorld/lead/3rd_party/navsim_workspace/dataset/maps does not exist!
391cdfaec8fc5088,False,2,/mnt/chenpeijian/autodrive/StreetWorld/lead/3rd_party/navsim_workspace/dataset/maps does not exist!
3968adecd59c551e,False,2,/mnt/chenpeijian/autodrive/StreetWorld/lead/3rd_party/navsim_workspace/dataset/maps does not exist!
39752b75d70d5458,False,2,/mnt/chenpeijian/autodrive/StreetWorld/lead/3rd_party/navsim_workspace/dataset/maps does not exist!
39a2b9bc296c5b76,False,2,/mnt/chenpeijian/autodrive/StreetWorld/lead/3rd_party/navsim_workspace/dataset/maps does not exist!
39cf3b9137615a6b,False,2,/mnt/chenpeijian/autodrive/StreetWorld/lead/3rd_party/navsim_workspace/dataset/maps does not exist!
39fd7cb73aa259db,False,2,/mnt/chenpeijian/autodrive/StreetWorld/lead/3rd_party/navsim_workspace/dataset/maps does not exist!
3a29d6bc75a557f1,False,2,/mnt/chenpeijian/autodrive/StreetWorld/lead/3rd_party/navsim_workspace/dataset/maps does not exist!
3a7b323176855920,False,2,/mnt/chenpeijian/autodrive/StreetWorld/lead/3rd_party/navsim_workspace/dataset/maps does not exist!
3ad6a3f7a0f155f8,False,2,/mnt/chenpeijian/autodrive/StreetWorld/lead/3rd_party/navsim_workspace/dataset/maps does not exist!
3af98cdf0bc35f44,False,2,/mnt/chenpeijian/autodrive/StreetWorld/lead/3rd_party/navsim_workspace/dataset/maps does not exist!
3b0c5c39455b5d00,False,2,/mnt/chenpeijian/autodrive/StreetWorld/lead/3rd_party/navsim_workspace/dataset/maps does not exist!
3b225aa246f35197,False,2,/mnt/chenpeijian/autodrive/StreetWorld/lead/3rd_party/navsim_workspace/dataset/maps does not exist!
3b53493dfe335ea6,False,2,/mnt/chenpeijian/autodrive/StreetWorld/lead/3rd_party/navsim_workspace/dataset/maps does not exist!
3b6fb25a1e725f29,False,2,/mnt/chenpeijian/autodrive/StreetWorld/lead/3rd_party/navsim_workspace/dataset/maps does not exist!
3ba5c2d842785d59,False,2,/mnt/chenpeijian/autodrive/StreetWorld/lead/3rd_party/navsim_workspace/dataset/maps does not exist!
3bb527d97cee5163,False,2,/mnt/chenpeijian/autodrive/StreetWorld/lead/3rd_party/navsim_workspace/dataset/maps does not exist!
3bdecfdccc335eda,False,2,/mnt/chenpeijian/autodrive/StreetWorld/lead/3rd_party/navsim_workspace/dataset/maps does not exist!
3bf2974c80c55503,False,2,/mnt/chenpeijian/autodrive/StreetWorld/lead/3rd_party/navsim_workspace/dataset/maps does not exist!
3c31377fc8f65160,False,2,/mnt/chenpeijian/autodrive/StreetWorld/lead/3rd_party/navsim_workspace/dataset/maps does not exist!
3c4e1784d9295821,False,2,/mnt/chenpeijian/autodrive/StreetWorld/lead/3rd_party/navsim_workspace/dataset/maps does not exist!
3c93f87b0bb0561d,False,2,/mnt/chenpeijian/autodrive/StreetWorld/lead/3rd_party/navsim_workspace/dataset/maps does not exist!
3cc3ea967df55cf0,False,2,/mnt/chenpeijian/autodrive/StreetWorld/lead/3rd_party/navsim_workspace/dataset/maps does not exist!
3cfa3f1b82885efa,False,2,/mnt/chenpeijian/autodrive/StreetWorld/lead/3rd_party/navsim_workspace/dataset/maps does not exist!
3d20913330f152ee,False,2,/mnt/chenpeijian/autodrive/StreetWorld/lead/3rd_party/navsim_workspace/dataset/maps does not exist!
3d4616d64a4c5f53,False,2,/mnt/chenpeijian/autodrive/StreetWorld/lead/3rd_party/navsim_workspace/dataset/maps does not exist!
3d6f193fad315d97,False,2,/mnt/chenpeijian/autodrive/StreetWorld/lead/3rd_party/navsim_workspace/dataset/maps does not exist!
3d8f52b9bae25a90,False,2,/mnt/chenpeijian/autodrive/StreetWorld/lead/3rd_party/navsim_workspace/dataset/maps does not exist!
3e0511dc69b85b75,False,2,/mnt/chenpeijian/autodrive/StreetWorld/lead/3rd_party/navsim_workspace/dataset/maps does not exist!
3e1dd9067b365a42,False,2,/mnt/chenpeijian/autodrive/StreetWorld/lead/3rd_party/navsim_workspace/dataset/maps does not exist!
3e5bb75bed1d58ad,False,2,/mnt/chenpeijian/autodrive/StreetWorld/lead/3rd_party/navsim_workspace/dataset/maps does not exist!
3e8b81f8eb205311,False,2,/mnt/chenpeijian/autodrive/StreetWorld/lead/3rd_party/navsim_workspace/dataset/maps does not exist!
3eaf6c916382509b,False,2,/mnt/chenpeijian/autodrive/StreetWorld/lead/3rd_party/navsim_workspace/dataset/maps does not exist!
3efebf87894a552e,False,2,/mnt/chenpeijian/autodrive/StreetWorld/lead/3rd_party/navsim_workspace/dataset/maps does not exist!
3f269e7b5ced51fa,False,2,/mnt/chenpeijian/autodrive/StreetWorld/lead/3rd_party/navsim_workspace/dataset/maps does not exist!
3f5c9cc5b40a5ff5,False,2,/mnt/chenpeijian/autodrive/StreetWorld/lead/3rd_party/navsim_workspace/dataset/maps does not exist!
3f87b5859c3c525a,False,2,/mnt/chenpeijian/autodrive/StreetWorld/lead/3rd_party/navsim_workspace/dataset/maps does not exist!
3fb200a0fddb5c8e,False,2,/mnt/chenpeijian/autodrive/StreetWorld/lead/3rd_party/navsim_workspace/dataset/maps does not exist!
3fe8df1737825eb3,False,2,/mnt/chenpeijian/autodrive/StreetWorld/lead/3rd_party/navsim_workspace/dataset/maps does not exist!
4014296da6f75079,False,2,/mnt/chenpeijian/autodrive/StreetWorld/lead/3rd_party/navsim_workspace/dataset/maps does not exist!
402f952c89ae550c,False,2,/mnt/chenpeijian/autodrive/StreetWorld/lead/3rd_party/navsim_workspace/dataset/maps does not exist!
40726c708b17504a,False,2,/mnt/chenpeijian/autodrive/StreetWorld/lead/3rd_party/navsim_workspace/dataset/maps does not exist!
409ed084cde5554b,False,2,/mnt/chenpeijian/autodrive/StreetWorld/lead/3rd_party/navsim_workspace/dataset/maps does not exist!
40d24af6505f50c9,False,2,/mnt/chenpeijian/autodrive/StreetWorld/lead/3rd_party/navsim_workspace/dataset/maps does not exist!
4102a6399acf528b,False,2,/mnt/chenpeijian/autodrive/StreetWorld/lead/3rd_party/navsim_workspace/dataset/maps does not exist!
4154c963fb4f578d,False,2,/mnt/chenpeijian/autodrive/StreetWorld/lead/3rd_party/navsim_workspace/dataset/maps does not exist!
4175cdc49ec759f5,False,2,/mnt/chenpeijian/autodrive/StreetWorld/lead/3rd_party/navsim_workspace/dataset/maps does not exist!
41b4a4440a3e59fc,False,2,/mnt/chenpeijian/autodrive/StreetWorld/lead/3rd_party/navsim_workspace/dataset/maps does not exist!
41da8ea7c14754d2,False,2,/mnt/chenpeijian/autodrive/StreetWorld/lead/3rd_party/navsim_workspace/dataset/maps does not exist!
42160b555f2a5aa0,False,2,/mnt/chenpeijian/autodrive/StreetWorld/lead/3rd_party/navsim_workspace/dataset/maps does not exist!
42643a30b402538f,False,2,/mnt/chenpeijian/autodrive/StreetWorld/lead/3rd_party/navsim_workspace/dataset/maps does not exist!
4299796c2c845718,False,2,/mnt/chenpeijian/autodrive/StreetWorld/lead/3rd_party/navsim_workspace/dataset/maps does not exist!
42c1346e9b585c5b,False,2,/mnt/chenpeijian/autodrive/StreetWorld/lead/3rd_party/navsim_workspace/dataset/maps does not exist!
42eef0001e6c5498,False,2,/mnt/chenpeijian/autodrive/StreetWorld/lead/3rd_party/navsim_workspace/dataset/maps does not exist!
431840d399445a32,False,2,/mnt/chenpeijian/autodrive/StreetWorld/lead/3rd_party/navsim_workspace/dataset/maps does not exist!
4339d22a9e205757,False,2,/mnt/chenpeijian/autodrive/StreetWorld/lead/3rd_party/navsim_workspace/dataset/maps does not exist!
4355d2853ef15044,False,2,/mnt/chenpeijian/autodrive/StreetWorld/lead/3rd_party/navsim_workspace/dataset/maps does not exist!
4384cab8593f505e,False,2,/mnt/chenpeijian/autodrive/StreetWorld/lead/3rd_party/navsim_workspace/dataset/maps does not exist!
43c8e05e697f5abe,False,2,/mnt/chenpeijian/autodrive/StreetWorld/lead/3rd_party/navsim_workspace/dataset/maps does not exist!
440364f63ee95043,False,2,/mnt/chenpeijian/autodrive/StreetWorld/lead/3rd_party/navsim_workspace/dataset/maps does not exist!
44699d8556a1519e,False,2,/mnt/chenpeijian/autodrive/StreetWorld/lead/3rd_party/navsim_workspace/dataset/maps does not exist!
449baff4aece5ab3,False,2,/mnt/chenpeijian/autodrive/StreetWorld/lead/3rd_party/navsim_workspace/dataset/maps does not exist!
44de6aa3d6955912,False,2,/mnt/chenpeijian/autodrive/StreetWorld/lead/3rd_party/navsim_workspace/dataset/maps does not exist!
450d66ced3175d35,False,2,/mnt/chenpeijian/autodrive/StreetWorld/lead/3rd_party/navsim_workspace/dataset/maps does not exist!
453be1f585b1589f,False,2,/mnt/chenpeijian/autodrive/StreetWorld/lead/3rd_party/navsim_workspace/dataset/maps does not exist!
455f894b6e3b58ab,False,2,/mnt/chenpeijian/autodrive/StreetWorld/lead/3rd_party/navsim_workspace/dataset/maps does not exist!
4588d3bc87cd5a49,False,2,/mnt/chenpeijian/autodrive/StreetWorld/lead/3rd_party/navsim_workspace/dataset/maps does not exist!
45c6be97d810541f,False,2,/mnt/chenpeijian/autodrive/StreetWorld/lead/3rd_party/navsim_workspace/dataset/maps does not exist!
463c7c8c669d57cf,False,2,/mnt/chenpeijian/autodrive/StreetWorld/lead/3rd_party/navsim_workspace/dataset/maps does not exist!
469dfe790903577a,False,2,/mnt/chenpeijian/autodrive/StreetWorld/lead/3rd_party/navsim_workspace/dataset/maps does not exist!
46c94b5d7c89561c,False,2,/mnt/chenpeijian/autodrive/StreetWorld/lead/3rd_party/navsim_workspace/dataset/maps does not exist!
471869e791085ef6,False,2,/mnt/chenpeijian/autodrive/StreetWorld/lead/3rd_party/navsim_workspace/dataset/maps does not exist!
4749b2486da65268,False,2,/mnt/chenpeijian/autodrive/StreetWorld/lead/3rd_party/navsim_workspace/dataset/maps does not exist!
476ad53b78325ef2,False,2,/mnt/chenpeijian/autodrive/StreetWorld/lead/3rd_party/navsim_workspace/dataset/maps does not exist!
47b8a869ffed5965,False,2,/mnt/chenpeijian/autodrive/StreetWorld/lead/3rd_party/navsim_workspace/dataset/maps does not exist!
47e64379df6b55b2,False,2,/mnt/chenpeijian/autodrive/StreetWorld/lead/3rd_party/navsim_workspace/dataset/maps does not exist!
480325e1f5085385,False,2,/mnt/chenpeijian/autodrive/StreetWorld/lead/3rd_party/navsim_workspace/dataset/maps does not exist!
483bb60b0a0451e6,False,2,/mnt/chenpeijian/autodrive/StreetWorld/lead/3rd_party/navsim_workspace/dataset/maps does not exist!
4865eea1e54c5a8e,False,2,/mnt/chenpeijian/autodrive/StreetWorld/lead/3rd_party/navsim_workspace/dataset/maps does not exist!
4899341a782f5409,False,2,/mnt/chenpeijian/autodrive/StreetWorld/lead/3rd_party/navsim_workspace/dataset/maps does not exist!
48bbe3acc93450aa,False,2,/mnt/chenpeijian/autodrive/StreetWorld/lead/3rd_party/navsim_workspace/dataset/maps does not exist!
48f70b92d6895a39,False,2,/mnt/chenpeijian/autodrive/StreetWorld/lead/3rd_party/navsim_workspace/dataset/maps does not exist!
49119e0bd9335681,False,2,/mnt/chenpeijian/autodrive/StreetWorld/lead/3rd_party/navsim_workspace/dataset/maps does not exist!
4952a782e55057b7,False,2,/mnt/chenpeijian/autodrive/StreetWorld/lead/3rd_party/navsim_workspace/dataset/maps does not exist!
4999981a1cac596e,False,2,/mnt/chenpeijian/autodrive/StreetWorld/lead/3rd_party/navsim_workspace/dataset/maps does not exist!
49c2b08936335901,False,2,/mnt/chenpeijian/autodrive/StreetWorld/lead/3rd_party/navsim_workspace/dataset/maps does not exist!
49f205ebb9d559c2,False,2,/mnt/chenpeijian/autodrive/StreetWorld/lead/3rd_party/navsim_workspace/dataset/maps does not exist!
4a0ba18cefc05c63,False,2,/mnt/chenpeijian/autodrive/StreetWorld/lead/3rd_party/navsim_workspace/dataset/maps does not exist!
4a4ce3ba90ad5614,False,2,/mnt/chenpeijian/autodrive/StreetWorld/lead/3rd_party/navsim_workspace/dataset/maps does not exist!
4a7156af749e54fc,False,2,/mnt/chenpeijian/autodrive/StreetWorld/lead/3rd_party/navsim_workspace/dataset/maps does not exist!
4aa06b58da9a56f8,False,2,/mnt/chenpeijian/autodrive/StreetWorld/lead/3rd_party/navsim_workspace/dataset/maps does not exist!
4ac1bcffb2bb5010,False,2,/mnt/chenpeijian/autodrive/StreetWorld/lead/3rd_party/navsim_workspace/dataset/maps does not exist!
4ae996307c6d5733,False,2,/mnt/chenpeijian/autodrive/StreetWorld/lead/3rd_party/navsim_workspace/dataset/maps does not exist!
4b347fca93c65596,False,2,/mnt/chenpeijian/autodrive/StreetWorld/lead/3rd_party/navsim_workspace/dataset/maps does not exist!
4b4c7883539d5eb9,False,2,/mnt/chenpeijian/autodrive/StreetWorld/lead/3rd_party/navsim_workspace/dataset/maps does not exist!
4b5fd21bc8bd5a8b,False,2,/mnt/chenpeijian/autodrive/StreetWorld/lead/3rd_party/navsim_workspace/dataset/maps does not exist!
4b85f48b7172519f,False,2,/mnt/chenpeijian/autodrive/StreetWorld/lead/3rd_party/navsim_workspace/dataset/maps does not exist!
4ba0a7c883e85b4f,False,2,/mnt/chenpeijian/autodrive/StreetWorld/lead/3rd_party/navsim_workspace/dataset/maps does not exist!
4bc54773ae245d10,False,2,/mnt/chenpeijian/autodrive/StreetWorld/lead/3rd_party/navsim_workspace/dataset/maps does not exist!
4bfd04f7517b5381,False,2,/mnt/chenpeijian/autodrive/StreetWorld/lead/3rd_party/navsim_workspace/dataset/maps does not exist!
4c5164f4b17d5581,False,2,/mnt/chenpeijian/autodrive/StreetWorld/lead/3rd_party/navsim_workspace/dataset/maps does not exist!
4c9a89b8cd2853d6,False,2,/mnt/chenpeijian/autodrive/StreetWorld/lead/3rd_party/navsim_workspace/dataset/maps does not exist!
4cc7fc580fe45bd1,False,2,/mnt/chenpeijian/autodrive/StreetWorld/lead/3rd_party/navsim_workspace/dataset/maps does not exist!
4cdef6ce55a7542b,False,2,/mnt/chenpeijian/autodrive/StreetWorld/lead/3rd_party/navsim_workspace/dataset/maps does not exist!
4cfe4dc173bb5e2e,False,2,/mnt/chenpeijian/autodrive/StreetWorld/lead/3rd_party/navsim_workspace/dataset/maps does not exist!
4d267b88562f52da,False,2,/mnt/chenpeijian/autodrive/StreetWorld/lead/3rd_party/navsim_workspace/dataset/maps does not exist!
4d4e4d899fd95487,False,2,/mnt/chenpeijian/autodrive/StreetWorld/lead/3rd_party/navsim_workspace/dataset/maps does not exist!
4d6f4dbf01c2567c,False,2,/mnt/chenpeijian/autodrive/StreetWorld/lead/3rd_party/navsim_workspace/dataset/maps does not exist!
4da3c27db2495e9e,False,2,/mnt/chenpeijian/autodrive/StreetWorld/lead/3rd_party/navsim_workspace/dataset/maps does not exist!
4dd1ab3a667b5074,False,2,/mnt/chenpeijian/autodrive/StreetWorld/lead/3rd_party/navsim_workspace/dataset/maps does not exist!
4dde36d102a4526b,False,2,/mnt/chenpeijian/autodrive/StreetWorld/lead/3rd_party/navsim_workspace/dataset/maps does not exist!
4e19d097005e55b5,False,2,/mnt/chenpeijian/autodrive/StreetWorld/lead/3rd_party/navsim_workspace/dataset/maps does not exist!
4e39c50ddb075303,False,2,/mnt/chenpeijian/autodrive/StreetWorld/lead/3rd_party/navsim_workspace/dataset/maps does not exist!
4e72d5b688ca564f,False,2,/mnt/chenpeijian/autodrive/StreetWorld/lead/3rd_party/navsim_workspace/dataset/maps does not exist!
4ed6b1b83e0c5bbe,False,2,/mnt/chenpeijian/autodrive/StreetWorld/lead/3rd_party/navsim_workspace/dataset/maps does not exist!
4f2041f942aa5630,False,2,/mnt/chenpeijian/autodrive/StreetWorld/lead/3rd_party/navsim_workspace/dataset/maps does not exist!
4f61c0897822586c,False,2,/mnt/chenpeijian/autodrive/StreetWorld/lead/3rd_party/navsim_workspace/dataset/maps does not exist!
4f87ef91e3425ebc,False,2,/mnt/chenpeijian/autodrive/StreetWorld/lead/3rd_party/navsim_workspace/dataset/maps does not exist!
4fbe9cf1d64d58ef,False,2,/mnt/chenpeijian/autodrive/StreetWorld/lead/3rd_party/navsim_workspace/dataset/maps does not exist!
5005f44bd2135f3b,False,2,/mnt/chenpeijian/autodrive/StreetWorld/lead/3rd_party/navsim_workspace/dataset/maps does not exist!
50209c502bd157c8,False,2,/mnt/chenpeijian/autodrive/StreetWorld/lead/3rd_party/navsim_workspace/dataset/maps does not exist!
505f4ccbd00d5e99,False,2,/mnt/chenpeijian/autodrive/StreetWorld/lead/3rd_party/navsim_workspace/dataset/maps does not exist!
507c91dd2444555e,False,2,/mnt/chenpeijian/autodrive/StreetWorld/lead/3rd_party/navsim_workspace/dataset/maps does not exist!
50a5b2cbb4515594,False,2,/mnt/chenpeijian/autodrive/StreetWorld/lead/3rd_party/navsim_workspace/dataset/maps does not exist!
50e5a63ba7ac5d51,False,2,/mnt/chenpeijian/autodrive/StreetWorld/lead/3rd_party/navsim_workspace/dataset/maps does not exist!
512b6941e1335e0f,False,2,/mnt/chenpeijian/autodrive/StreetWorld/lead/3rd_party/navsim_workspace/dataset/maps does not exist!
51586a8c23a4569a,False,2,/mnt/chenpeijian/autodrive/StreetWorld/lead/3rd_party/navsim_workspace/dataset/maps does not exist!
51b0141596d15905,False,2,/mnt/chenpeijian/autodrive/StreetWorld/lead/3rd_party/navsim_workspace/dataset/maps does not exist!
51e697d3f5255ac3,False,2,/mnt/chenpeijian/autodrive/StreetWorld/lead/3rd_party/navsim_workspace/dataset/maps does not exist!
5218653349a6502a,False,2,/mnt/chenpeijian/autodrive/StreetWorld/lead/3rd_party/navsim_workspace/dataset/maps does not exist!
5239e2cfe006568b,False,2,/mnt/chenpeijian/autodrive/StreetWorld/lead/3rd_party/navsim_workspace/dataset/maps does not exist!
526a568a22795441,False,2,/mnt/chenpeijian/autodrive/StreetWorld/lead/3rd_party/navsim_workspace/dataset/maps does not exist!
52a862ac6c845dbb,False,2,/mnt/chenpeijian/autodrive/StreetWorld/lead/3rd_party/navsim_workspace/dataset/maps does not exist!
52bffad1e6895ff1,False,2,/mnt/chenpeijian/autodrive/StreetWorld/lead/3rd_party/navsim_workspace/dataset/maps does not exist!
52d9d533ca4e5980,False,2,/mnt/chenpeijian/autodrive/StreetWorld/lead/3rd_party/navsim_workspace/dataset/maps does not exist!
52f7393aa83854f6,False,2,/mnt/chenpeijian/autodrive/StreetWorld/lead/3rd_party/navsim_workspace/dataset/maps does not exist!
5322f39a6130560c,False,2,/mnt/chenpeijian/autodrive/StreetWorld/lead/3rd_party/navsim_workspace/dataset/maps does not exist!
534e6a7d7e8c528b,False,2,/mnt/chenpeijian/autodrive/StreetWorld/lead/3rd_party/navsim_workspace/dataset/maps does not exist!
536a4f2c870d5e58,False,2,/mnt/chenpeijian/autodrive/StreetWorld/lead/3rd_party/navsim_workspace/dataset/maps does not exist!
53abaebc66d4549e,False,2,/mnt/chenpeijian/autodrive/StreetWorld/lead/3rd_party/navsim_workspace/dataset/maps does not exist!
53f8bc4012fe5f29,False,2,/mnt/chenpeijian/autodrive/StreetWorld/lead/3rd_party/navsim_workspace/dataset/maps does not exist!
54229e2cb94b5adb,False,2,/mnt/chenpeijian/autodrive/StreetWorld/lead/3rd_party/navsim_workspace/dataset/maps does not exist!
5445d4283a475bf6,False,2,/mnt/chenpeijian/autodrive/StreetWorld/lead/3rd_party/navsim_workspace/dataset/maps does not exist!
5496f69033515dd4,False,2,/mnt/chenpeijian/autodrive/StreetWorld/lead/3rd_party/navsim_workspace/dataset/maps does not exist!
54b1308d42085066,False,2,/mnt/chenpeijian/autodrive/StreetWorld/lead/3rd_party/navsim_workspace/dataset/maps does not exist!
54e010de01625177,False,2,/mnt/chenpeijian/autodrive/StreetWorld/lead/3rd_party/navsim_workspace/dataset/maps does not exist!
550045c2be39530a,False,2,/mnt/chenpeijian/autodrive/StreetWorld/lead/3rd_party/navsim_workspace/dataset/maps does not exist!
551ce60633b65fd0,False,2,/mnt/chenpeijian/autodrive/StreetWorld/lead/3rd_party/navsim_workspace/dataset/maps does not exist!
553c80b72cdc5c04,False,2,/mnt/chenpeijian/autodrive/StreetWorld/lead/3rd_party/navsim_workspace/dataset/maps does not exist!
5583c1447acd5f31,False,2,/mnt/chenpeijian/autodrive/StreetWorld/lead/3rd_party/navsim_workspace/dataset/maps does not exist!
559e3fe66db15d66,False,2,/mnt/chenpeijian/autodrive/StreetWorld/lead/3rd_party/navsim_workspace/dataset/maps does not exist!
55d102de4d6150f8,False,2,/mnt/chenpeijian/autodrive/StreetWorld/lead/3rd_party/navsim_workspace/dataset/maps does not exist!
561ac555b4a85edc,False,2,/mnt/chenpeijian/autodrive/StreetWorld/lead/3rd_party/navsim_workspace/dataset/maps does not exist!
5655270788dc5fa3,False,2,/mnt/chenpeijian/autodrive/StreetWorld/lead/3rd_party/navsim_workspace/dataset/maps does not exist!
566f63e4108c5d48,False,2,/mnt/chenpeijian/autodrive/StreetWorld/lead/3rd_party/navsim_workspace/dataset/maps does not exist!
56886aeb0f685bea,False,2,/mnt/chenpeijian/autodrive/StreetWorld/lead/3rd_party/navsim_workspace/dataset/maps does not exist!
56a1470952cb57a0,False,2,/mnt/chenpeijian/autodrive/StreetWorld/lead/3rd_party/navsim_workspace/dataset/maps does not exist!
56c652d4f2715e43,False,2,/mnt/chenpeijian/autodrive/StreetWorld/lead/3rd_party/navsim_workspace/dataset/maps does not exist!
572e6c81e32958f2,False,2,/mnt/chenpeijian/autodrive/StreetWorld/lead/3rd_party/navsim_workspace/dataset/maps does not exist!
578adc6dc97d510f,False,2,/mnt/chenpeijian/autodrive/StreetWorld/lead/3rd_party/navsim_workspace/dataset/maps does not exist!
57a85d94e9c95004,False,2,/mnt/chenpeijian/autodrive/StreetWorld/lead/3rd_party/navsim_workspace/dataset/maps does not exist!
57f2781030b25387,False,2,/mnt/chenpeijian/autodrive/StreetWorld/lead/3rd_party/navsim_workspace/dataset/maps does not exist!
5816a23cfee25d4e,False,2,/mnt/chenpeijian/autodrive/StreetWorld/lead/3rd_party/navsim_workspace/dataset/maps does not exist!
58366177d30259f5,False,2,/mnt/chenpeijian/autodrive/StreetWorld/lead/3rd_party/navsim_workspace/dataset/maps does not exist!
5862cc032cf45893,False,2,/mnt/chenpeijian/autodrive/StreetWorld/lead/3rd_party/navsim_workspace/dataset/maps does not exist!
58863e0ecc6357c5,False,2,/mnt/chenpeijian/autodrive/StreetWorld/lead/3rd_party/navsim_workspace/dataset/maps does not exist!
58b0a1db2a145780,False,2,/mnt/chenpeijian/autodrive/StreetWorld/lead/3rd_party/navsim_workspace/dataset/maps does not exist!
58d40da0cce05d8c,False,2,/mnt/chenpeijian/autodrive/StreetWorld/lead/3rd_party/navsim_workspace/dataset/maps does not exist!
5930f153954b5060,False,2,/mnt/chenpeijian/autodrive/StreetWorld/lead/3rd_party/navsim_workspace/dataset/maps does not exist!
595596a88cce5c9d,False,2,/mnt/chenpeijian/autodrive/StreetWorld/lead/3rd_party/navsim_workspace/dataset/maps does not exist!
597a23643be958dc,False,2,/mnt/chenpeijian/autodrive/StreetWorld/lead/3rd_party/navsim_workspace/dataset/maps does not exist!
5997813b7cc55036,False,2,/mnt/chenpeijian/autodrive/StreetWorld/lead/3rd_party/navsim_workspace/dataset/maps does not exist!
59bf40c427da5eb1,False,2,/mnt/chenpeijian/autodrive/StreetWorld/lead/3rd_party/navsim_workspace/dataset/maps does not exist!
59db265fc4cf5a41,False,2,/mnt/chenpeijian/autodrive/StreetWorld/lead/3rd_party/navsim_workspace/dataset/maps does not exist!
5a12337425265ea1,False,2,/mnt/chenpeijian/autodrive/StreetWorld/lead/3rd_party/navsim_workspace/dataset/maps does not exist!
5a3613f60fb454d4,False,2,/mnt/chenpeijian/autodrive/StreetWorld/lead/3rd_party/navsim_workspace/dataset/maps does not exist!
5a7626d57d61594b,False,2,/mnt/chenpeijian/autodrive/StreetWorld/lead/3rd_party/navsim_workspace/dataset/maps does not exist!
5a907598a1985222,False,2,/mnt/chenpeijian/autodrive/StreetWorld/lead/3rd_party/navsim_workspace/dataset/maps does not exist!
5aafc350fc705533,False,2,/mnt/chenpeijian/autodrive/StreetWorld/lead/3rd_party/navsim_workspace/dataset/maps does not exist!
5ad705654fd3547d,False,2,/mnt/chenpeijian/autodrive/StreetWorld/lead/3rd_party/navsim_workspace/dataset/maps does not exist!
5b1954a42c2455e7,False,2,/mnt/chenpeijian/autodrive/StreetWorld/lead/3rd_party/navsim_workspace/dataset/maps does not exist!
5b3bc72c557a5a17,False,2,/mnt/chenpeijian/autodrive/StreetWorld/lead/3rd_party/navsim_workspace/dataset/maps does not exist!
5b707d3c85dd5ff0,False,2,/mnt/chenpeijian/autodrive/StreetWorld/lead/3rd_party/navsim_workspace/dataset/maps does not exist!
5bb6cc197a7455e4,False,2,/mnt/chenpeijian/autodrive/StreetWorld/lead/3rd_party/navsim_workspace/dataset/maps does not exist!
5bfd2094e1ed528c,False,2,/mnt/chenpeijian/autodrive/StreetWorld/lead/3rd_party/navsim_workspace/dataset/maps does not exist!
5c4f8e6a644258d3,False,2,/mnt/chenpeijian/autodrive/StreetWorld/lead/3rd_party/navsim_workspace/dataset/maps does not exist!
5c8f6ebe705d5013,False,2,/mnt/chenpeijian/autodrive/StreetWorld/lead/3rd_party/navsim_workspace/dataset/maps does not exist!
5cc24961cbed5fd0,False,2,/mnt/chenpeijian/autodrive/StreetWorld/lead/3rd_party/navsim_workspace/dataset/maps does not exist!
5cfbf7afa66458c3,False,2,/mnt/chenpeijian/autodrive/StreetWorld/lead/3rd_party/navsim_workspace/dataset/maps does not exist!
5d47863332065766,False,2,/mnt/chenpeijian/autodrive/StreetWorld/lead/3rd_party/navsim_workspace/dataset/maps does not exist!
5d7e99b7eea65475,False,2,/mnt/chenpeijian/autodrive/StreetWorld/lead/3rd_party/navsim_workspace/dataset/maps does not exist!
5dae1d43c2e55113,False,2,/mnt/chenpeijian/autodrive/StreetWorld/lead/3rd_party/navsim_workspace/dataset/maps does not exist!
5e02e80df7fe5f5b,False,2,/mnt/chenpeijian/autodrive/StreetWorld/lead/3rd_party/navsim_workspace/dataset/maps does not exist!
5e4da70ec09f5282,False,2,/mnt/chenpeijian/autodrive/StreetWorld/lead/3rd_party/navsim_workspace/dataset/maps does not exist!
5e9e03ce875059ed,False,2,/mnt/chenpeijian/autodrive/StreetWorld/lead/3rd_party/navsim_workspace/dataset/maps does not exist!
5ee6f86b7dec5484,False,2,/mnt/chenpeijian/autodrive/StreetWorld/lead/3rd_party/navsim_workspace/dataset/maps does not exist!
5f448f3d0f8c5e95,False,2,/mnt/chenpeijian/autodrive/StreetWorld/lead/3rd_party/navsim_workspace/dataset/maps does not exist!
5fd68bb785b258ef,False,2,/mnt/chenpeijian/autodrive/StreetWorld/lead/3rd_party/navsim_workspace/dataset/maps does not exist!
60021a9f6c585c16,False,2,/mnt/chenpeijian/autodrive/StreetWorld/lead/3rd_party/navsim_workspace/dataset/maps does not exist!
602c93fe201356c2,False,2,/mnt/chenpeijian/autodrive/StreetWorld/lead/3rd_party/navsim_workspace/dataset/maps does not exist!
605ac5873f015baf,False,2,/mnt/chenpeijian/autodrive/StreetWorld/lead/3rd_party/navsim_workspace/dataset/maps does not exist!
607b63930d2855da,False,2,/mnt/chenpeijian/autodrive/StreetWorld/lead/3rd_party/navsim_workspace/dataset/maps does not exist!
609d74e2399c53ad,False,2,/mnt/chenpeijian/autodrive/StreetWorld/lead/3rd_party/navsim_workspace/dataset/maps does not exist!
60b3c9715d995c1d,False,2,/mnt/chenpeijian/autodrive/StreetWorld/lead/3rd_party/navsim_workspace/dataset/maps does not exist!
60f76df7b8a95157,False,2,/mnt/chenpeijian/autodrive/StreetWorld/lead/3rd_party/navsim_workspace/dataset/maps does not exist!
6104f0887cc25767,False,2,/mnt/chenpeijian/autodrive/StreetWorld/lead/3rd_party/navsim_workspace/dataset/maps does not exist!
61232ab3e2085282,False,2,/mnt/chenpeijian/autodrive/StreetWorld/lead/3rd_party/navsim_workspace/dataset/maps does not exist!
613c91adcbe55cd5,False,2,/mnt/chenpeijian/autodrive/StreetWorld/lead/3rd_party/navsim_workspace/dataset/maps does not exist!
615329a491785c3a,False,2,/mnt/chenpeijian/autodrive/StreetWorld/lead/3rd_party/navsim_workspace/dataset/maps does not exist!
616812339ccb533e,False,2,/mnt/chenpeijian/autodrive/StreetWorld/lead/3rd_party/navsim_workspace/dataset/maps does not exist!
6183ed1d16f05d11,False,2,/mnt/chenpeijian/autodrive/StreetWorld/lead/3rd_party/navsim_workspace/dataset/maps does not exist!
61a7d33a4c3b5977,False,2,/mnt/chenpeijian/autodrive/StreetWorld/lead/3rd_party/navsim_workspace/dataset/maps does not exist!
61c31afab34d5e94,False,2,/mnt/chenpeijian/autodrive/StreetWorld/lead/3rd_party/navsim_workspace/dataset/maps does not exist!
61e104b6c5d35dc6,False,2,/mnt/chenpeijian/autodrive/StreetWorld/lead/3rd_party/navsim_workspace/dataset/maps does not exist!
6215ad2b225e5b1a,False,2,/mnt/chenpeijian/autodrive/StreetWorld/lead/3rd_party/navsim_workspace/dataset/maps does not exist!
6239cdb801bc51c2,False,2,/mnt/chenpeijian/autodrive/StreetWorld/lead/3rd_party/navsim_workspace/dataset/maps does not exist!
6250b1bc5d735d1a,False,2,/mnt/chenpeijian/autodrive/StreetWorld/lead/3rd_party/navsim_workspace/dataset/maps does not exist!
626b5dc253965ecb,False,2,/mnt/chenpeijian/autodrive/StreetWorld/lead/3rd_party/navsim_workspace/dataset/maps does not exist!
629ad0d696ed5a25,False,2,/mnt/chenpeijian/autodrive/StreetWorld/lead/3rd_party/navsim_workspace/dataset/maps does not exist!
62de32eb450356e0,False,2,/mnt/chenpeijian/autodrive/StreetWorld/lead/3rd_party/navsim_workspace/dataset/maps does not exist!
63070010ae7159f2,False,2,/mnt/chenpeijian/autodrive/StreetWorld/lead/3rd_party/navsim_workspace/dataset/maps does not exist!
6347504b632c5be1,False,2,/mnt/chenpeijian/autodrive/StreetWorld/lead/3rd_party/navsim_workspace/dataset/maps does not exist!
635faea61539589a,False,2,/mnt/chenpeijian/autodrive/StreetWorld/lead/3rd_party/navsim_workspace/dataset/maps does not exist!
63873e2afca95e70,False,2,/mnt/chenpeijian/autodrive/StreetWorld/lead/3rd_party/navsim_workspace/dataset/maps does not exist!
639c2678cce95d68,False,2,/mnt/chenpeijian/autodrive/StreetWorld/lead/3rd_party/navsim_workspace/dataset/maps does not exist!
63c1254fe8ef5145,False,2,/mnt/chenpeijian/autodrive/StreetWorld/lead/3rd_party/navsim_workspace/dataset/maps does not exist!
63f6c401c24557e1,False,2,/mnt/chenpeijian/autodrive/StreetWorld/lead/3rd_party/navsim_workspace/dataset/maps does not exist!
642a177df62954ad,False,2,/mnt/chenpeijian/autodrive/StreetWorld/lead/3rd_party/navsim_workspace/dataset/maps does not exist!
6469176632cf52a0,False,2,/mnt/chenpeijian/autodrive/StreetWorld/lead/3rd_party/navsim_workspace/dataset/maps does not exist!
6486c6ab411c5baf,False,2,/mnt/chenpeijian/autodrive/StreetWorld/lead/3rd_party/navsim_workspace/dataset/maps does not exist!
649c1659d8975ae3,False,2,/mnt/chenpeijian/autodrive/StreetWorld/lead/3rd_party/navsim_workspace/dataset/maps does not exist!
64d046ec9cee51d4,False,2,/mnt/chenpeijian/autodrive/StreetWorld/lead/3rd_party/navsim_workspace/dataset/maps does not exist!
65107c981e1c568c,False,2,/mnt/chenpeijian/autodrive/StreetWorld/lead/3rd_party/navsim_workspace/dataset/maps does not exist!
653d8cea5acd5614,False,2,/mnt/chenpeijian/autodrive/StreetWorld/lead/3rd_party/navsim_workspace/dataset/maps does not exist!
655917ea5da455c8,False,2,/mnt/chenpeijian/autodrive/StreetWorld/lead/3rd_party/navsim_workspace/dataset/maps does not exist!
659d1e0ce6cd5c97,False,2,/mnt/chenpeijian/autodrive/StreetWorld/lead/3rd_party/navsim_workspace/dataset/maps does not exist!
65caa24efb4556af,False,2,/mnt/chenpeijian/autodrive/StreetWorld/lead/3rd_party/navsim_workspace/dataset/maps does not exist!
65fd7014a79b5cba,False,2,/mnt/chenpeijian/autodrive/StreetWorld/lead/3rd_party/navsim_workspace/dataset/maps does not exist!
661cdcf44ebe5c68,False,2,/mnt/chenpeijian/autodrive/StreetWorld/lead/3rd_party/navsim_workspace/dataset/maps does not exist!
662ddec48b93598e,False,2,/mnt/chenpeijian/autodrive/StreetWorld/lead/3rd_party/navsim_workspace/dataset/maps does not exist!
6659724ab0a8566c,False,2,/mnt/chenpeijian/autodrive/StreetWorld/lead/3rd_party/navsim_workspace/dataset/maps does not exist!
667fff5344295416,False,2,/mnt/chenpeijian/autodrive/StreetWorld/lead/3rd_party/navsim_workspace/dataset/maps does not exist!
66a897321eb45503,False,2,/mnt/chenpeijian/autodrive/StreetWorld/lead/3rd_party/navsim_workspace/dataset/maps does not exist!
66cd30f395c45537,False,2,/mnt/chenpeijian/autodrive/StreetWorld/lead/3rd_party/navsim_workspace/dataset/maps does not exist!
66f664c031765c74,False,2,/mnt/chenpeijian/autodrive/StreetWorld/lead/3rd_party/navsim_workspace/dataset/maps does not exist!
671dcd0d1c86592c,False,2,/mnt/chenpeijian/autodrive/StreetWorld/lead/3rd_party/navsim_workspace/dataset/maps does not exist!
6745b762c9df5f94,False,2,/mnt/chenpeijian/autodrive/StreetWorld/lead/3rd_party/navsim_workspace/dataset/maps does not exist!
6771ec6dba275364,False,2,/mnt/chenpeijian/autodrive/StreetWorld/lead/3rd_party/navsim_workspace/dataset/maps does not exist!
67a6bdeb096350ec,False,2,/mnt/chenpeijian/autodrive/StreetWorld/lead/3rd_party/navsim_workspace/dataset/maps does not exist!
67fee242b1a35834,False,2,/mnt/chenpeijian/autodrive/StreetWorld/lead/3rd_party/navsim_workspace/dataset/maps does not exist!
682660223761501d,False,2,/mnt/chenpeijian/autodrive/StreetWorld/lead/3rd_party/navsim_workspace/dataset/maps does not exist!
684ac2e9651d5e63,False,2,/mnt/chenpeijian/autodrive/StreetWorld/lead/3rd_party/navsim_workspace/dataset/maps does not exist!
68643a176fcb5c7c,False,2,/mnt/chenpeijian/autodrive/StreetWorld/lead/3rd_party/navsim_workspace/dataset/maps does not exist!
6891e8163e4d5e58,False,2,/mnt/chenpeijian/autodrive/StreetWorld/lead/3rd_party/navsim_workspace/dataset/maps does not exist!
68b64b027ed2512a,False,2,/mnt/chenpeijian/autodrive/StreetWorld/lead/3rd_party/navsim_workspace/dataset/maps does not exist!
68d1f5f305cf5aae,False,2,/mnt/chenpeijian/autodrive/StreetWorld/lead/3rd_party/navsim_workspace/dataset/maps does not exist!
6907f601feee5114,False,2,/mnt/chenpeijian/autodrive/StreetWorld/lead/3rd_party/navsim_workspace/dataset/maps does not exist!
6914bcabdeec5e0f,False,2,/mnt/chenpeijian/autodrive/StreetWorld/lead/3rd_party/navsim_workspace/dataset/maps does not exist!
69486575fad551b7,False,2,/mnt/chenpeijian/autodrive/StreetWorld/lead/3rd_party/navsim_workspace/dataset/maps does not exist!
69616d6f715256dc,False,2,/mnt/chenpeijian/autodrive/StreetWorld/lead/3rd_party/navsim_workspace/dataset/maps does not exist!
69966a921d43544d,False,2,/mnt/chenpeijian/autodrive/StreetWorld/lead/3rd_party/navsim_workspace/dataset/maps does not exist!
69baa41122b45e43,False,2,/mnt/chenpeijian/autodrive/StreetWorld/lead/3rd_party/navsim_workspace/dataset/maps does not exist!
69d2af69b1b75698,False,2,/mnt/chenpeijian/autodrive/StreetWorld/lead/3rd_party/navsim_workspace/dataset/maps does not exist!
69e8a01f073d5080,False,2,/mnt/chenpeijian/autodrive/StreetWorld/lead/3rd_party/navsim_workspace/dataset/maps does not exist!
6a0cdff04e6b596e,False,2,/mnt/chenpeijian/autodrive/StreetWorld/lead/3rd_party/navsim_workspace/dataset/maps does not exist!
6a5a73243cbe5f1d,False,2,/mnt/chenpeijian/autodrive/StreetWorld/lead/3rd_party/navsim_workspace/dataset/maps does not exist!
6a85f61bdde35d74,False,2,/mnt/chenpeijian/autodrive/StreetWorld/lead/3rd_party/navsim_workspace/dataset/maps does not exist!
6aa26df6c6d052cb,False,2,/mnt/chenpeijian/autodrive/StreetWorld/lead/3rd_party/navsim_workspace/dataset/maps does not exist!
6ae2bcc5c2c050e4,False,2,/mnt/chenpeijian/autodrive/StreetWorld/lead/3rd_party/navsim_workspace/dataset/maps does not exist!
6b2cda5004dc5df9,False,2,/mnt/chenpeijian/autodrive/StreetWorld/lead/3rd_party/navsim_workspace/dataset/maps does not exist!
6b7c5199f84e5aac,False,2,/mnt/chenpeijian/autodrive/StreetWorld/lead/3rd_party/navsim_workspace/dataset/maps does not exist!
6b977574e52a5f1b,False,2,/mnt/chenpeijian/autodrive/StreetWorld/lead/3rd_party/navsim_workspace/dataset/maps does not exist!
6bd234c45e885cb2,False,2,/mnt/chenpeijian/autodrive/StreetWorld/lead/3rd_party/navsim_workspace/dataset/maps does not exist!
6c08755130155f96,False,2,/mnt/chenpeijian/autodrive/StreetWorld/lead/3rd_party/navsim_workspace/dataset/maps does not exist!
6c6a6b002f715d03,False,2,/mnt/chenpeijian/autodrive/StreetWorld/lead/3rd_party/navsim_workspace/dataset/maps does not exist!
6c9959c7421b59a0,False,2,/mnt/chenpeijian/autodrive/StreetWorld/lead/3rd_party/navsim_workspace/dataset/maps does not exist!
6cd0498ce2d857f3,False,2,/mnt/chenpeijian/autodrive/StreetWorld/lead/3rd_party/navsim_workspace/dataset/maps does not exist!
6d26431aced45f83,False,2,/mnt/chenpeijian/autodrive/StreetWorld/lead/3rd_party/navsim_workspace/dataset/maps does not exist!
6d593ca981fd56b8,False,2,/mnt/chenpeijian/autodrive/StreetWorld/lead/3rd_party/navsim_workspace/dataset/maps does not exist!
6d7ca07eac51558e,False,2,/mnt/chenpeijian/autodrive/StreetWorld/lead/3rd_party/navsim_workspace/dataset/maps does not exist!
6d92cfa21e805f31,False,2,/mnt/chenpeijian/autodrive/StreetWorld/lead/3rd_party/navsim_workspace/dataset/maps does not exist!
6dca7faa6d145d77,False,2,/mnt/chenpeijian/autodrive/StreetWorld/lead/3rd_party/navsim_workspace/dataset/maps does not exist!
6de8e1962fc4559a,False,2,/mnt/chenpeijian/autodrive/StreetWorld/lead/3rd_party/navsim_workspace/dataset/maps does not exist!
6e344e75ca4e543e,False,2,/mnt/chenpeijian/autodrive/StreetWorld/lead/3rd_party/navsim_workspace/dataset/maps does not exist!
6e7339e7dc70532a,False,2,/mnt/chenpeijian/autodrive/StreetWorld/lead/3rd_party/navsim_workspace/dataset/maps does not exist!
6ea198f259b85e49,False,2,/mnt/chenpeijian/autodrive/StreetWorld/lead/3rd_party/navsim_workspace/dataset/maps does not exist!
6ec94adda61e5483,False,2,/mnt/chenpeijian/autodrive/StreetWorld/lead/3rd_party/navsim_workspace/dataset/maps does not exist!
6f045b164624549f,False,2,/mnt/chenpeijian/autodrive/StreetWorld/lead/3rd_party/navsim_workspace/dataset/maps does not exist!
6f2baa8c8c8e5942,False,2,/mnt/chenpeijian/autodrive/StreetWorld/lead/3rd_party/navsim_workspace/dataset/maps does not exist!
6f5b0bae72eb5307,False,2,/mnt/chenpeijian/autodrive/StreetWorld/lead/3rd_party/navsim_workspace/dataset/maps does not exist!
6f8043e8b0a95706,False,2,/mnt/chenpeijian/autodrive/StreetWorld/lead/3rd_party/navsim_workspace/dataset/maps does not exist!
6fb8d5597c8c5881,False,2,/mnt/chenpeijian/autodrive/StreetWorld/lead/3rd_party/navsim_workspace/dataset/maps does not exist!
6fed9368351f54d5,False,2,/mnt/chenpeijian/autodrive/StreetWorld/lead/3rd_party/navsim_workspace/dataset/maps does not exist!
701eca801b6f5ba9,False,2,/mnt/chenpeijian/autodrive/StreetWorld/lead/3rd_party/navsim_workspace/dataset/maps does not exist!
70322003ab525a2e,False,2,/mnt/chenpeijian/autodrive/StreetWorld/lead/3rd_party/navsim_workspace/dataset/maps does not exist!
70847cda9b3d5b07,False,2,/mnt/chenpeijian/autodrive/StreetWorld/lead/3rd_party/navsim_workspace/dataset/maps does not exist!
70bd598e1c305d92,False,2,/mnt/chenpeijian/autodrive/StreetWorld/lead/3rd_party/navsim_workspace/dataset/maps does not exist!
70da6b21101d555f,False,2,/mnt/chenpeijian/autodrive/StreetWorld/lead/3rd_party/navsim_workspace/dataset/maps does not exist!
71220ef085f459fc,False,2,/mnt/chenpeijian/autodrive/StreetWorld/lead/3rd_party/navsim_workspace/dataset/maps does not exist!
713c5a168c2452dc,False,2,/mnt/chenpeijian/autodrive/StreetWorld/lead/3rd_party/navsim_workspace/dataset/maps does not exist!
715d1ae75d215269,False,2,/mnt/chenpeijian/autodrive/StreetWorld/lead/3rd_party/navsim_workspace/dataset/maps does not exist!
719a6c965dd55d00,False,2,/mnt/chenpeijian/autodrive/StreetWorld/lead/3rd_party/navsim_workspace/dataset/maps does not exist!
71c47324c7eb5657,False,2,/mnt/chenpeijian/autodrive/StreetWorld/lead/3rd_party/navsim_workspace/dataset/maps does not exist!
722ad5b3698c52c6,False,2,/mnt/chenpeijian/autodrive/StreetWorld/lead/3rd_party/navsim_workspace/dataset/maps does not exist!
72781f1cbd405769,False,2,/mnt/chenpeijian/autodrive/StreetWorld/lead/3rd_party/navsim_workspace/dataset/maps does not exist!
72928620ac2a55a0,False,2,/mnt/chenpeijian/autodrive/StreetWorld/lead/3rd_party/navsim_workspace/dataset/maps does not exist!
72c898c5c6a45939,False,2,/mnt/chenpeijian/autodrive/StreetWorld/lead/3rd_party/navsim_workspace/dataset/maps does not exist!
72e48f99d8265b71,False,2,/mnt/chenpeijian/autodrive/StreetWorld/lead/3rd_party/navsim_workspace/dataset/maps does not exist!
7328fe7f857051ea,False,2,/mnt/chenpeijian/autodrive/StreetWorld/lead/3rd_party/navsim_workspace/dataset/maps does not exist!
736e79c663bf5310,False,2,/mnt/chenpeijian/autodrive/StreetWorld/lead/3rd_party/navsim_workspace/dataset/maps does not exist!
73aaa82bd3bb596c,False,2,/mnt/chenpeijian/autodrive/StreetWorld/lead/3rd_party/navsim_workspace/dataset/maps does not exist!
73e0459194ce577f,False,2,/mnt/chenpeijian/autodrive/StreetWorld/lead/3rd_party/navsim_workspace/dataset/maps does not exist!
741d60ca8b7b5cb4,False,2,/mnt/chenpeijian/autodrive/StreetWorld/lead/3rd_party/navsim_workspace/dataset/maps does not exist!
7461c860b4d25bf2,False,2,/mnt/chenpeijian/autodrive/StreetWorld/lead/3rd_party/navsim_workspace/dataset/maps does not exist!
7498dbe0e2b65539,False,2,/mnt/chenpeijian/autodrive/StreetWorld/lead/3rd_party/navsim_workspace/dataset/maps does not exist!
74c77891a7d45a15,False,2,/mnt/chenpeijian/autodrive/StreetWorld/lead/3rd_party/navsim_workspace/dataset/maps does not exist!
7505cca154d95d60,False,2,/mnt/chenpeijian/autodrive/StreetWorld/lead/3rd_party/navsim_workspace/dataset/maps does not exist!
752b0c820740589e,False,2,/mnt/chenpeijian/autodrive/StreetWorld/lead/3rd_party/navsim_workspace/dataset/maps does not exist!
75811dfc02ce59f7,False,2,/mnt/chenpeijian/autodrive/StreetWorld/lead/3rd_party/navsim_workspace/dataset/maps does not exist!
75a76122cf43569e,False,2,/mnt/chenpeijian/autodrive/StreetWorld/lead/3rd_party/navsim_workspace/dataset/maps does not exist!
75c40d79f7135ea0,False,2,/mnt/chenpeijian/autodrive/StreetWorld/lead/3rd_party/navsim_workspace/dataset/maps does not exist!
75f91ced021c543e,False,2,/mnt/chenpeijian/autodrive/StreetWorld/lead/3rd_party/navsim_workspace/dataset/maps does not exist!
761985c4330555f2,False,2,/mnt/chenpeijian/autodrive/StreetWorld/lead/3rd_party/navsim_workspace/dataset/maps does not exist!
7648e7b33ecf55d5,False,2,/mnt/chenpeijian/autodrive/StreetWorld/lead/3rd_party/navsim_workspace/dataset/maps does not exist!
768ae2e06b1e5d90,False,2,/mnt/chenpeijian/autodrive/StreetWorld/lead/3rd_party/navsim_workspace/dataset/maps does not exist!
76b1b05efba353fe,False,2,/mnt/chenpeijian/autodrive/StreetWorld/lead/3rd_party/navsim_workspace/dataset/maps does not exist!
76e0272a57f55674,False,2,/mnt/chenpeijian/autodrive/StreetWorld/lead/3rd_party/navsim_workspace/dataset/maps does not exist!
77160cf8a6b8581d,False,2,/mnt/chenpeijian/autodrive/StreetWorld/lead/3rd_party/navsim_workspace/dataset/maps does not exist!
773ae953dba953b4,False,2,/mnt/chenpeijian/autodrive/StreetWorld/lead/3rd_party/navsim_workspace/dataset/maps does not exist!
77519294678a5fed,False,2,/mnt/chenpeijian/autodrive/StreetWorld/lead/3rd_party/navsim_workspace/dataset/maps does not exist!
776069d80826529d,False,2,/mnt/chenpeijian/autodrive/StreetWorld/lead/3rd_party/navsim_workspace/dataset/maps does not exist!
778219f3cac65d35,False,2,/mnt/chenpeijian/autodrive/StreetWorld/lead/3rd_party/navsim_workspace/dataset/maps does not exist!
77bff1fe494e52dd,False,2,/mnt/chenpeijian/autodrive/StreetWorld/lead/3rd_party/navsim_workspace/dataset/maps does not exist!
77e9812a54d05caf,False,2,/mnt/chenpeijian/autodrive/StreetWorld/lead/3rd_party/navsim_workspace/dataset/maps does not exist!
77fa15ffcefb580e,False,2,/mnt/chenpeijian/autodrive/StreetWorld/lead/3rd_party/navsim_workspace/dataset/maps does not exist!
785a51e5263b5bec,False,2,/mnt/chenpeijian/autodrive/StreetWorld/lead/3rd_party/navsim_workspace/dataset/maps does not exist!
78a8c3b8447d5489,False,2,/mnt/chenpeijian/autodrive/StreetWorld/lead/3rd_party/navsim_workspace/dataset/maps does not exist!
78c26c7e63c3534c,False,2,/mnt/chenpeijian/autodrive/StreetWorld/lead/3rd_party/navsim_workspace/dataset/maps does not exist!
78f8d55c59105b7b,False,2,/mnt/chenpeijian/autodrive/StreetWorld/lead/3rd_party/navsim_workspace/dataset/maps does not exist!
794b439e9922527b,False,2,/mnt/chenpeijian/autodrive/StreetWorld/lead/3rd_party/navsim_workspace/dataset/maps does not exist!
795b989aef8a5b42,False,2,/mnt/chenpeijian/autodrive/StreetWorld/lead/3rd_party/navsim_workspace/dataset/maps does not exist!
798842f0b1c253b4,False,2,/mnt/chenpeijian/autodrive/StreetWorld/lead/3rd_party/navsim_workspace/dataset/maps does not exist!
79c024b87e175129,False,2,/mnt/chenpeijian/autodrive/StreetWorld/lead/3rd_party/navsim_workspace/dataset/maps does not exist!
79e5694685065280,False,2,/mnt/chenpeijian/autodrive/StreetWorld/lead/3rd_party/navsim_workspace/dataset/maps does not exist!
7a140c5865295d91,False,2,/mnt/chenpeijian/autodrive/StreetWorld/lead/3rd_party/navsim_workspace/dataset/maps does not exist!
7a5ad5a3fcd85c7a,False,2,/mnt/chenpeijian/autodrive/StreetWorld/lead/3rd_party/navsim_workspace/dataset/maps does not exist!
7aaa5ff3f0d255ef,False,2,/mnt/chenpeijian/autodrive/StreetWorld/lead/3rd_party/navsim_workspace/dataset/maps does not exist!
7b00e131a2885ecf,False,2,/mnt/chenpeijian/autodrive/StreetWorld/lead/3rd_party/navsim_workspace/dataset/maps does not exist!
7b3ba1d953a15802,False,2,/mnt/chenpeijian/autodrive/StreetWorld/lead/3rd_party/navsim_workspace/dataset/maps does not exist!
7b6749c7b2795906,False,2,/mnt/chenpeijian/autodrive/StreetWorld/lead/3rd_party/navsim_workspace/dataset/maps does not exist!
7ba76233a35553c2,False,2,/mnt/chenpeijian/autodrive/StreetWorld/lead/3rd_party/navsim_workspace/dataset/maps does not exist!
7bd486db42e35b18,False,2,/mnt/chenpeijian/autodrive/StreetWorld/lead/3rd_party/navsim_workspace/dataset/maps does not exist!
7bf4d5a2cad05f50,False,2,/mnt/chenpeijian/autodrive/StreetWorld/lead/3rd_party/navsim_workspace/dataset/maps does not exist!
7c75567759e15900,False,2,/mnt/chenpeijian/autodrive/StreetWorld/lead/3rd_party/navsim_workspace/dataset/maps does not exist!
7ca54b5a28ae5667,False,2,/mnt/chenpeijian/autodrive/StreetWorld/lead/3rd_party/navsim_workspace/dataset/maps does not exist!
7cdcf11e211759cf,False,2,/mnt/chenpeijian/autodrive/StreetWorld/lead/3rd_party/navsim_workspace/dataset/maps does not exist!
7d1fdeb7e341522d,False,2,/mnt/chenpeijian/autodrive/StreetWorld/lead/3rd_party/navsim_workspace/dataset/maps does not exist!
7d423cc4c7b9541a,False,2,/mnt/chenpeijian/autodrive/StreetWorld/lead/3rd_party/navsim_workspace/dataset/maps does not exist!
7d635921b94555f6,False,2,/mnt/chenpeijian/autodrive/StreetWorld/lead/3rd_party/navsim_workspace/dataset/maps does not exist!
7d71a7025fde56f3,False,2,/mnt/chenpeijian/autodrive/StreetWorld/lead/3rd_party/navsim_workspace/dataset/maps does not exist!
7da863f64a5f5e90,False,2,/mnt/chenpeijian/autodrive/StreetWorld/lead/3rd_party/navsim_workspace/dataset/maps does not exist!
7dd7ec944ff15821,False,2,/mnt/chenpeijian/autodrive/StreetWorld/lead/3rd_party/navsim_workspace/dataset/maps does not exist!
7e134ea5ffa259f2,False,2,/mnt/chenpeijian/autodrive/StreetWorld/lead/3rd_party/navsim_workspace/dataset/maps does not exist!
7e35bd1fea5b50da,False,2,/mnt/chenpeijian/autodrive/StreetWorld/lead/3rd_party/navsim_workspace/dataset/maps does not exist!
7e862e783690532d,False,2,/mnt/chenpeijian/autodrive/StreetWorld/lead/3rd_party/navsim_workspace/dataset/maps does not exist!
7ea67f197fe25ba7,False,2,/mnt/chenpeijian/autodrive/StreetWorld/lead/3rd_party/navsim_workspace/dataset/maps does not exist!
7ed454741a7f54d5,False,2,/mnt/chenpeijian/autodrive/StreetWorld/lead/3rd_party/navsim_workspace/dataset/maps does not exist!
7f002eadb0845994,False,2,/mnt/chenpeijian/autodrive/StreetWorld/lead/3rd_party/navsim_workspace/dataset/maps does not exist!
7f19b2fd14435b73,False,2,/mnt/chenpeijian/autodrive/StreetWorld/lead/3rd_party/navsim_workspace/dataset/maps does not exist!
7f5f77992cd859ef,False,2,/mnt/chenpeijian/autodrive/StreetWorld/lead/3rd_party/navsim_workspace/dataset/maps does not exist!
7fa812aae88d5752,False,2,/mnt/chenpeijian/autodrive/StreetWorld/lead/3rd_party/navsim_workspace/dataset/maps does not exist!
7fbe5b01c5a9525c,False,2,/mnt/chenpeijian/autodrive/StreetWorld/lead/3rd_party/navsim_workspace/dataset/maps does not exist!
7fcf6a30139b5d3e,False,2,/mnt/chenpeijian/autodrive/StreetWorld/lead/3rd_party/navsim_workspace/dataset/maps does not exist!
7ffe3cd6cd995118,False,2,/mnt/chenpeijian/autodrive/StreetWorld/lead/3rd_party/navsim_workspace/dataset/maps does not exist!
805158120d1c552e,False,2,/mnt/chenpeijian/autodrive/StreetWorld/lead/3rd_party/navsim_workspace/dataset/maps does not exist!
80767d5d26ef52bf,False,2,/mnt/chenpeijian/autodrive/StreetWorld/lead/3rd_party/navsim_workspace/dataset/maps does not exist!
80ad06a7a2975213,False,2,/mnt/chenpeijian/autodrive/StreetWorld/lead/3rd_party/navsim_workspace/dataset/maps does not exist!
80ea2a91b1845071,False,2,/mnt/chenpeijian/autodrive/StreetWorld/lead/3rd_party/navsim_workspace/dataset/maps does not exist!
81161847b27b5bad,False,2,/mnt/chenpeijian/autodrive/StreetWorld/lead/3rd_party/navsim_workspace/dataset/maps does not exist!
81410acd84c0516a,False,2,/mnt/chenpeijian/autodrive/StreetWorld/lead/3rd_party/navsim_workspace/dataset/maps does not exist!
815565a62f775c7c,False,2,/mnt/chenpeijian/autodrive/StreetWorld/lead/3rd_party/navsim_workspace/dataset/maps does not exist!
81a0a6181d335250,False,2,/mnt/chenpeijian/autodrive/StreetWorld/lead/3rd_party/navsim_workspace/dataset/maps does not exist!
81c5dc6459f75000,False,2,/mnt/chenpeijian/autodrive/StreetWorld/lead/3rd_party/navsim_workspace/dataset/maps does not exist!
81f49ac925aa5781,False,2,/mnt/chenpeijian/autodrive/StreetWorld/lead/3rd_party/navsim_workspace/dataset/maps does not exist!
8224a14715c2577b,False,2,/mnt/chenpeijian/autodrive/StreetWorld/lead/3rd_party/navsim_workspace/dataset/maps does not exist!
82521f61cf965167,False,2,/mnt/chenpeijian/autodrive/StreetWorld/lead/3rd_party/navsim_workspace/dataset/maps does not exist!
828cf870f41a50ed,False,2,/mnt/chenpeijian/autodrive/StreetWorld/lead/3rd_party/navsim_workspace/dataset/maps does not exist!
82b52ede639d544d,False,2,/mnt/chenpeijian/autodrive/StreetWorld/lead/3rd_party/navsim_workspace/dataset/maps does not exist!
82e1485de4fa5b71,False,2,/mnt/chenpeijian/autodrive/StreetWorld/lead/3rd_party/navsim_workspace/dataset/maps does not exist!
8322121dbb82511f,False,2,/mnt/chenpeijian/autodrive/StreetWorld/lead/3rd_party/navsim_workspace/dataset/maps does not exist!
834a23e3dd25542c,False,2,/mnt/chenpeijian/autodrive/StreetWorld/lead/3rd_party/navsim_workspace/dataset/maps does not exist!
8371ac42ba585d35,False,2,/mnt/chenpeijian/autodrive/StreetWorld/lead/3rd_party/navsim_workspace/dataset/maps does not exist!
8396adcdedb55337,False,2,/mnt/chenpeijian/autodrive/StreetWorld/lead/3rd_party/navsim_workspace/dataset/maps does not exist!
83c72c93de355a6b,False,2,/mnt/chenpeijian/autodrive/StreetWorld/lead/3rd_party/navsim_workspace/dataset/maps does not exist!
83e42a2487695ac5,False,2,/mnt/chenpeijian/autodrive/StreetWorld/lead/3rd_party/navsim_workspace/dataset/maps does not exist!
840de743ab1c50cc,False,2,/mnt/chenpeijian/autodrive/StreetWorld/lead/3rd_party/navsim_workspace/dataset/maps does not exist!
84358d0871db53dc,False,2,/mnt/chenpeijian/autodrive/StreetWorld/lead/3rd_party/navsim_workspace/dataset/maps does not exist!
845cd9cda6335f6b,False,2,/mnt/chenpeijian/autodrive/StreetWorld/lead/3rd_party/navsim_workspace/dataset/maps does not exist!
84a6ca68a66e536a,False,2,/mnt/chenpeijian/autodrive/StreetWorld/lead/3rd_party/navsim_workspace/dataset/maps does not exist!
84d10a502c1b5a74,False,2,/mnt/chenpeijian/autodrive/StreetWorld/lead/3rd_party/navsim_workspace/dataset/maps does not exist!
850fd96a46b25445,False,2,/mnt/chenpeijian/autodrive/StreetWorld/lead/3rd_party/navsim_workspace/dataset/maps does not exist!
854521fe3b945040,False,2,/mnt/chenpeijian/autodrive/StreetWorld/lead/3rd_party/navsim_workspace/dataset/maps does not exist!
8580d0bf545b5261,False,2,/mnt/chenpeijian/autodrive/StreetWorld/lead/3rd_party/navsim_workspace/dataset/maps does not exist!
85aaf087e6fe54ee,False,2,/mnt/chenpeijian/autodrive/StreetWorld/lead/3rd_party/navsim_workspace/dataset/maps does not exist!
85dba97943515cbd,False,2,/mnt/chenpeijian/autodrive/StreetWorld/lead/3rd_party/navsim_workspace/dataset/maps does not exist!
861805c4ff585f84,False,2,/mnt/chenpeijian/autodrive/StreetWorld/lead/3rd_party/navsim_workspace/dataset/maps does not exist!
863e343b2fe45cc1,False,2,/mnt/chenpeijian/autodrive/StreetWorld/lead/3rd_party/navsim_workspace/dataset/maps does not exist!
865dfd5f72fa599b,False,2,/mnt/chenpeijian/autodrive/StreetWorld/lead/3rd_party/navsim_workspace/dataset/maps does not exist!
8676d43a96795310,False,2,/mnt/chenpeijian/autodrive/StreetWorld/lead/3rd_party/navsim_workspace/dataset/maps does not exist!
86b0e721370e5f56,False,2,/mnt/chenpeijian/autodrive/StreetWorld/lead/3rd_party/navsim_workspace/dataset/maps does not exist!
86db4cfb30b55a5e,False,2,/mnt/chenpeijian/autodrive/StreetWorld/lead/3rd_party/navsim_workspace/dataset/maps does not exist!
86fbb46276605d14,False,2,/mnt/chenpeijian/autodrive/StreetWorld/lead/3rd_party/navsim_workspace/dataset/maps does not exist!
8712b89ee20152e4,False,2,/mnt/chenpeijian/autodrive/StreetWorld/lead/3rd_party/navsim_workspace/dataset/maps does not exist!
875f14a6967d5192,False,2,/mnt/chenpeijian/autodrive/StreetWorld/lead/3rd_party/navsim_workspace/dataset/maps does not exist!
878f3ddae1b7550f,False,2,/mnt/chenpeijian/autodrive/StreetWorld/lead/3rd_party/navsim_workspace/dataset/maps does not exist!
879d4e4e0d2b5386,False,2,/mnt/chenpeijian/autodrive/StreetWorld/lead/3rd_party/navsim_workspace/dataset/maps does not exist!
87ab048362385059,False,2,/mnt/chenpeijian/autodrive/StreetWorld/lead/3rd_party/navsim_workspace/dataset/maps does not exist!
87d1648c9e27512b,False,2,/mnt/chenpeijian/autodrive/StreetWorld/lead/3rd_party/navsim_workspace/dataset/maps does not exist!
87ecb477e85b5a58,False,2,/mnt/chenpeijian/autodrive/StreetWorld/lead/3rd_party/navsim_workspace/dataset/maps does not exist!
88454b0190ff551f,False,2,/mnt/chenpeijian/autodrive/StreetWorld/lead/3rd_party/navsim_workspace/dataset/maps does not exist!
8867ae193b7a5ba8,False,2,/mnt/chenpeijian/autodrive/StreetWorld/lead/3rd_party/navsim_workspace/dataset/maps does not exist!
888d1fb945ed5982,False,2,/mnt/chenpeijian/autodrive/StreetWorld/lead/3rd_party/navsim_workspace/dataset/maps does not exist!
88d08f76270d5e37,False,2,/mnt/chenpeijian/autodrive/StreetWorld/lead/3rd_party/navsim_workspace/dataset/maps does not exist!
891fe2fc30c95109,False,2,/mnt/chenpeijian/autodrive/StreetWorld/lead/3rd_party/navsim_workspace/dataset/maps does not exist!
896f25f6f25e52e0,False,2,/mnt/chenpeijian/autodrive/StreetWorld/lead/3rd_party/navsim_workspace/dataset/maps does not exist!
89ca9afebf9b5229,False,2,/mnt/chenpeijian/autodrive/StreetWorld/lead/3rd_party/navsim_workspace/dataset/maps does not exist!
8a1eb240e9355b45,False,2,/mnt/chenpeijian/autodrive/StreetWorld/lead/3rd_party/navsim_workspace/dataset/maps does not exist!
8a4a0c6823cd5e33,False,2,/mnt/chenpeijian/autodrive/StreetWorld/lead/3rd_party/navsim_workspace/dataset/maps does not exist!
8a8732cf61dd5452,False,2,/mnt/chenpeijian/autodrive/StreetWorld/lead/3rd_party/navsim_workspace/dataset/maps does not exist!
8aa8e3e16c035d5e,False,2,/mnt/chenpeijian/autodrive/StreetWorld/lead/3rd_party/navsim_workspace/dataset/maps does not exist!
8af8486e96a45fa4,False,2,/mnt/chenpeijian/autodrive/StreetWorld/lead/3rd_party/navsim_workspace/dataset/maps does not exist!
8b1d45137881582a,False,2,/mnt/chenpeijian/autodrive/StreetWorld/lead/3rd_party/navsim_workspace/dataset/maps does not exist!
8b369f66349d550a,False,2,/mnt/chenpeijian/autodrive/StreetWorld/lead/3rd_party/navsim_workspace/dataset/maps does not exist!
8b6aa9462f5157b3,False,2,/mnt/chenpeijian/autodrive/StreetWorld/lead/3rd_party/navsim_workspace/dataset/maps does not exist!
8b8b41a9d00e5e32,False,2,/mnt/chenpeijian/autodrive/StreetWorld/lead/3rd_party/navsim_workspace/dataset/maps does not exist!
8bb7091fe0d959fc,False,2,/mnt/chenpeijian/autodrive/StreetWorld/lead/3rd_party/navsim_workspace/dataset/maps does not exist!
8be5c83488ff5980,False,2,/mnt/chenpeijian/autodrive/StreetWorld/lead/3rd_party/navsim_workspace/dataset/maps does not exist!
8c2e3aa977d95da5,False,2,/mnt/chenpeijian/autodrive/StreetWorld/lead/3rd_party/navsim_workspace/dataset/maps does not exist!
8c67448dd4da50a3,False,2,/mnt/chenpeijian/autodrive/StreetWorld/lead/3rd_party/navsim_workspace/dataset/maps does not exist!
8c867708395f5374,False,2,/mnt/chenpeijian/autodrive/StreetWorld/lead/3rd_party/navsim_workspace/dataset/maps does not exist!
8ca47b84db7053a8,False,2,/mnt/chenpeijian/autodrive/StreetWorld/lead/3rd_party/navsim_workspace/dataset/maps does not exist!
8cc8fe63227d5c07,False,2,/mnt/chenpeijian/autodrive/StreetWorld/lead/3rd_party/navsim_workspace/dataset/maps does not exist!
8d04552a13985dc6,False,2,/mnt/chenpeijian/autodrive/StreetWorld/lead/3rd_party/navsim_workspace/dataset/maps does not exist!
8d1d97f4b7d05914,False,2,/mnt/chenpeijian/autodrive/StreetWorld/lead/3rd_party/navsim_workspace/dataset/maps does not exist!
8d4dc358499159c9,False,2,/mnt/chenpeijian/autodrive/StreetWorld/lead/3rd_party/navsim_workspace/dataset/maps does not exist!
8d7c5f26b9775cce,False,2,/mnt/chenpeijian/autodrive/StreetWorld/lead/3rd_party/navsim_workspace/dataset/maps does not exist!
8dae886e0ed1501c,False,2,/mnt/chenpeijian/autodrive/StreetWorld/lead/3rd_party/navsim_workspace/dataset/maps does not exist!
8ddef59113ee5c86,False,2,/mnt/chenpeijian/autodrive/StreetWorld/lead/3rd_party/navsim_workspace/dataset/maps does not exist!
8dfef734a010531e,False,2,/mnt/chenpeijian/autodrive/StreetWorld/lead/3rd_party/navsim_workspace/dataset/maps does not exist!
8e33b543120b53d5,False,2,/mnt/chenpeijian/autodrive/StreetWorld/lead/3rd_party/navsim_workspace/dataset/maps does not exist!
8e7cc5d34d415b43,False,2,/mnt/chenpeijian/autodrive/StreetWorld/lead/3rd_party/navsim_workspace/dataset/maps does not exist!
8e9f743d92c05d10,False,2,/mnt/chenpeijian/autodrive/StreetWorld/lead/3rd_party/navsim_workspace/dataset/maps does not exist!
8eeeb7c3d5b158d8,False,2,/mnt/chenpeijian/autodrive/StreetWorld/lead/3rd_party/navsim_workspace/dataset/maps does not exist!
8f5b6181d28e5d4a,False,2,/mnt/chenpeijian/autodrive/StreetWorld/lead/3rd_party/navsim_workspace/dataset/maps does not exist!
8f82805b2edb5a25,False,2,/mnt/chenpeijian/autodrive/StreetWorld/lead/3rd_party/navsim_workspace/dataset/maps does not exist!
8fc0b7212263588f,False,2,/mnt/chenpeijian/autodrive/StreetWorld/lead/3rd_party/navsim_workspace/dataset/maps does not exist!
8feb2ae5cc2451c3,False,2,/mnt/chenpeijian/autodrive/StreetWorld/lead/3rd_party/navsim_workspace/dataset/maps does not exist!
9016f4b84afb5913,False,2,/mnt/chenpeijian/autodrive/StreetWorld/lead/3rd_party/navsim_workspace/dataset/maps does not exist!
90482225be14588c,False,2,/mnt/chenpeijian/autodrive/StreetWorld/lead/3rd_party/navsim_workspace/dataset/maps does not exist!
9089d6dfa77e5488,False,2,/mnt/chenpeijian/autodrive/StreetWorld/lead/3rd_party/navsim_workspace/dataset/maps does not exist!
90caeda16d835f42,False,2,/mnt/chenpeijian/autodrive/StreetWorld/lead/3rd_party/navsim_workspace/dataset/maps does not exist!
9106979ff1c15ad3,False,2,/mnt/chenpeijian/autodrive/StreetWorld/lead/3rd_party/navsim_workspace/dataset/maps does not exist!
914113b241ca5e51,False,2,/mnt/chenpeijian/autodrive/StreetWorld/lead/3rd_party/navsim_workspace/dataset/maps does not exist!
9164913b818a58b1,False,2,/mnt/chenpeijian/autodrive/StreetWorld/lead/3rd_party/navsim_workspace/dataset/maps does not exist!
919fcdbcf46f58d1,False,2,/mnt/chenpeijian/autodrive/StreetWorld/lead/3rd_party/navsim_workspace/dataset/maps does not exist!
91d37a0aabe95056,False,2,/mnt/chenpeijian/autodrive/StreetWorld/lead/3rd_party/navsim_workspace/dataset/maps does not exist!
92106b8512315c03,False,2,/mnt/chenpeijian/autodrive/StreetWorld/lead/3rd_party/navsim_workspace/dataset/maps does not exist!
92427e4a55475ba6,False,2,/mnt/chenpeijian/autodrive/StreetWorld/lead/3rd_party/navsim_workspace/dataset/maps does not exist!
927222aceeaa52bb,False,2,/mnt/chenpeijian/autodrive/StreetWorld/lead/3rd_party/navsim_workspace/dataset/maps does not exist!
92bbb17b853a5aa2,False,2,/mnt/chenpeijian/autodrive/StreetWorld/lead/3rd_party/navsim_workspace/dataset/maps does not exist!
92e3a80a8f775ce2,False,2,/mnt/chenpeijian/autodrive/StreetWorld/lead/3rd_party/navsim_workspace/dataset/maps does not exist!
93080b4cb0435e4a,False,2,/mnt/chenpeijian/autodrive/StreetWorld/lead/3rd_party/navsim_workspace/dataset/maps does not exist!
9324eafb3ef25fdb,False,2,/mnt/chenpeijian/autodrive/StreetWorld/lead/3rd_party/navsim_workspace/dataset/maps does not exist!
93494257467c5e97,False,2,/mnt/chenpeijian/autodrive/StreetWorld/lead/3rd_party/navsim_workspace/dataset/maps does not exist!
936c2cf5b8345663,False,2,/mnt/chenpeijian/autodrive/StreetWorld/lead/3rd_party/navsim_workspace/dataset/maps does not exist!
93a208914ea85781,False,2,/mnt/chenpeijian/autodrive/StreetWorld/lead/3rd_party/navsim_workspace/dataset/maps does not exist!
93c2bfeb7c885a2e,False,2,/mnt/chenpeijian/autodrive/StreetWorld/lead/3rd_party/navsim_workspace/dataset/maps does not exist!
93e2f4fc13a35269,False,2,/mnt/chenpeijian/autodrive/StreetWorld/lead/3rd_party/navsim_workspace/dataset/maps does not exist!
9411f5b779cb5d09,False,2,/mnt/chenpeijian/autodrive/StreetWorld/lead/3rd_party/navsim_workspace/dataset/maps does not exist!
945dafbf488554b7,False,2,/mnt/chenpeijian/autodrive/StreetWorld/lead/3rd_party/navsim_workspace/dataset/maps does not exist!
94693a54967757f6,False,2,/mnt/chenpeijian/autodrive/StreetWorld/lead/3rd_party/navsim_workspace/dataset/maps does not exist!
9482aa33e08f50e6,False,2,/mnt/chenpeijian/autodrive/StreetWorld/lead/3rd_party/navsim_workspace/dataset/maps does not exist!
94a3b8d43f515d6e,False,2,/mnt/chenpeijian/autodrive/StreetWorld/lead/3rd_party/navsim_workspace/dataset/maps does not exist!
94d209006f485164,False,2,/mnt/chenpeijian/autodrive/StreetWorld/lead/3rd_party/navsim_workspace/dataset/maps does not exist!
95005e9d60b05d1d,False,2,/mnt/chenpeijian/autodrive/StreetWorld/lead/3rd_party/navsim_workspace/dataset/maps does not exist!
95472243c6245fec,False,2,/mnt/chenpeijian/autodrive/StreetWorld/lead/3rd_party/navsim_workspace/dataset/maps does not exist!
956e3aa8415b5712,False,2,/mnt/chenpeijian/autodrive/StreetWorld/lead/3rd_party/navsim_workspace/dataset/maps does not exist!
95ba88fe9c385123,False,2,/mnt/chenpeijian/autodrive/StreetWorld/lead/3rd_party/navsim_workspace/dataset/maps does not exist!
95e6e7c4cfe15b91,False,2,/mnt/chenpeijian/autodrive/StreetWorld/lead/3rd_party/navsim_workspace/dataset/maps does not exist!
961d67f58f40502f,False,2,/mnt/chenpeijian/autodrive/StreetWorld/lead/3rd_party/navsim_workspace/dataset/maps does not exist!
9644977ff3b15622,False,2,/mnt/chenpeijian/autodrive/StreetWorld/lead/3rd_party/navsim_workspace/dataset/maps does not exist!
967a6f50c73c5eb7,False,2,/mnt/chenpeijian/autodrive/StreetWorld/lead/3rd_party/navsim_workspace/dataset/maps does not exist!
96a228d4d055523a,False,2,/mnt/chenpeijian/autodrive/StreetWorld/lead/3rd_party/navsim_workspace/dataset/maps does not exist!
96c4cb076c9954e6,False,2,/mnt/chenpeijian/autodrive/StreetWorld/lead/3rd_party/navsim_workspace/dataset/maps does not exist!
96fd45b48c8b5e18,False,2,/mnt/chenpeijian/autodrive/StreetWorld/lead/3rd_party/navsim_workspace/dataset/maps does not exist!
973043f273bc5940,False,2,/mnt/chenpeijian/autodrive/StreetWorld/lead/3rd_party/navsim_workspace/dataset/maps does not exist!
975c802f6f175888,False,2,/mnt/chenpeijian/autodrive/StreetWorld/lead/3rd_party/navsim_workspace/dataset/maps does not exist!
97b1ea53fad65625,False,2,/mnt/chenpeijian/autodrive/StreetWorld/lead/3rd_party/navsim_workspace/dataset/maps does not exist!
97e2daddecd557a4,False,2,/mnt/chenpeijian/autodrive/StreetWorld/lead/3rd_party/navsim_workspace/dataset/maps does not exist!
980f649f5cef5434,False,2,/mnt/chenpeijian/autodrive/StreetWorld/lead/3rd_party/navsim_workspace/dataset/maps does not exist!
983d04f21f6953f6,False,2,/mnt/chenpeijian/autodrive/StreetWorld/lead/3rd_party/navsim_workspace/dataset/maps does not exist!
9861c0473b505895,False,2,/mnt/chenpeijian/autodrive/StreetWorld/lead/3rd_party/navsim_workspace/dataset/maps does not exist!
98867b3fc7a95c24,False,2,/mnt/chenpeijian/autodrive/StreetWorld/lead/3rd_party/navsim_workspace/dataset/maps does not exist!
98b148d419725caa,False,2,/mnt/chenpeijian/autodrive/StreetWorld/lead/3rd_party/navsim_workspace/dataset/maps does not exist!
99127f15fd9b5847,False,2,/mnt/chenpeijian/autodrive/StreetWorld/lead/3rd_party/navsim_workspace/dataset/maps does not exist!
9949b537feb55564,False,2,/mnt/chenpeijian/autodrive/StreetWorld/lead/3rd_party/navsim_workspace/dataset/maps does not exist!
99889a4679b15509,False,2,/mnt/chenpeijian/autodrive/StreetWorld/lead/3rd_party/navsim_workspace/dataset/maps does not exist!
99e3b8d3211f53d7,False,2,/mnt/chenpeijian/autodrive/StreetWorld/lead/3rd_party/navsim_workspace/dataset/maps does not exist!
9a1b2cdfbe7d56c0,False,2,/mnt/chenpeijian/autodrive/StreetWorld/lead/3rd_party/navsim_workspace/dataset/maps does not exist!
9a38ba16ae8d57be,False,2,/mnt/chenpeijian/autodrive/StreetWorld/lead/3rd_party/navsim_workspace/dataset/maps does not exist!
9a675656c3c85f4c,False,2,/mnt/chenpeijian/autodrive/StreetWorld/lead/3rd_party/navsim_workspace/dataset/maps does not exist!
9aadb4c8a77d5849,False,2,/mnt/chenpeijian/autodrive/StreetWorld/lead/3rd_party/navsim_workspace/dataset/maps does not exist!
9af711dfa6eb5952,False,2,/mnt/chenpeijian/autodrive/StreetWorld/lead/3rd_party/navsim_workspace/dataset/maps does not exist!
9b2878b173fc5b04,False,2,/mnt/chenpeijian/autodrive/StreetWorld/lead/3rd_party/navsim_workspace/dataset/maps does not exist!
9b79840e85be5c10,False,2,/mnt/chenpeijian/autodrive/StreetWorld/lead/3rd_party/navsim_workspace/dataset/maps does not exist!
9ba21cb552c35238,False,2,/mnt/chenpeijian/autodrive/StreetWorld/lead/3rd_party/navsim_workspace/dataset/maps does not exist!
9bb5a81e7fad549a,False,2,/mnt/chenpeijian/autodrive/StreetWorld/lead/3rd_party/navsim_workspace/dataset/maps does not exist!
9bdf0d338d625e2a,False,2,/mnt/chenpeijian/autodrive/StreetWorld/lead/3rd_party/navsim_workspace/dataset/maps does not exist!
9c13995a8a285f90,False,2,/mnt/chenpeijian/autodrive/StreetWorld/lead/3rd_party/navsim_workspace/dataset/maps does not exist!
9c3e55179e8b57b9,False,2,/mnt/chenpeijian/autodrive/StreetWorld/lead/3rd_party/navsim_workspace/dataset/maps does not exist!
9c63c33c198e5aa9,False,2,/mnt/chenpeijian/autodrive/StreetWorld/lead/3rd_party/navsim_workspace/dataset/maps does not exist!
9ca9d2ce60a35d66,False,2,/mnt/chenpeijian/autodrive/StreetWorld/lead/3rd_party/navsim_workspace/dataset/maps does not exist!
9cf612ff6e4f5bd5,False,2,/mnt/chenpeijian/autodrive/StreetWorld/lead/3rd_party/navsim_workspace/dataset/maps does not exist!
9d4e4e721d77503e,False,2,/mnt/chenpeijian/autodrive/StreetWorld/lead/3rd_party/navsim_workspace/dataset/maps does not exist!
9d7ec713a2fb5e44,False,2,/mnt/chenpeijian/autodrive/StreetWorld/lead/3rd_party/navsim_workspace/dataset/maps does not exist!
9db7131f4c8d57dd,False,2,/mnt/chenpeijian/autodrive/StreetWorld/lead/3rd_party/navsim_workspace/dataset/maps does not exist!
9de91fbb8b275885,False,2,/mnt/chenpeijian/autodrive/StreetWorld/lead/3rd_party/navsim_workspace/dataset/maps does not exist!
9e1761b29988514c,False,2,/mnt/chenpeijian/autodrive/StreetWorld/lead/3rd_party/navsim_workspace/dataset/maps does not exist!
9e3c4f7d62315b95,False,2,/mnt/chenpeijian/autodrive/StreetWorld/lead/3rd_party/navsim_workspace/dataset/maps does not exist!
9e77d9cf35e05d55,False,2,/mnt/chenpeijian/autodrive/StreetWorld/lead/3rd_party/navsim_workspace/dataset/maps does not exist!
9e9da0b49c475ca1,False,2,/mnt/chenpeijian/autodrive/StreetWorld/lead/3rd_party/navsim_workspace/dataset/maps does not exist!
9ecb516bac035ce4,False,2,/mnt/chenpeijian/autodrive/StreetWorld/lead/3rd_party/navsim_workspace/dataset/maps does not exist!
9f03709a3c1e5725,False,2,/mnt/chenpeijian/autodrive/StreetWorld/lead/3rd_party/navsim_workspace/dataset/maps does not exist!
9f461cae559d5e15,False,2,/mnt/chenpeijian/autodrive/StreetWorld/lead/3rd_party/navsim_workspace/dataset/maps does not exist!
9f8f670a268550e5,False,2,/mnt/chenpeijian/autodrive/StreetWorld/lead/3rd_party/navsim_workspace/dataset/maps does not exist!
9fc5098e21355c6e,False,2,/mnt/chenpeijian/autodrive/StreetWorld/lead/3rd_party/navsim_workspace/dataset/maps does not exist!
a009893e14c75fd0,False,2,/mnt/chenpeijian/autodrive/StreetWorld/lead/3rd_party/navsim_workspace/dataset/maps does not exist!
a04f86a92daf50ba,False,2,/mnt/chenpeijian/autodrive/StreetWorld/lead/3rd_party/navsim_workspace/dataset/maps does not exist!
a0707360c69459d4,False,2,/mnt/chenpeijian/autodrive/StreetWorld/lead/3rd_party/navsim_workspace/dataset/maps does not exist!
a08ed58ddc6d53b3,False,2,/mnt/chenpeijian/autodrive/StreetWorld/lead/3rd_party/navsim_workspace/dataset/maps does not exist!
a0c45624aa5251db,False,2,/mnt/chenpeijian/autodrive/StreetWorld/lead/3rd_party/navsim_workspace/dataset/maps does not exist!
a0ff0b74063659a2,False,2,/mnt/chenpeijian/autodrive/StreetWorld/lead/3rd_party/navsim_workspace/dataset/maps does not exist!
a151ed0de3f35bf5,False,2,/mnt/chenpeijian/autodrive/StreetWorld/lead/3rd_party/navsim_workspace/dataset/maps does not exist!
a197927702b850f4,False,2,/mnt/chenpeijian/autodrive/StreetWorld/lead/3rd_party/navsim_workspace/dataset/maps does not exist!
a1d40a879acc5165,False,2,/mnt/chenpeijian/autodrive/StreetWorld/lead/3rd_party/navsim_workspace/dataset/maps does not exist!
a208267045685266,False,2,/mnt/chenpeijian/autodrive/StreetWorld/lead/3rd_party/navsim_workspace/dataset/maps does not exist!
a2336870ff485514,False,2,/mnt/chenpeijian/autodrive/StreetWorld/lead/3rd_party/navsim_workspace/dataset/maps does not exist!
a2701552b0f95f7b,False,2,/mnt/chenpeijian/autodrive/StreetWorld/lead/3rd_party/navsim_workspace/dataset/maps does not exist!
a2b7733806b355ac,False,2,/mnt/chenpeijian/autodrive/StreetWorld/lead/3rd_party/navsim_workspace/dataset/maps does not exist!
a2e0d4dc100159a5,False,2,/mnt/chenpeijian/autodrive/StreetWorld/lead/3rd_party/navsim_workspace/dataset/maps does not exist!
a31e932f22d35521,False,2,/mnt/chenpeijian/autodrive/StreetWorld/lead/3rd_party/navsim_workspace/dataset/maps does not exist!
a37ac5585e74546d,False,2,/mnt/chenpeijian/autodrive/StreetWorld/lead/3rd_party/navsim_workspace/dataset/maps does not exist!
a38e63debd3256ef,False,2,/mnt/chenpeijian/autodrive/StreetWorld/lead/3rd_party/navsim_workspace/dataset/maps does not exist!
a3d10c0a5a835300,False,2,/mnt/chenpeijian/autodrive/StreetWorld/lead/3rd_party/navsim_workspace/dataset/maps does not exist!
a41e9aff2ee457c2,False,2,/mnt/chenpeijian/autodrive/StreetWorld/lead/3rd_party/navsim_workspace/dataset/maps does not exist!
a43d45f7369d5489,False,2,/mnt/chenpeijian/autodrive/StreetWorld/lead/3rd_party/navsim_workspace/dataset/maps does not exist!
a479822714c6558b,False,2,/mnt/chenpeijian/autodrive/StreetWorld/lead/3rd_party/navsim_workspace/dataset/maps does not exist!
a4c23fa815945fe3,False,2,/mnt/chenpeijian/autodrive/StreetWorld/lead/3rd_party/navsim_workspace/dataset/maps does not exist!
a523d2a173855e96,False,2,/mnt/chenpeijian/autodrive/StreetWorld/lead/3rd_party/navsim_workspace/dataset/maps does not exist!
a572d70690f75ad4,False,2,/mnt/chenpeijian/autodrive/StreetWorld/lead/3rd_party/navsim_workspace/dataset/maps does not exist!
a5ad1e9de54e5ad0,False,2,/mnt/chenpeijian/autodrive/StreetWorld/lead/3rd_party/navsim_workspace/dataset/maps does not exist!
a5d356da90d05835,False,2,/mnt/chenpeijian/autodrive/StreetWorld/lead/3rd_party/navsim_workspace/dataset/maps does not exist!
a5f724194aaa55f7,False,2,/mnt/chenpeijian/autodrive/StreetWorld/lead/3rd_party/navsim_workspace/dataset/maps does not exist!
a61948a5dada537e,False,2,/mnt/chenpeijian/autodrive/StreetWorld/lead/3rd_party/navsim_workspace/dataset/maps does not exist!
a631fec170525388,False,2,/mnt/chenpeijian/autodrive/StreetWorld/lead/3rd_party/navsim_workspace/dataset/maps does not exist!
a6706582212458bb,False,2,/mnt/chenpeijian/autodrive/StreetWorld/lead/3rd_party/navsim_workspace/dataset/maps does not exist!
a6b4447359075e54,False,2,/mnt/chenpeijian/autodrive/StreetWorld/lead/3rd_party/navsim_workspace/dataset/maps does not exist!
a6d4b1f4870852a4,False,2,/mnt/chenpeijian/autodrive/StreetWorld/lead/3rd_party/navsim_workspace/dataset/maps does not exist!
a73ba1e90a735dad,False,2,/mnt/chenpeijian/autodrive/StreetWorld/lead/3rd_party/navsim_workspace/dataset/maps does not exist!
a76311c957b05f8c,False,2,/mnt/chenpeijian/autodrive/StreetWorld/lead/3rd_party/navsim_workspace/dataset/maps does not exist!
a7a0fe1f804c5fa5,False,2,/mnt/chenpeijian/autodrive/StreetWorld/lead/3rd_party/navsim_workspace/dataset/maps does not exist!
a7d3076a7b7b58b2,False,2,/mnt/chenpeijian/autodrive/StreetWorld/lead/3rd_party/navsim_workspace/dataset/maps does not exist!
a806a92596d6570b,False,2,/mnt/chenpeijian/autodrive/StreetWorld/lead/3rd_party/navsim_workspace/dataset/maps does not exist!
a83a32870332554f,False,2,/mnt/chenpeijian/autodrive/StreetWorld/lead/3rd_party/navsim_workspace/dataset/maps does not exist!
a899eed59bf85d84,False,2,/mnt/chenpeijian/autodrive/StreetWorld/lead/3rd_party/navsim_workspace/dataset/maps does not exist!
a8afec520f035a68,False,2,/mnt/chenpeijian/autodrive/StreetWorld/lead/3rd_party/navsim_workspace/dataset/maps does not exist!
a8dacf347a605f0d,False,2,/mnt/chenpeijian/autodrive/StreetWorld/lead/3rd_party/navsim_workspace/dataset/maps does not exist!
a90317c305c3505a,False,2,/mnt/chenpeijian/autodrive/StreetWorld/lead/3rd_party/navsim_workspace/dataset/maps does not exist!
a9343b1abc5957ab,False,2,/mnt/chenpeijian/autodrive/StreetWorld/lead/3rd_party/navsim_workspace/dataset/maps does not exist!
a978cd72e68155b1,False,2,/mnt/chenpeijian/autodrive/StreetWorld/lead/3rd_party/navsim_workspace/dataset/maps does not exist!
a99280d8424c55b2,False,2,/mnt/chenpeijian/autodrive/StreetWorld/lead/3rd_party/navsim_workspace/dataset/maps does not exist!
a9bdcf08c1ce5f5a,False,2,/mnt/chenpeijian/autodrive/StreetWorld/lead/3rd_party/navsim_workspace/dataset/maps does not exist!
a9e622747fc45a0a,False,2,/mnt/chenpeijian/autodrive/StreetWorld/lead/3rd_party/navsim_workspace/dataset/maps does not exist!
aa10437e9b425118,False,2,/mnt/chenpeijian/autodrive/StreetWorld/lead/3rd_party/navsim_workspace/dataset/maps does not exist!
aa4430320c3151e3,False,2,/mnt/chenpeijian/autodrive/StreetWorld/lead/3rd_party/navsim_workspace/dataset/maps does not exist!
aa7d4f9537495b1f,False,2,/mnt/chenpeijian/autodrive/StreetWorld/lead/3rd_party/navsim_workspace/dataset/maps does not exist!
aab517c2e5e75245,False,2,/mnt/chenpeijian/autodrive/StreetWorld/lead/3rd_party/navsim_workspace/dataset/maps does not exist!
aaf949be7f2150df,False,2,/mnt/chenpeijian/autodrive/StreetWorld/lead/3rd_party/navsim_workspace/dataset/maps does not exist!
ab226645ee6f54aa,False,2,/mnt/chenpeijian/autodrive/StreetWorld/lead/3rd_party/navsim_workspace/dataset/maps does not exist!
ab548d52e69b5ed4,False,2,/mnt/chenpeijian/autodrive/StreetWorld/lead/3rd_party/navsim_workspace/dataset/maps does not exist!
ab845dd1ff3c522d,False,2,/mnt/chenpeijian/autodrive/StreetWorld/lead/3rd_party/navsim_workspace/dataset/maps does not exist!
aba1622c877f51bb,False,2,/mnt/chenpeijian/autodrive/StreetWorld/lead/3rd_party/navsim_workspace/dataset/maps does not exist!
abcb112aeb3458cf,False,2,/mnt/chenpeijian/autodrive/StreetWorld/lead/3rd_party/navsim_workspace/dataset/maps does not exist!
abf403b697c457ad,False,2,/mnt/chenpeijian/autodrive/StreetWorld/lead/3rd_party/navsim_workspace/dataset/maps does not exist!
ac2bc045e07151a3,False,2,/mnt/chenpeijian/autodrive/StreetWorld/lead/3rd_party/navsim_workspace/dataset/maps does not exist!
ac40749eddb45a13,False,2,/mnt/chenpeijian/autodrive/StreetWorld/lead/3rd_party/navsim_workspace/dataset/maps does not exist!
ac6b7fc70fc25a1a,False,2,/mnt/chenpeijian/autodrive/StreetWorld/lead/3rd_party/navsim_workspace/dataset/maps does not exist!
acd0bceedc6852c2,False,2,/mnt/chenpeijian/autodrive/StreetWorld/lead/3rd_party/navsim_workspace/dataset/maps does not exist!
ad243dacb0315588,False,2,/mnt/chenpeijian/autodrive/StreetWorld/lead/3rd_party/navsim_workspace/dataset/maps does not exist!
ad47566ea29a57bf,False,2,/mnt/chenpeijian/autodrive/StreetWorld/lead/3rd_party/navsim_workspace/dataset/maps does not exist!
ad702ac65d8754bb,False,2,/mnt/chenpeijian/autodrive/StreetWorld/lead/3rd_party/navsim_workspace/dataset/maps does not exist!
ad8f9de7692d5f59,False,2,/mnt/chenpeijian/autodrive/StreetWorld/lead/3rd_party/navsim_workspace/dataset/maps does not exist!
adc1a3a3dd1c501e,False,2,/mnt/chenpeijian/autodrive/StreetWorld/lead/3rd_party/navsim_workspace/dataset/maps does not exist!
ae01be6a753e5f98,False,2,/mnt/chenpeijian/autodrive/StreetWorld/lead/3rd_party/navsim_workspace/dataset/maps does not exist!
ae145d614988581c,False,2,/mnt/chenpeijian/autodrive/StreetWorld/lead/3rd_party/navsim_workspace/dataset/maps does not exist!
ae5377e5ebf65f45,False,2,/mnt/chenpeijian/autodrive/StreetWorld/lead/3rd_party/navsim_workspace/dataset/maps does not exist!
aea14d7408d255bb,False,2,/mnt/chenpeijian/autodrive/StreetWorld/lead/3rd_party/navsim_workspace/dataset/maps does not exist!
aeea0bc96b5255e9,False,2,/mnt/chenpeijian/autodrive/StreetWorld/lead/3rd_party/navsim_workspace/dataset/maps does not exist!
af0e2b61cba953de,False,2,/mnt/chenpeijian/autodrive/StreetWorld/lead/3rd_party/navsim_workspace/dataset/maps does not exist!
af6ce3c064fa5a56,False,2,/mnt/chenpeijian/autodrive/StreetWorld/lead/3rd_party/navsim_workspace/dataset/maps does not exist!
afa8102c20685ec5,False,2,/mnt/chenpeijian/autodrive/StreetWorld/lead/3rd_party/navsim_workspace/dataset/maps does not exist!
afd8795214205519,False,2,/mnt/chenpeijian/autodrive/StreetWorld/lead/3rd_party/navsim_workspace/dataset/maps does not exist!
aff4d44c562f5eef,False,2,/mnt/chenpeijian/autodrive/StreetWorld/lead/3rd_party/navsim_workspace/dataset/maps does not exist!
b023b7bcbab05bcb,False,2,/mnt/chenpeijian/autodrive/StreetWorld/lead/3rd_party/navsim_workspace/dataset/maps does not exist!
b0546b8af0f95c05,False,2,/mnt/chenpeijian/autodrive/StreetWorld/lead/3rd_party/navsim_workspace/dataset/maps does not exist!
b090f02ef43f5d41,False,2,/mnt/chenpeijian/autodrive/StreetWorld/lead/3rd_party/navsim_workspace/dataset/maps does not exist!
b0b850e74a1e5bc7,False,2,/mnt/chenpeijian/autodrive/StreetWorld/lead/3rd_party/navsim_workspace/dataset/maps does not exist!
b113e988ede45a4f,False,2,/mnt/chenpeijian/autodrive/StreetWorld/lead/3rd_party/navsim_workspace/dataset/maps does not exist!
b13f0b445e605951,False,2,/mnt/chenpeijian/autodrive/StreetWorld/lead/3rd_party/navsim_workspace/dataset/maps does not exist!
b15b2d36b1ea51cc,False,2,/mnt/chenpeijian/autodrive/StreetWorld/lead/3rd_party/navsim_workspace/dataset/maps does not exist!
b1899626476e5293,False,2,/mnt/chenpeijian/autodrive/StreetWorld/lead/3rd_party/navsim_workspace/dataset/maps does not exist!
b1a5c303ca3f5607,False,2,/mnt/chenpeijian/autodrive/StreetWorld/lead/3rd_party/navsim_workspace/dataset/maps does not exist!
b1ce459acfb95179,False,2,/mnt/chenpeijian/autodrive/StreetWorld/lead/3rd_party/navsim_workspace/dataset/maps does not exist!
b20a2f0ea9135457,False,2,/mnt/chenpeijian/autodrive/StreetWorld/lead/3rd_party/navsim_workspace/dataset/maps does not exist!
b26b54b014205d5c,False,2,/mnt/chenpeijian/autodrive/StreetWorld/lead/3rd_party/navsim_workspace/dataset/maps does not exist!
b28ff93f850259ee,False,2,/mnt/chenpeijian/autodrive/StreetWorld/lead/3rd_party/navsim_workspace/dataset/maps does not exist!
b2cc98272c505ed6,False,2,/mnt/chenpeijian/autodrive/StreetWorld/lead/3rd_party/navsim_workspace/dataset/maps does not exist!
b2ec50201ac25ada,False,2,/mnt/chenpeijian/autodrive/StreetWorld/lead/3rd_party/navsim_workspace/dataset/maps does not exist!
b3056d1269ae5df9,False,2,/mnt/chenpeijian/autodrive/StreetWorld/lead/3rd_party/navsim_workspace/dataset/maps does not exist!
b32ef3cb010c5903,False,2,/mnt/chenpeijian/autodrive/StreetWorld/lead/3rd_party/navsim_workspace/dataset/maps does not exist!
b387a02b67e45a4b,False,2,/mnt/chenpeijian/autodrive/StreetWorld/lead/3rd_party/navsim_workspace/dataset/maps does not exist!
b39df49b8b565ac3,False,2,/mnt/chenpeijian/autodrive/StreetWorld/lead/3rd_party/navsim_workspace/dataset/maps does not exist!
b3e8baac7b4d5e4a,False,2,/mnt/chenpeijian/autodrive/StreetWorld/lead/3rd_party/navsim_workspace/dataset/maps does not exist!
b42b3012c31c5b03,False,2,/mnt/chenpeijian/autodrive/StreetWorld/lead/3rd_party/navsim_workspace/dataset/maps does not exist!
b44d5d0d2d1b531e,False,2,/mnt/chenpeijian/autodrive/StreetWorld/lead/3rd_party/navsim_workspace/dataset/maps does not exist!
b474c79361415cb0,False,2,/mnt/chenpeijian/autodrive/StreetWorld/lead/3rd_party/navsim_workspace/dataset/maps does not exist!
b4a85f85ef7e532d,False,2,/mnt/chenpeijian/autodrive/StreetWorld/lead/3rd_party/navsim_workspace/dataset/maps does not exist!
b4d64308573f5bdf,False,2,/mnt/chenpeijian/autodrive/StreetWorld/lead/3rd_party/navsim_workspace/dataset/maps does not exist!
b4f362c0d9015d07,False,2,/mnt/chenpeijian/autodrive/StreetWorld/lead/3rd_party/navsim_workspace/dataset/maps does not exist!
b5155b952c645ce0,False,2,/mnt/chenpeijian/autodrive/StreetWorld/lead/3rd_party/navsim_workspace/dataset/maps does not exist!
b555e2488dc7531e,False,2,/mnt/chenpeijian/autodrive/StreetWorld/lead/3rd_party/navsim_workspace/dataset/maps does not exist!
b58f2b3b894a58bb,False,2,/mnt/chenpeijian/autodrive/StreetWorld/lead/3rd_party/navsim_workspace/dataset/maps does not exist!
b5b8d20688385790,False,2,/mnt/chenpeijian/autodrive/StreetWorld/lead/3rd_party/navsim_workspace/dataset/maps does not exist!
b5d5d15093af5638,False,2,/mnt/chenpeijian/autodrive/StreetWorld/lead/3rd_party/navsim_workspace/dataset/maps does not exist!
b605703d3fb05725,False,2,/mnt/chenpeijian/autodrive/StreetWorld/lead/3rd_party/navsim_workspace/dataset/maps does not exist!
b619e01b47775ec5,False,2,/mnt/chenpeijian/autodrive/StreetWorld/lead/3rd_party/navsim_workspace/dataset/maps does not exist!
b637b5849b475a18,False,2,/mnt/chenpeijian/autodrive/StreetWorld/lead/3rd_party/navsim_workspace/dataset/maps does not exist!
b664ff6d2c185e31,False,2,/mnt/chenpeijian/autodrive/StreetWorld/lead/3rd_party/navsim_workspace/dataset/maps does not exist!
b683672d37cc5001,False,2,/mnt/chenpeijian/autodrive/StreetWorld/lead/3rd_party/navsim_workspace/dataset/maps does not exist!
b6b5f3cc01a05f83,False,2,/mnt/chenpeijian/autodrive/StreetWorld/lead/3rd_party/navsim_workspace/dataset/maps does not exist!
b751857996975e6c,False,2,/mnt/chenpeijian/autodrive/StreetWorld/lead/3rd_party/navsim_workspace/dataset/maps does not exist!
b76b03503cf95c02,False,2,/mnt/chenpeijian/autodrive/StreetWorld/lead/3rd_party/navsim_workspace/dataset/maps does not exist!
b7bcc88d87ba59ae,False,2,/mnt/chenpeijian/autodrive/StreetWorld/lead/3rd_party/navsim_workspace/dataset/maps does not exist!
b7c9a2a8db7d5b48,False,2,/mnt/chenpeijian/autodrive/StreetWorld/lead/3rd_party/navsim_workspace/dataset/maps does not exist!
b7ee1af184835990,False,2,/mnt/chenpeijian/autodrive/StreetWorld/lead/3rd_party/navsim_workspace/dataset/maps does not exist!
b81c602d68a25e90,False,2,/mnt/chenpeijian/autodrive/StreetWorld/lead/3rd_party/navsim_workspace/dataset/maps does not exist!
b84056c4268153fb,False,2,/mnt/chenpeijian/autodrive/StreetWorld/lead/3rd_party/navsim_workspace/dataset/maps does not exist!
b85f00b0919a5180,False,2,/mnt/chenpeijian/autodrive/StreetWorld/lead/3rd_party/navsim_workspace/dataset/maps does not exist!
b86df9a9f50e525a,False,2,/mnt/chenpeijian/autodrive/StreetWorld/lead/3rd_party/navsim_workspace/dataset/maps does not exist!
b890de4c4ff65ddb,False,2,/mnt/chenpeijian/autodrive/StreetWorld/lead/3rd_party/navsim_workspace/dataset/maps does not exist!
b8bd18a1ccf45918,False,2,/mnt/chenpeijian/autodrive/StreetWorld/lead/3rd_party/navsim_workspace/dataset/maps does not exist!
b8e377d0f7b95014,False,2,/mnt/chenpeijian/autodrive/StreetWorld/lead/3rd_party/navsim_workspace/dataset/maps does not exist!
b92aaa468aa25958,False,2,/mnt/chenpeijian/autodrive/StreetWorld/lead/3rd_party/navsim_workspace/dataset/maps does not exist!
b94fd2088a4f5688,False,2,/mnt/chenpeijian/autodrive/StreetWorld/lead/3rd_party/navsim_workspace/dataset/maps does not exist!
b97a9b788ef8540c,False,2,/mnt/chenpeijian/autodrive/StreetWorld/lead/3rd_party/navsim_workspace/dataset/maps does not exist!
b9d45c43c2fd5165,False,2,/mnt/chenpeijian/autodrive/StreetWorld/lead/3rd_party/navsim_workspace/dataset/maps does not exist!
b9f4efacc7695435,False,2,/mnt/chenpeijian/autodrive/StreetWorld/lead/3rd_party/navsim_workspace/dataset/maps does not exist!
ba4d9a1f0ac15364,False,2,/mnt/chenpeijian/autodrive/StreetWorld/lead/3rd_party/navsim_workspace/dataset/maps does not exist!
ba7553f511f653b3,False,2,/mnt/chenpeijian/autodrive/StreetWorld/lead/3rd_party/navsim_workspace/dataset/maps does not exist!
ba8e8393326d5652,False,2,/mnt/chenpeijian/autodrive/StreetWorld/lead/3rd_party/navsim_workspace/dataset/maps does not exist!
bae779013dfe5537,False,2,/mnt/chenpeijian/autodrive/StreetWorld/lead/3rd_party/navsim_workspace/dataset/maps does not exist!
bb0d850edd125bbe,False,2,/mnt/chenpeijian/autodrive/StreetWorld/lead/3rd_party/navsim_workspace/dataset/maps does not exist!
bb4f37403cea5b0e,False,2,/mnt/chenpeijian/autodrive/StreetWorld/lead/3rd_party/navsim_workspace/dataset/maps does not exist!
bb870b710b7a53e8,False,2,/mnt/chenpeijian/autodrive/StreetWorld/lead/3rd_party/navsim_workspace/dataset/maps does not exist!
bc12361c48f15f75,False,2,/mnt/chenpeijian/autodrive/StreetWorld/lead/3rd_party/navsim_workspace/dataset/maps does not exist!
bc388668c6285884,False,2,/mnt/chenpeijian/autodrive/StreetWorld/lead/3rd_party/navsim_workspace/dataset/maps does not exist!
bc692afe313d50ee,False,2,/mnt/chenpeijian/autodrive/StreetWorld/lead/3rd_party/navsim_workspace/dataset/maps does not exist!
bc91cb648d525c6c,False,2,/mnt/chenpeijian/autodrive/StreetWorld/lead/3rd_party/navsim_workspace/dataset/maps does not exist!
bca16f667139563e,False,2,/mnt/chenpeijian/autodrive/StreetWorld/lead/3rd_party/navsim_workspace/dataset/maps does not exist!
bcd38d9246695d74,False,2,/mnt/chenpeijian/autodrive/StreetWorld/lead/3rd_party/navsim_workspace/dataset/maps does not exist!
bd0f9349cc1053a3,False,2,/mnt/chenpeijian/autodrive/StreetWorld/lead/3rd_party/navsim_workspace/dataset/maps does not exist!
bd4adf326a205d51,False,2,/mnt/chenpeijian/autodrive/StreetWorld/lead/3rd_party/navsim_workspace/dataset/maps does not exist!
bd7154fc2b1f548b,False,2,/mnt/chenpeijian/autodrive/StreetWorld/lead/3rd_party/navsim_workspace/dataset/maps does not exist!
bdb483626cc95b2b,False,2,/mnt/chenpeijian/autodrive/StreetWorld/lead/3rd_party/navsim_workspace/dataset/maps does not exist!
bdf6ce6385325a58,False,2,/mnt/chenpeijian/autodrive/StreetWorld/lead/3rd_party/navsim_workspace/dataset/maps does not exist!
be0ea3126c955eae,False,2,/mnt/chenpeijian/autodrive/StreetWorld/lead/3rd_party/navsim_workspace/dataset/maps does not exist!
be503a7ef2805c88,False,2,/mnt/chenpeijian/autodrive/StreetWorld/lead/3rd_party/navsim_workspace/dataset/maps does not exist!
be861669f7ff5de4,False,2,/mnt/chenpeijian/autodrive/StreetWorld/lead/3rd_party/navsim_workspace/dataset/maps does not exist!
bed45577041051b8,False,2,/mnt/chenpeijian/autodrive/StreetWorld/lead/3rd_party/navsim_workspace/dataset/maps does not exist!
beee170c9d8159ad,False,2,/mnt/chenpeijian/autodrive/StreetWorld/lead/3rd_party/navsim_workspace/dataset/maps does not exist!
bf0e7609184e533b,False,2,/mnt/chenpeijian/autodrive/StreetWorld/lead/3rd_party/navsim_workspace/dataset/maps does not exist!
bf2bd235d7225732,False,2,/mnt/chenpeijian/autodrive/StreetWorld/lead/3rd_party/navsim_workspace/dataset/maps does not exist!
bf6e5d04e0d7576e,False,2,/mnt/chenpeijian/autodrive/StreetWorld/lead/3rd_party/navsim_workspace/dataset/maps does not exist!
bf8c5276f9a6539d,False,2,/mnt/chenpeijian/autodrive/StreetWorld/lead/3rd_party/navsim_workspace/dataset/maps does not exist!
bfcbb192c11b5736,False,2,/mnt/chenpeijian/autodrive/StreetWorld/lead/3rd_party/navsim_workspace/dataset/maps does not exist!
bffb3b45a1c55080,False,2,/mnt/chenpeijian/autodrive/StreetWorld/lead/3rd_party/navsim_workspace/dataset/maps does not exist!
c052a8877f7f5d37,False,2,/mnt/chenpeijian/autodrive/StreetWorld/lead/3rd_party/navsim_workspace/dataset/maps does not exist!
c06c4ffcf72653a5,False,2,/mnt/chenpeijian/autodrive/StreetWorld/lead/3rd_party/navsim_workspace/dataset/maps does not exist!
c093d999a01c5e92,False,2,/mnt/chenpeijian/autodrive/StreetWorld/lead/3rd_party/navsim_workspace/dataset/maps does not exist!
c0be0cb86f2c5cf1,False,2,/mnt/chenpeijian/autodrive/StreetWorld/lead/3rd_party/navsim_workspace/dataset/maps does not exist!
c0ee4f794af35185,False,2,/mnt/chenpeijian/autodrive/StreetWorld/lead/3rd_party/navsim_workspace/dataset/maps does not exist!
c1133aca1539575e,False,2,/mnt/chenpeijian/autodrive/StreetWorld/lead/3rd_party/navsim_workspace/dataset/maps does not exist!
c169cf799b165800,False,2,/mnt/chenpeijian/autodrive/StreetWorld/lead/3rd_party/navsim_workspace/dataset/maps does not exist!
c1cc5d15c3f554e3,False,2,/mnt/chenpeijian/autodrive/StreetWorld/lead/3rd_party/navsim_workspace/dataset/maps does not exist!
c1ea7d700faa5fee,False,2,/mnt/chenpeijian/autodrive/StreetWorld/lead/3rd_party/navsim_workspace/dataset/maps does not exist!
c2116c7a0b15556d,False,2,/mnt/chenpeijian/autodrive/StreetWorld/lead/3rd_party/navsim_workspace/dataset/maps does not exist!
c23c39c3fedd5bfa,False,2,/mnt/chenpeijian/autodrive/StreetWorld/lead/3rd_party/navsim_workspace/dataset/maps does not exist!
c28c7b29e80059d2,False,2,/mnt/chenpeijian/autodrive/StreetWorld/lead/3rd_party/navsim_workspace/dataset/maps does not exist!
c2aa6f44aad45549,False,2,/mnt/chenpeijian/autodrive/StreetWorld/lead/3rd_party/navsim_workspace/dataset/maps does not exist!
c2f27daee5bd5a3e,False,2,/mnt/chenpeijian/autodrive/StreetWorld/lead/3rd_party/navsim_workspace/dataset/maps does not exist!
c33832506a165cd3,False,2,/mnt/chenpeijian/autodrive/StreetWorld/lead/3rd_party/navsim_workspace/dataset/maps does not exist!
c36c131b21f65a13,False,2,/mnt/chenpeijian/autodrive/StreetWorld/lead/3rd_party/navsim_workspace/dataset/maps does not exist!
c39df8b835525d97,False,2,/mnt/chenpeijian/autodrive/StreetWorld/lead/3rd_party/navsim_workspace/dataset/maps does not exist!
c400f7664ba35555,False,2,/mnt/chenpeijian/autodrive/StreetWorld/lead/3rd_party/navsim_workspace/dataset/maps does not exist!
c42677f7e56f5c3f,False,2,/mnt/chenpeijian/autodrive/StreetWorld/lead/3rd_party/navsim_workspace/dataset/maps does not exist!
c471f8a9626d5f11,False,2,/mnt/chenpeijian/autodrive/StreetWorld/lead/3rd_party/navsim_workspace/dataset/maps does not exist!
c4a4767fa7675875,False,2,/mnt/chenpeijian/autodrive/StreetWorld/lead/3rd_party/navsim_workspace/dataset/maps does not exist!
c4f1593154f95224,False,2,/mnt/chenpeijian/autodrive/StreetWorld/lead/3rd_party/navsim_workspace/dataset/maps does not exist!
c50b9b8950ba5347,False,2,/mnt/chenpeijian/autodrive/StreetWorld/lead/3rd_party/navsim_workspace/dataset/maps does not exist!
c5388dbd766353cf,False,2,/mnt/chenpeijian/autodrive/StreetWorld/lead/3rd_party/navsim_workspace/dataset/maps does not exist!
c574d461642f5deb,False,2,/mnt/chenpeijian/autodrive/StreetWorld/lead/3rd_party/navsim_workspace/dataset/maps does not exist!
c5b7c7d45f1d5ac1,False,2,/mnt/chenpeijian/autodrive/StreetWorld/lead/3rd_party/navsim_workspace/dataset/maps does not exist!
c5ee24aa8f5059d6,False,2,/mnt/chenpeijian/autodrive/StreetWorld/lead/3rd_party/navsim_workspace/dataset/maps does not exist!
c6281b21b9015448,False,2,/mnt/chenpeijian/autodrive/StreetWorld/lead/3rd_party/navsim_workspace/dataset/maps does not exist!
c64f55518a18575b,False,2,/mnt/chenpeijian/autodrive/StreetWorld/lead/3rd_party/navsim_workspace/dataset/maps does not exist!
c66c7433e8855d01,False,2,/mnt/chenpeijian/autodrive/StreetWorld/lead/3rd_party/navsim_workspace/dataset/maps does not exist!
c680cd635f095d1c,False,2,/mnt/chenpeijian/autodrive/StreetWorld/lead/3rd_party/navsim_workspace/dataset/maps does not exist!
c6bd79f439c254a0,False,2,/mnt/chenpeijian/autodrive/StreetWorld/lead/3rd_party/navsim_workspace/dataset/maps does not exist!
c6e19ffa3c34551c,False,2,/mnt/chenpeijian/autodrive/StreetWorld/lead/3rd_party/navsim_workspace/dataset/maps does not exist!
c719960a45715a9c,False,2,/mnt/chenpeijian/autodrive/StreetWorld/lead/3rd_party/navsim_workspace/dataset/maps does not exist!
c768a604b14e5956,False,2,/mnt/chenpeijian/autodrive/StreetWorld/lead/3rd_party/navsim_workspace/dataset/maps does not exist!
c79ab4c1abcb56fa,False,2,/mnt/chenpeijian/autodrive/StreetWorld/lead/3rd_party/navsim_workspace/dataset/maps does not exist!
c7d7e1aa241a56a7,False,2,/mnt/chenpeijian/autodrive/StreetWorld/lead/3rd_party/navsim_workspace/dataset/maps does not exist!
c801a9f6c4e05919,False,2,/mnt/chenpeijian/autodrive/StreetWorld/lead/3rd_party/navsim_workspace/dataset/maps does not exist!
c82bebed0dac5691,False,2,/mnt/chenpeijian/autodrive/StreetWorld/lead/3rd_party/navsim_workspace/dataset/maps does not exist!
c856f2dbe8715b80,False,2,/mnt/chenpeijian/autodrive/StreetWorld/lead/3rd_party/navsim_workspace/dataset/maps does not exist!
c8aeadf284a05f44,False,2,/mnt/chenpeijian/autodrive/StreetWorld/lead/3rd_party/navsim_workspace/dataset/maps does not exist!
c8df3a922f9d5550,False,2,/mnt/chenpeijian/autodrive/StreetWorld/lead/3rd_party/navsim_workspace/dataset/maps does not exist!
c928d5d9ddc25082,False,2,/mnt/chenpeijian/autodrive/StreetWorld/lead/3rd_party/navsim_workspace/dataset/maps does not exist!
c9459a7641335bba,False,2,/mnt/chenpeijian/autodrive/StreetWorld/lead/3rd_party/navsim_workspace/dataset/maps does not exist!
c9614cfb18a953ae,False,2,/mnt/chenpeijian/autodrive/StreetWorld/lead/3rd_party/navsim_workspace/dataset/maps does not exist!
c98aa74c885e5b96,False,2,/mnt/chenpeijian/autodrive/StreetWorld/lead/3rd_party/navsim_workspace/dataset/maps does not exist!
c9ab8a82cfa054ff,False,2,/mnt/chenpeijian/autodrive/StreetWorld/lead/3rd_party/navsim_workspace/dataset/maps does not exist!
c9ecfe02b17a5c40,False,2,/mnt/chenpeijian/autodrive/StreetWorld/lead/3rd_party/navsim_workspace/dataset/maps does not exist!
ca18572aeb9755ba,False,2,/mnt/chenpeijian/autodrive/StreetWorld/lead/3rd_party/navsim_workspace/dataset/maps does not exist!
ca62812a55ce5f0b,False,2,/mnt/chenpeijian/autodrive/StreetWorld/lead/3rd_party/navsim_workspace/dataset/maps does not exist!
ca8a417f32d859ba,False,2,/mnt/chenpeijian/autodrive/StreetWorld/lead/3rd_party/navsim_workspace/dataset/maps does not exist!
cac5deee337257e1,False,2,/mnt/chenpeijian/autodrive/StreetWorld/lead/3rd_party/navsim_workspace/dataset/maps does not exist!
cb0905651ea35122,False,2,/mnt/chenpeijian/autodrive/StreetWorld/lead/3rd_party/navsim_workspace/dataset/maps does not exist!
cb5022a3bef557e3,False,2,/mnt/chenpeijian/autodrive/StreetWorld/lead/3rd_party/navsim_workspace/dataset/maps does not exist!
cb8b1f36617c50d4,False,2,/mnt/chenpeijian/autodrive/StreetWorld/lead/3rd_party/navsim_workspace/dataset/maps does not exist!
cbc47540cc665da4,False,2,/mnt/chenpeijian/autodrive/StreetWorld/lead/3rd_party/navsim_workspace/dataset/maps does not exist!
cbe3a6c80bfb5327,False,2,/mnt/chenpeijian/autodrive/StreetWorld/lead/3rd_party/navsim_workspace/dataset/maps does not exist!
cc3ebf79ba985643,False,2,/mnt/chenpeijian/autodrive/StreetWorld/lead/3rd_party/navsim_workspace/dataset/maps does not exist!
cc7a2b953265554a,False,2,/mnt/chenpeijian/autodrive/StreetWorld/lead/3rd_party/navsim_workspace/dataset/maps does not exist!
cc8b8b4ae726592a,False,2,/mnt/chenpeijian/autodrive/StreetWorld/lead/3rd_party/navsim_workspace/dataset/maps does not exist!
ccb2ae93b23b5826,False,2,/mnt/chenpeijian/autodrive/StreetWorld/lead/3rd_party/navsim_workspace/dataset/maps does not exist!
ccd74f5377b85a36,False,2,/mnt/chenpeijian/autodrive/StreetWorld/lead/3rd_party/navsim_workspace/dataset/maps does not exist!
cd0fd62195e552da,False,2,/mnt/chenpeijian/autodrive/StreetWorld/lead/3rd_party/navsim_workspace/dataset/maps does not exist!
cd41ee390afb5da7,False,2,/mnt/chenpeijian/autodrive/StreetWorld/lead/3rd_party/navsim_workspace/dataset/maps does not exist!
cd6e2fc752755753,False,2,/mnt/chenpeijian/autodrive/StreetWorld/lead/3rd_party/navsim_workspace/dataset/maps does not exist!
cd828def214c571e,False,2,/mnt/chenpeijian/autodrive/StreetWorld/lead/3rd_party/navsim_workspace/dataset/maps does not exist!
cd9e6c1924c35b85,False,2,/mnt/chenpeijian/autodrive/StreetWorld/lead/3rd_party/navsim_workspace/dataset/maps does not exist!
cdd00e6a0e4754e5,False,2,/mnt/chenpeijian/autodrive/StreetWorld/lead/3rd_party/navsim_workspace/dataset/maps does not exist!
cdeb1bce85c45cb2,False,2,/mnt/chenpeijian/autodrive/StreetWorld/lead/3rd_party/navsim_workspace/dataset/maps does not exist!
ce0c8678bc8559b9,False,2,/mnt/chenpeijian/autodrive/StreetWorld/lead/3rd_party/navsim_workspace/dataset/maps does not exist!
ce2f1ac423965b7a,False,2,/mnt/chenpeijian/autodrive/StreetWorld/lead/3rd_party/navsim_workspace/dataset/maps does not exist!
ce8cc7a247f651be,False,2,/mnt/chenpeijian/autodrive/StreetWorld/lead/3rd_party/navsim_workspace/dataset/maps does not exist!
ceb9332b03d3577b,False,2,/mnt/chenpeijian/autodrive/StreetWorld/lead/3rd_party/navsim_workspace/dataset/maps does not exist!
cecce24905cb5641,False,2,/mnt/chenpeijian/autodrive/StreetWorld/lead/3rd_party/navsim_workspace/dataset/maps does not exist!
cf07d06219ef5cd4,False,2,/mnt/chenpeijian/autodrive/StreetWorld/lead/3rd_party/navsim_workspace/dataset/maps does not exist!
cf34e1f8d98f56ee,False,2,/mnt/chenpeijian/autodrive/StreetWorld/lead/3rd_party/navsim_workspace/dataset/maps does not exist!
cf693fb497155dee,False,2,/mnt/chenpeijian/autodrive/StreetWorld/lead/3rd_party/navsim_workspace/dataset/maps does not exist!
cfa1a5ff80355988,False,2,/mnt/chenpeijian/autodrive/StreetWorld/lead/3rd_party/navsim_workspace/dataset/maps does not exist!
cfd45b3514125d2e,False,2,/mnt/chenpeijian/autodrive/StreetWorld/lead/3rd_party/navsim_workspace/dataset/maps does not exist!
d01d51c26594547c,False,2,/mnt/chenpeijian/autodrive/StreetWorld/lead/3rd_party/navsim_workspace/dataset/maps does not exist!
d044b887d646511b,False,2,/mnt/chenpeijian/autodrive/StreetWorld/lead/3rd_party/navsim_workspace/dataset/maps does not exist!
d08ae5bc8a435f97,False,2,/mnt/chenpeijian/autodrive/StreetWorld/lead/3rd_party/navsim_workspace/dataset/maps does not exist!
d0a77f19bd8b5348,False,2,/mnt/chenpeijian/autodrive/StreetWorld/lead/3rd_party/navsim_workspace/dataset/maps does not exist!
d0dcc4b5cf6a53ab,False,2,/mnt/chenpeijian/autodrive/StreetWorld/lead/3rd_party/navsim_workspace/dataset/maps does not exist!
d113b39be843564f,False,2,/mnt/chenpeijian/autodrive/StreetWorld/lead/3rd_party/navsim_workspace/dataset/maps does not exist!
d12c5ba59acf55a0,False,2,/mnt/chenpeijian/autodrive/StreetWorld/lead/3rd_party/navsim_workspace/dataset/maps does not exist!
d15124ba09f35a70,False,2,/mnt/chenpeijian/autodrive/StreetWorld/lead/3rd_party/navsim_workspace/dataset/maps does not exist!
d1ac97f2f57553d0,False,2,/mnt/chenpeijian/autodrive/StreetWorld/lead/3rd_party/navsim_workspace/dataset/maps does not exist!
d1d48a8f642b5874,False,2,/mnt/chenpeijian/autodrive/StreetWorld/lead/3rd_party/navsim_workspace/dataset/maps does not exist!
d2098ab3fc1953b3,False,2,/mnt/chenpeijian/autodrive/StreetWorld/lead/3rd_party/navsim_workspace/dataset/maps does not exist!
d2361c07df2f51c2,False,2,/mnt/chenpeijian/autodrive/StreetWorld/lead/3rd_party/navsim_workspace/dataset/maps does not exist!
d26786f5e54e53f3,False,2,/mnt/chenpeijian/autodrive/StreetWorld/lead/3rd_party/navsim_workspace/dataset/maps does not exist!
d2b3f402ba0f55c3,False,2,/mnt/chenpeijian/autodrive/StreetWorld/lead/3rd_party/navsim_workspace/dataset/maps does not exist!
d2d30ecb18db52f9,False,2,/mnt/chenpeijian/autodrive/StreetWorld/lead/3rd_party/navsim_workspace/dataset/maps does not exist!
d32f8367252b53b1,False,2,/mnt/chenpeijian/autodrive/StreetWorld/lead/3rd_party/navsim_workspace/dataset/maps does not exist!
d35a0c5da0c55970,False,2,/mnt/chenpeijian/autodrive/StreetWorld/lead/3rd_party/navsim_workspace/dataset/maps does not exist!
d3afcd1be60851a9,False,2,/mnt/chenpeijian/autodrive/StreetWorld/lead/3rd_party/navsim_workspace/dataset/maps does not exist!
d3e3c4998ad25800,False,2,/mnt/chenpeijian/autodrive/StreetWorld/lead/3rd_party/navsim_workspace/dataset/maps does not exist!
d42e15faa6375e18,False,2,/mnt/chenpeijian/autodrive/StreetWorld/lead/3rd_party/navsim_workspace/dataset/maps does not exist!
d45f18da371a5fe5,False,2,/mnt/chenpeijian/autodrive/StreetWorld/lead/3rd_party/navsim_workspace/dataset/maps does not exist!
d484aff53cd1589f,False,2,/mnt/chenpeijian/autodrive/StreetWorld/lead/3rd_party/navsim_workspace/dataset/maps does not exist!
d4c4bdedcfd25465,False,2,/mnt/chenpeijian/autodrive/StreetWorld/lead/3rd_party/navsim_workspace/dataset/maps does not exist!
d5110a9cb2b352d5,False,2,/mnt/chenpeijian/autodrive/StreetWorld/lead/3rd_party/navsim_workspace/dataset/maps does not exist!
d54eba5510dc5469,False,2,/mnt/chenpeijian/autodrive/StreetWorld/lead/3rd_party/navsim_workspace/dataset/maps does not exist!
d57d041213c554d3,False,2,/mnt/chenpeijian/autodrive/StreetWorld/lead/3rd_party/navsim_workspace/dataset/maps does not exist!
d5b21176c2e1526c,False,2,/mnt/chenpeijian/autodrive/StreetWorld/lead/3rd_party/navsim_workspace/dataset/maps does not exist!
d5f845d28a5e513f,False,2,/mnt/chenpeijian/autodrive/StreetWorld/lead/3rd_party/navsim_workspace/dataset/maps does not exist!
d60ec6837413567c,False,2,/mnt/chenpeijian/autodrive/StreetWorld/lead/3rd_party/navsim_workspace/dataset/maps does not exist!
d651033bf05e5da3,False,2,/mnt/chenpeijian/autodrive/StreetWorld/lead/3rd_party/navsim_workspace/dataset/maps does not exist!
d67eda0cf1305a71,False,2,/mnt/chenpeijian/autodrive/StreetWorld/lead/3rd_party/navsim_workspace/dataset/maps does not exist!
d68dba02509b50a3,False,2,/mnt/chenpeijian/autodrive/StreetWorld/lead/3rd_party/navsim_workspace/dataset/maps does not exist!
d6bb49ff956f5b50,False,2,/mnt/chenpeijian/autodrive/StreetWorld/lead/3rd_party/navsim_workspace/dataset/maps does not exist!
d6fb4629926d57db,False,2,/mnt/chenpeijian/autodrive/StreetWorld/lead/3rd_party/navsim_workspace/dataset/maps does not exist!
d715fbc6ea0551f8,False,2,/mnt/chenpeijian/autodrive/StreetWorld/lead/3rd_party/navsim_workspace/dataset/maps does not exist!
d753a5379cc15b69,False,2,/mnt/chenpeijian/autodrive/StreetWorld/lead/3rd_party/navsim_workspace/dataset/maps does not exist!
d780d3a3f10d567b,False,2,/mnt/chenpeijian/autodrive/StreetWorld/lead/3rd_party/navsim_workspace/dataset/maps does not exist!
d796c1764d575153,False,2,/mnt/chenpeijian/autodrive/StreetWorld/lead/3rd_party/navsim_workspace/dataset/maps does not exist!
d7d57d8fb3b6589a,False,2,/mnt/chenpeijian/autodrive/StreetWorld/lead/3rd_party/navsim_workspace/dataset/maps does not exist!
d81b6324477757dd,False,2,/mnt/chenpeijian/autodrive/StreetWorld/lead/3rd_party/navsim_workspace/dataset/maps does not exist!
d834813ce20a54e1,False,2,/mnt/chenpeijian/autodrive/StreetWorld/lead/3rd_party/navsim_workspace/dataset/maps does not exist!
d8699a1844cc5541,False,2,/mnt/chenpeijian/autodrive/StreetWorld/lead/3rd_party/navsim_workspace/dataset/maps does not exist!
d8acd89d5cc95e9a,False,2,/mnt/chenpeijian/autodrive/StreetWorld/lead/3rd_party/navsim_workspace/dataset/maps does not exist!
d8f68111f5145cc9,False,2,/mnt/chenpeijian/autodrive/StreetWorld/lead/3rd_party/navsim_workspace/dataset/maps does not exist!
d91edafc567a5fcc,False,2,/mnt/chenpeijian/autodrive/StreetWorld/lead/3rd_party/navsim_workspace/dataset/maps does not exist!
d9422fc7065e5b62,False,2,/mnt/chenpeijian/autodrive/StreetWorld/lead/3rd_party/navsim_workspace/dataset/maps does not exist!
d961e40cb8185341,False,2,/mnt/chenpeijian/autodrive/StreetWorld/lead/3rd_party/navsim_workspace/dataset/maps does not exist!
d9b577262eed5ceb,False,2,/mnt/chenpeijian/autodrive/StreetWorld/lead/3rd_party/navsim_workspace/dataset/maps does not exist!
d9f878bd57425c2c,False,2,/mnt/chenpeijian/autodrive/StreetWorld/lead/3rd_party/navsim_workspace/dataset/maps does not exist!
da2fb85306b2560c,False,2,/mnt/chenpeijian/autodrive/StreetWorld/lead/3rd_party/navsim_workspace/dataset/maps does not exist!
da668c88a6ef562c,False,2,/mnt/chenpeijian/autodrive/StreetWorld/lead/3rd_party/navsim_workspace/dataset/maps does not exist!
daaa1858309c5938,False,2,/mnt/chenpeijian/autodrive/StreetWorld/lead/3rd_party/navsim_workspace/dataset/maps does not exist!
dadc8dc029e15f0f,False,2,/mnt/chenpeijian/autodrive/StreetWorld/lead/3rd_party/navsim_workspace/dataset/maps does not exist!
db07a6d7eacd57d1,False,2,/mnt/chenpeijian/autodrive/StreetWorld/lead/3rd_party/navsim_workspace/dataset/maps does not exist!
db4bcafb6d775b4f,False,2,/mnt/chenpeijian/autodrive/StreetWorld/lead/3rd_party/navsim_workspace/dataset/maps does not exist!
db73bde6710e50ca,False,2,/mnt/chenpeijian/autodrive/StreetWorld/lead/3rd_party/navsim_workspace/dataset/maps does not exist!
dbadf83c8bc85324,False,2,/mnt/chenpeijian/autodrive/StreetWorld/lead/3rd_party/navsim_workspace/dataset/maps does not exist!
dbd94883f7865af6,False,2,/mnt/chenpeijian/autodrive/StreetWorld/lead/3rd_party/navsim_workspace/dataset/maps does not exist!
dc207d97e04f5ce1,False,2,/mnt/chenpeijian/autodrive/StreetWorld/lead/3rd_party/navsim_workspace/dataset/maps does not exist!
dc6df220730c599a,False,2,/mnt/chenpeijian/autodrive/StreetWorld/lead/3rd_party/navsim_workspace/dataset/maps does not exist!
dc97241b7037592b,False,2,/mnt/chenpeijian/autodrive/StreetWorld/lead/3rd_party/navsim_workspace/dataset/maps does not exist!
dce06ee8c9fc572f,False,2,/mnt/chenpeijian/autodrive/StreetWorld/lead/3rd_party/navsim_workspace/dataset/maps does not exist!
dd149fc9cb395631,False,2,/mnt/chenpeijian/autodrive/StreetWorld/lead/3rd_party/navsim_workspace/dataset/maps does not exist!
dd25fc02c23c537b,False,2,/mnt/chenpeijian/autodrive/StreetWorld/lead/3rd_party/navsim_workspace/dataset/maps does not exist!
dd43c6087aca5206,False,2,/mnt/chenpeijian/autodrive/StreetWorld/lead/3rd_party/navsim_workspace/dataset/maps does not exist!
dd671af93db454aa,False,2,/mnt/chenpeijian/autodrive/StreetWorld/lead/3rd_party/navsim_workspace/dataset/maps does not exist!
dd951db716735c82,False,2,/mnt/chenpeijian/autodrive/StreetWorld/lead/3rd_party/navsim_workspace/dataset/maps does not exist!
ddc5aacc5d785804,False,2,/mnt/chenpeijian/autodrive/StreetWorld/lead/3rd_party/navsim_workspace/dataset/maps does not exist!
dddf76663455527f,False,2,/mnt/chenpeijian/autodrive/StreetWorld/lead/3rd_party/navsim_workspace/dataset/maps does not exist!
de03efda68e65021,False,2,/mnt/chenpeijian/autodrive/StreetWorld/lead/3rd_party/navsim_workspace/dataset/maps does not exist!
de22e3d2143f51f7,False,2,/mnt/chenpeijian/autodrive/StreetWorld/lead/3rd_party/navsim_workspace/dataset/maps does not exist!
de41a196a12e56d0,False,2,/mnt/chenpeijian/autodrive/StreetWorld/lead/3rd_party/navsim_workspace/dataset/maps does not exist!
de664d2cb249576d,False,2,/mnt/chenpeijian/autodrive/StreetWorld/lead/3rd_party/navsim_workspace/dataset/maps does not exist!
deb455f53c805643,False,2,/mnt/chenpeijian/autodrive/StreetWorld/lead/3rd_party/navsim_workspace/dataset/maps does not exist!
dedf2d5568c758ae,False,2,/mnt/chenpeijian/autodrive/StreetWorld/lead/3rd_party/navsim_workspace/dataset/maps does not exist!
df0122d3b7d35eb9,False,2,/mnt/chenpeijian/autodrive/StreetWorld/lead/3rd_party/navsim_workspace/dataset/maps does not exist!
df2b37f4a1b85a4e,False,2,/mnt/chenpeijian/autodrive/StreetWorld/lead/3rd_party/navsim_workspace/dataset/maps does not exist!
df3d0104b7665474,False,2,/mnt/chenpeijian/autodrive/StreetWorld/lead/3rd_party/navsim_workspace/dataset/maps does not exist!
df65991258ba5334,False,2,/mnt/chenpeijian/autodrive/StreetWorld/lead/3rd_party/navsim_workspace/dataset/maps does not exist!
dfb757230bed57d8,False,2,/mnt/chenpeijian/autodrive/StreetWorld/lead/3rd_party/navsim_workspace/dataset/maps does not exist!
e001c497823c5154,False,2,/mnt/chenpeijian/autodrive/StreetWorld/lead/3rd_party/navsim_workspace/dataset/maps does not exist!
e02db4e2c5ed5b76,False,2,/mnt/chenpeijian/autodrive/StreetWorld/lead/3rd_party/navsim_workspace/dataset/maps does not exist!
e051405f88c05270,False,2,/mnt/chenpeijian/autodrive/StreetWorld/lead/3rd_party/navsim_workspace/dataset/maps does not exist!
e074c5e6917e5f1d,False,2,/mnt/chenpeijian/autodrive/StreetWorld/lead/3rd_party/navsim_workspace/dataset/maps does not exist!
e0b7d625d3f55cd8,False,2,/mnt/chenpeijian/autodrive/StreetWorld/lead/3rd_party/navsim_workspace/dataset/maps does not exist!
e0e1551b09f15a74,False,2,/mnt/chenpeijian/autodrive/StreetWorld/lead/3rd_party/navsim_workspace/dataset/maps does not exist!
e11b470ae6285663,False,2,/mnt/chenpeijian/autodrive/StreetWorld/lead/3rd_party/navsim_workspace/dataset/maps does not exist!
e149babe2348549e,False,2,/mnt/chenpeijian/autodrive/StreetWorld/lead/3rd_party/navsim_workspace/dataset/maps does not exist!
e1886e081b945907,False,2,/mnt/chenpeijian/autodrive/StreetWorld/lead/3rd_party/navsim_workspace/dataset/maps does not exist!
e1c0081536575390,False,2,/mnt/chenpeijian/autodrive/StreetWorld/lead/3rd_party/navsim_workspace/dataset/maps does not exist!
e2080118123b5cc8,False,2,/mnt/chenpeijian/autodrive/StreetWorld/lead/3rd_party/navsim_workspace/dataset/maps does not exist!
e241e150a9c157b8,False,2,/mnt/chenpeijian/autodrive/StreetWorld/lead/3rd_party/navsim_workspace/dataset/maps does not exist!
e26d616b5c4b5642,False,2,/mnt/chenpeijian/autodrive/StreetWorld/lead/3rd_party/navsim_workspace/dataset/maps does not exist!
e2ae05340dba502d,False,2,/mnt/chenpeijian/autodrive/StreetWorld/lead/3rd_party/navsim_workspace/dataset/maps does not exist!
e2efd574ab0b56a2,False,2,/mnt/chenpeijian/autodrive/StreetWorld/lead/3rd_party/navsim_workspace/dataset/maps does not exist!
e317ddda18f25545,False,2,/mnt/chenpeijian/autodrive/StreetWorld/lead/3rd_party/navsim_workspace/dataset/maps does not exist!
e3608421b9825fbd,False,2,/mnt/chenpeijian/autodrive/StreetWorld/lead/3rd_party/navsim_workspace/dataset/maps does not exist!
e36f096910ed562a,False,2,/mnt/chenpeijian/autodrive/StreetWorld/lead/3rd_party/navsim_workspace/dataset/maps does not exist!
e3caf69e02f857ba,False,2,/mnt/chenpeijian/autodrive/StreetWorld/lead/3rd_party/navsim_workspace/dataset/maps does not exist!
e4007492f3d55374,False,2,/mnt/chenpeijian/autodrive/StreetWorld/lead/3rd_party/navsim_workspace/dataset/maps does not exist!
e443a0e9bbc75c69,False,2,/mnt/chenpeijian/autodrive/StreetWorld/lead/3rd_party/navsim_workspace/dataset/maps does not exist!
e463ad284c0d595c,False,2,/mnt/chenpeijian/autodrive/StreetWorld/lead/3rd_party/navsim_workspace/dataset/maps does not exist!
e4b5a2693d2d5a31,False,2,/mnt/chenpeijian/autodrive/StreetWorld/lead/3rd_party/navsim_workspace/dataset/maps does not exist!
e4fdad547c9a54a7,False,2,/mnt/chenpeijian/autodrive/StreetWorld/lead/3rd_party/navsim_workspace/dataset/maps does not exist!
e54bb40453165fac,False,2,/mnt/chenpeijian/autodrive/StreetWorld/lead/3rd_party/navsim_workspace/dataset/maps does not exist!
e565610cd7b15784,False,2,/mnt/chenpeijian/autodrive/StreetWorld/lead/3rd_party/navsim_workspace/dataset/maps does not exist!
e59da7b4970654fd,False,2,/mnt/chenpeijian/autodrive/StreetWorld/lead/3rd_party/navsim_workspace/dataset/maps does not exist!
e5c858ae96265d95,False,2,/mnt/chenpeijian/autodrive/StreetWorld/lead/3rd_party/navsim_workspace/dataset/maps does not exist!
e5e00457df055e1a,False,2,/mnt/chenpeijian/autodrive/StreetWorld/lead/3rd_party/navsim_workspace/dataset/maps does not exist!
e5fba7e447ff5a61,False,2,/mnt/chenpeijian/autodrive/StreetWorld/lead/3rd_party/navsim_workspace/dataset/maps does not exist!
e6289d35e92c56b9,False,2,/mnt/chenpeijian/autodrive/StreetWorld/lead/3rd_party/navsim_workspace/dataset/maps does not exist!
e64d993cb8a75338,False,2,/mnt/chenpeijian/autodrive/StreetWorld/lead/3rd_party/navsim_workspace/dataset/maps does not exist!
e683a9a072485098,False,2,/mnt/chenpeijian/autodrive/StreetWorld/lead/3rd_party/navsim_workspace/dataset/maps does not exist!
e6a4a48400545711,False,2,/mnt/chenpeijian/autodrive/StreetWorld/lead/3rd_party/navsim_workspace/dataset/maps does not exist!
e6c5a792f2f058f3,False,2,/mnt/chenpeijian/autodrive/StreetWorld/lead/3rd_party/navsim_workspace/dataset/maps does not exist!
e6e189b1aaa85d41,False,2,/mnt/chenpeijian/autodrive/StreetWorld/lead/3rd_party/navsim_workspace/dataset/maps does not exist!
e71bd2560b255f76,False,2,/mnt/chenpeijian/autodrive/StreetWorld/lead/3rd_party/navsim_workspace/dataset/maps does not exist!
e745423278015ece,False,2,/mnt/chenpeijian/autodrive/StreetWorld/lead/3rd_party/navsim_workspace/dataset/maps does not exist!
e76e7c89a8935276,False,2,/mnt/chenpeijian/autodrive/StreetWorld/lead/3rd_party/navsim_workspace/dataset/maps does not exist!
e7a7c61c543e5b88,False,2,/mnt/chenpeijian/autodrive/StreetWorld/lead/3rd_party/navsim_workspace/dataset/maps does not exist!
e7c691d409295501,False,2,/mnt/chenpeijian/autodrive/StreetWorld/lead/3rd_party/navsim_workspace/dataset/maps does not exist!
e80df2a74bfd5a22,False,2,/mnt/chenpeijian/autodrive/StreetWorld/lead/3rd_party/navsim_workspace/dataset/maps does not exist!
e83be8437b0c5862,False,2,/mnt/chenpeijian/autodrive/StreetWorld/lead/3rd_party/navsim_workspace/dataset/maps does not exist!
e87ffda7f5655c3c,False,2,/mnt/chenpeijian/autodrive/StreetWorld/lead/3rd_party/navsim_workspace/dataset/maps does not exist!
e89ad5d8a66250f0,False,2,/mnt/chenpeijian/autodrive/StreetWorld/lead/3rd_party/navsim_workspace/dataset/maps does not exist!
e8daa33268685b31,False,2,/mnt/chenpeijian/autodrive/StreetWorld/lead/3rd_party/navsim_workspace/dataset/maps does not exist!
e90d6c211deb5f05,False,2,/mnt/chenpeijian/autodrive/StreetWorld/lead/3rd_party/navsim_workspace/dataset/maps does not exist!
e9597ce7a5a7589b,False,2,/mnt/chenpeijian/autodrive/StreetWorld/lead/3rd_party/navsim_workspace/dataset/maps does not exist!
e97cd418ab4c5691,False,2,/mnt/chenpeijian/autodrive/StreetWorld/lead/3rd_party/navsim_workspace/dataset/maps does not exist!
e9a71ddab0055f99,False,2,/mnt/chenpeijian/autodrive/StreetWorld/lead/3rd_party/navsim_workspace/dataset/maps does not exist!
e9d869eb2d255788,False,2,/mnt/chenpeijian/autodrive/StreetWorld/lead/3rd_party/navsim_workspace/dataset/maps does not exist!
ea1b4fddc18d51bf,False,2,/mnt/chenpeijian/autodrive/StreetWorld/lead/3rd_party/navsim_workspace/dataset/maps does not exist!
ea3766d0f2985fc8,False,2,/mnt/chenpeijian/autodrive/StreetWorld/lead/3rd_party/navsim_workspace/dataset/maps does not exist!
ea60e66a13335f6e,False,2,/mnt/chenpeijian/autodrive/StreetWorld/lead/3rd_party/navsim_workspace/dataset/maps does not exist!
ea93b5b81d425814,False,2,/mnt/chenpeijian/autodrive/StreetWorld/lead/3rd_party/navsim_workspace/dataset/maps does not exist!
eae658a09ef152a9,False,2,/mnt/chenpeijian/autodrive/StreetWorld/lead/3rd_party/navsim_workspace/dataset/maps does not exist!
eb2304df049d5ce3,False,2,/mnt/chenpeijian/autodrive/StreetWorld/lead/3rd_party/navsim_workspace/dataset/maps does not exist!
eb5989e21dc35a47,False,2,/mnt/chenpeijian/autodrive/StreetWorld/lead/3rd_party/navsim_workspace/dataset/maps does not exist!
eb890bda8eb75f6c,False,2,/mnt/chenpeijian/autodrive/StreetWorld/lead/3rd_party/navsim_workspace/dataset/maps does not exist!
ebd8d87ff33b5b7a,False,2,/mnt/chenpeijian/autodrive/StreetWorld/lead/3rd_party/navsim_workspace/dataset/maps does not exist!
ec097e80d5565caa,False,2,/mnt/chenpeijian/autodrive/StreetWorld/lead/3rd_party/navsim_workspace/dataset/maps does not exist!
ec5e157a5222534d,False,2,/mnt/chenpeijian/autodrive/StreetWorld/lead/3rd_party/navsim_workspace/dataset/maps does not exist!
ec7ca545f4055a2b,False,2,/mnt/chenpeijian/autodrive/StreetWorld/lead/3rd_party/navsim_workspace/dataset/maps does not exist!
eccb91aff29c5415,False,2,/mnt/chenpeijian/autodrive/StreetWorld/lead/3rd_party/navsim_workspace/dataset/maps does not exist!
ece9650c827e569f,False,2,/mnt/chenpeijian/autodrive/StreetWorld/lead/3rd_party/navsim_workspace/dataset/maps does not exist!
ed1a1174e6aa5270,False,2,/mnt/chenpeijian/autodrive/StreetWorld/lead/3rd_party/navsim_workspace/dataset/maps does not exist!
ed4bcfb05c405bac,False,2,/mnt/chenpeijian/autodrive/StreetWorld/lead/3rd_party/navsim_workspace/dataset/maps does not exist!
ed7e9a246a01525d,False,2,/mnt/chenpeijian/autodrive/StreetWorld/lead/3rd_party/navsim_workspace/dataset/maps does not exist!
ed98d12e4c99536d,False,2,/mnt/chenpeijian/autodrive/StreetWorld/lead/3rd_party/navsim_workspace/dataset/maps does not exist!
eddb4834d5e459c6,False,2,/mnt/chenpeijian/autodrive/StreetWorld/lead/3rd_party/navsim_workspace/dataset/maps does not exist!
ee53e7213c995a0b,False,2,/mnt/chenpeijian/autodrive/StreetWorld/lead/3rd_party/navsim_workspace/dataset/maps does not exist!
ee82b0fc7b2a5208,False,2,/mnt/chenpeijian/autodrive/StreetWorld/lead/3rd_party/navsim_workspace/dataset/maps does not exist!
ee8e4ad158ef5a8d,False,2,/mnt/chenpeijian/autodrive/StreetWorld/lead/3rd_party/navsim_workspace/dataset/maps does not exist!
eea61634eb875210,False,2,/mnt/chenpeijian/autodrive/StreetWorld/lead/3rd_party/navsim_workspace/dataset/maps does not exist!
eed801b1cd035275,False,2,/mnt/chenpeijian/autodrive/StreetWorld/lead/3rd_party/navsim_workspace/dataset/maps does not exist!
ef11e35afed25326,False,2,/mnt/chenpeijian/autodrive/StreetWorld/lead/3rd_party/navsim_workspace/dataset/maps does not exist!
ef41e9c7f99d5d85,False,2,/mnt/chenpeijian/autodrive/StreetWorld/lead/3rd_party/navsim_workspace/dataset/maps does not exist!
ef703bb40b9a516c,False,2,/mnt/chenpeijian/autodrive/StreetWorld/lead/3rd_party/navsim_workspace/dataset/maps does not exist!
ef886d0dee3e534c,False,2,/mnt/chenpeijian/autodrive/StreetWorld/lead/3rd_party/navsim_workspace/dataset/maps does not exist!
efbd7ea4d97c5cb9,False,2,/mnt/chenpeijian/autodrive/StreetWorld/lead/3rd_party/navsim_workspace/dataset/maps does not exist!
efe0cf18491855e6,False,2,/mnt/chenpeijian/autodrive/StreetWorld/lead/3rd_party/navsim_workspace/dataset/maps does not exist!
f01fa850d0455e68,False,2,/mnt/chenpeijian/autodrive/StreetWorld/lead/3rd_party/navsim_workspace/dataset/maps does not exist!
f064ef8fafcf5528,False,2,/mnt/chenpeijian/autodrive/StreetWorld/lead/3rd_party/navsim_workspace/dataset/maps does not exist!
f0a338ae8f3a56bd,False,2,/mnt/chenpeijian/autodrive/StreetWorld/lead/3rd_party/navsim_workspace/dataset/maps does not exist!
f102658ad87c561f,False,2,/mnt/chenpeijian/autodrive/StreetWorld/lead/3rd_party/navsim_workspace/dataset/maps does not exist!
f11cf1d1b58454d8,False,2,/mnt/chenpeijian/autodrive/StreetWorld/lead/3rd_party/navsim_workspace/dataset/maps does not exist!
f15b772180455c2f,False,2,/mnt/chenpeijian/autodrive/StreetWorld/lead/3rd_party/navsim_workspace/dataset/maps does not exist!
f1ae86b9b6a75893,False,2,/mnt/chenpeijian/autodrive/StreetWorld/lead/3rd_party/navsim_workspace/dataset/maps does not exist!
f1ceb70bd72a5048,False,2,/mnt/chenpeijian/autodrive/StreetWorld/lead/3rd_party/navsim_workspace/dataset/maps does not exist!
f2033bf66332541b,False,2,/mnt/chenpeijian/autodrive/StreetWorld/lead/3rd_party/navsim_workspace/dataset/maps does not exist!
f227c6775ba75451,False,2,/mnt/chenpeijian/autodrive/StreetWorld/lead/3rd_party/navsim_workspace/dataset/maps does not exist!
f24100a519ef5940,False,2,/mnt/chenpeijian/autodrive/StreetWorld/lead/3rd_party/navsim_workspace/dataset/maps does not exist!
f25f862298af549d,False,2,/mnt/chenpeijian/autodrive/StreetWorld/lead/3rd_party/navsim_workspace/dataset/maps does not exist!
f29d6171f46b551d,False,2,/mnt/chenpeijian/autodrive/StreetWorld/lead/3rd_party/navsim_workspace/dataset/maps does not exist!
f2dd261c41755967,False,2,/mnt/chenpeijian/autodrive/StreetWorld/lead/3rd_party/navsim_workspace/dataset/maps does not exist!
f308a472f26056a7,False,2,/mnt/chenpeijian/autodrive/StreetWorld/lead/3rd_party/navsim_workspace/dataset/maps does not exist!
f33a23766bcb55a6,False,2,/mnt/chenpeijian/autodrive/StreetWorld/lead/3rd_party/navsim_workspace/dataset/maps does not exist!
f36b32268f1c5404,False,2,/mnt/chenpeijian/autodrive/StreetWorld/lead/3rd_party/navsim_workspace/dataset/maps does not exist!
f381809a5ec053f3,False,2,/mnt/chenpeijian/autodrive/StreetWorld/lead/3rd_party/navsim_workspace/dataset/maps does not exist!
f3aaed259ab15dcc,False,2,/mnt/chenpeijian/autodrive/StreetWorld/lead/3rd_party/navsim_workspace/dataset/maps does not exist!
f3fc5020ecbd537f,False,2,/mnt/chenpeijian/autodrive/StreetWorld/lead/3rd_party/navsim_workspace/dataset/maps does not exist!
f414059fffd45057,False,2,/mnt/chenpeijian/autodrive/StreetWorld/lead/3rd_party/navsim_workspace/dataset/maps does not exist!
f4495a91b9fb505d,False,2,/mnt/chenpeijian/autodrive/StreetWorld/lead/3rd_party/navsim_workspace/dataset/maps does not exist!
f4991b521fa15f17,False,2,/mnt/chenpeijian/autodrive/StreetWorld/lead/3rd_party/navsim_workspace/dataset/maps does not exist!
f4e2ec6e37535056,False,2,/mnt/chenpeijian/autodrive/StreetWorld/lead/3rd_party/navsim_workspace/dataset/maps does not exist!
f51357fd3f59500a,False,2,/mnt/chenpeijian/autodrive/StreetWorld/lead/3rd_party/navsim_workspace/dataset/maps does not exist!
f55f99174afa5d7e,False,2,/mnt/chenpeijian/autodrive/StreetWorld/lead/3rd_party/navsim_workspace/dataset/maps does not exist!
f597ea9aeb7f512d,False,2,/mnt/chenpeijian/autodrive/StreetWorld/lead/3rd_party/navsim_workspace/dataset/maps does not exist!
f5cb61c359ce574b,False,2,/mnt/chenpeijian/autodrive/StreetWorld/lead/3rd_party/navsim_workspace/dataset/maps does not exist!
f5eb7105d1d358c5,False,2,/mnt/chenpeijian/autodrive/StreetWorld/lead/3rd_party/navsim_workspace/dataset/maps does not exist!
f6195258cc20552f,False,2,/mnt/chenpeijian/autodrive/StreetWorld/lead/3rd_party/navsim_workspace/dataset/maps does not exist!
f636a93caad2585f,False,2,/mnt/chenpeijian/autodrive/StreetWorld/lead/3rd_party/navsim_workspace/dataset/maps does not exist!
f665cf888bbd5595,False,2,/mnt/chenpeijian/autodrive/StreetWorld/lead/3rd_party/navsim_workspace/dataset/maps does not exist!
f6a5c2b1f50d5afc,False,2,/mnt/chenpeijian/autodrive/StreetWorld/lead/3rd_party/navsim_workspace/dataset/maps does not exist!
f6ce545dcc975501,False,2,/mnt/chenpeijian/autodrive/StreetWorld/lead/3rd_party/navsim_workspace/dataset/maps does not exist!
f6f14df95f6c52af,False,2,/mnt/chenpeijian/autodrive/StreetWorld/lead/3rd_party/navsim_workspace/dataset/maps does not exist!
f727c5fa1e735d2d,False,2,/mnt/chenpeijian/autodrive/StreetWorld/lead/3rd_party/navsim_workspace/dataset/maps does not exist!
f742c7490c2d5b98,False,2,/mnt/chenpeijian/autodrive/StreetWorld/lead/3rd_party/navsim_workspace/dataset/maps does not exist!
f769ef75631451c8,False,2,/mnt/chenpeijian/autodrive/StreetWorld/lead/3rd_party/navsim_workspace/dataset/maps does not exist!
f79931e74df250f7,False,2,/mnt/chenpeijian/autodrive/StreetWorld/lead/3rd_party/navsim_workspace/dataset/maps does not exist!
f7cef72b285555af,False,2,/mnt/chenpeijian/autodrive/StreetWorld/lead/3rd_party/navsim_workspace/dataset/maps does not exist!
f8191af1aab95906,False,2,/mnt/chenpeijian/autodrive/StreetWorld/lead/3rd_party/navsim_workspace/dataset/maps does not exist!
f86eb011b333505e,False,2,/mnt/chenpeijian/autodrive/StreetWorld/lead/3rd_party/navsim_workspace/dataset/maps does not exist!
f8b4b55200585f2b,False,2,/mnt/chenpeijian/autodrive/StreetWorld/lead/3rd_party/navsim_workspace/dataset/maps does not exist!
f8e2454674f75e0f,False,2,/mnt/chenpeijian/autodrive/StreetWorld/lead/3rd_party/navsim_workspace/dataset/maps does not exist!
f91647b196dd5180,False,2,/mnt/chenpeijian/autodrive/StreetWorld/lead/3rd_party/navsim_workspace/dataset/maps does not exist!
f952ad55ab565465,False,2,/mnt/chenpeijian/autodrive/StreetWorld/lead/3rd_party/navsim_workspace/dataset/maps does not exist!
f98bff8bb0675d96,False,2,/mnt/chenpeijian/autodrive/StreetWorld/lead/3rd_party/navsim_workspace/dataset/maps does not exist!
f9c41d66eb3c5d86,False,2,/mnt/chenpeijian/autodrive/StreetWorld/lead/3rd_party/navsim_workspace/dataset/maps does not exist!
f9f97f2e6d435822,False,2,/mnt/chenpeijian/autodrive/StreetWorld/lead/3rd_party/navsim_workspace/dataset/maps does not exist!
fa545b09688957b8,False,2,/mnt/chenpeijian/autodrive/StreetWorld/lead/3rd_party/navsim_workspace/dataset/maps does not exist!
fa7555f0099f5c59,False,2,/mnt/chenpeijian/autodrive/StreetWorld/lead/3rd_party/navsim_workspace/dataset/maps does not exist!
fa9a6007ed205fe7,False,2,/mnt/chenpeijian/autodrive/StreetWorld/lead/3rd_party/navsim_workspace/dataset/maps does not exist!
fae7a01d5d815f04,False,2,/mnt/chenpeijian/autodrive/StreetWorld/lead/3rd_party/navsim_workspace/dataset/maps does not exist!
fb0a26a28ec359ce,False,2,/mnt/chenpeijian/autodrive/StreetWorld/lead/3rd_party/navsim_workspace/dataset/maps does not exist!
fb2a6578f15d5ff5,False,2,/mnt/chenpeijian/autodrive/StreetWorld/lead/3rd_party/navsim_workspace/dataset/maps does not exist!
fb5265ab37085422,False,2,/mnt/chenpeijian/autodrive/StreetWorld/lead/3rd_party/navsim_workspace/dataset/maps does not exist!
fb8f21990ffb52d5,False,2,/mnt/chenpeijian/autodrive/StreetWorld/lead/3rd_party/navsim_workspace/dataset/maps does not exist!
fbe0e54ef79254bb,False,2,/mnt/chenpeijian/autodrive/StreetWorld/lead/3rd_party/navsim_workspace/dataset/maps does not exist!
fc09376fd45c509a,False,2,/mnt/chenpeijian/autodrive/StreetWorld/lead/3rd_party/navsim_workspace/dataset/maps does not exist!
fc0d202904585a6a,False,2,/mnt/chenpeijian/autodrive/StreetWorld/lead/3rd_party/navsim_workspace/dataset/maps does not exist!
fc48d9805c955217,False,2,/mnt/chenpeijian/autodrive/StreetWorld/lead/3rd_party/navsim_workspace/dataset/maps does not exist!
fc844eb140035b27,False,2,/mnt/chenpeijian/autodrive/StreetWorld/lead/3rd_party/navsim_workspace/dataset/maps does not exist!
fcb4f430c99050b3,False,2,/mnt/chenpeijian/autodrive/StreetWorld/lead/3rd_party/navsim_workspace/dataset/maps does not exist!
fce752b25ce55380,False,2,/mnt/chenpeijian/autodrive/StreetWorld/lead/3rd_party/navsim_workspace/dataset/maps does not exist!
fd3606c29f3f57fb,False,2,/mnt/chenpeijian/autodrive/StreetWorld/lead/3rd_party/navsim_workspace/dataset/maps does not exist!
fd676fd01e475e33,False,2,/mnt/chenpeijian/autodrive/StreetWorld/lead/3rd_party/navsim_workspace/dataset/maps does not exist!
fd99b81c7f2b5ed7,False,2,/mnt/chenpeijian/autodrive/StreetWorld/lead/3rd_party/navsim_workspace/dataset/maps does not exist!
fdba4d15c05554e1,False,2,/mnt/chenpeijian/autodrive/StreetWorld/lead/3rd_party/navsim_workspace/dataset/maps does not exist!
fddb0bdd1d7f53e0,False,2,/mnt/chenpeijian/autodrive/StreetWorld/lead/3rd_party/navsim_workspace/dataset/maps does not exist!
fe0a33d7599a59b3,False,2,/mnt/chenpeijian/autodrive/StreetWorld/lead/3rd_party/navsim_workspace/dataset/maps does not exist!
fe4459e9f02052d3,False,2,/mnt/chenpeijian/autodrive/StreetWorld/lead/3rd_party/navsim_workspace/dataset/maps does not exist!
fe5247f772d15ec0,False,2,/mnt/chenpeijian/autodrive/StreetWorld/lead/3rd_party/navsim_workspace/dataset/maps does not exist!
fe746b45992f5a69,False,2,/mnt/chenpeijian/autodrive/StreetWorld/lead/3rd_party/navsim_workspace/dataset/maps does not exist!
fe9e76e6cac35fba,False,2,/mnt/chenpeijian/autodrive/StreetWorld/lead/3rd_party/navsim_workspace/dataset/maps does not exist!
fefad5f7d3405512,False,2,/mnt/chenpeijian/autodrive/StreetWorld/lead/3rd_party/navsim_workspace/dataset/maps does not exist!
ff1a305b2c1752af,False,2,/mnt/chenpeijian/autodrive/StreetWorld/lead/3rd_party/navsim_workspace/dataset/maps does not exist!
ff5e13b14d735e52,False,2,/mnt/chenpeijian/autodrive/StreetWorld/lead/3rd_party/navsim_workspace/dataset/maps does not exist!
ff86cfb959e1545e,False,2,/mnt/chenpeijian/autodrive/StreetWorld/lead/3rd_party/navsim_workspace/dataset/maps does not exist!
ffb89fa44ab351b9,False,2,/mnt/chenpeijian/autodrive/StreetWorld/lead/3rd_party/navsim_workspace/dataset/maps does not exist!
ffd429cac51751d9,False,2,/mnt/chenpeijian/autodrive/StreetWorld/lead/3rd_party/navsim_workspace/dataset/maps does not exist!
fff690c93ca15495,False,2,/mnt/chenpeijian/autodrive/StreetWorld/lead/3rd_party/navsim_workspace/dataset/maps does not exist!
000bf168dd5159af,False,3,/mnt/chenpeijian/autodrive/StreetWorld/lead/3rd_party/navsim_workspace/dataset/maps does not exist!
002a52b0ed5650da,False,3,/mnt/chenpeijian/autodrive/StreetWorld/lead/3rd_party/navsim_workspace/dataset/maps does not exist!
0057ce5b81c35a81,False,3,/mnt/chenpeijian/autodrive/StreetWorld/lead/3rd_party/navsim_workspace/dataset/maps does not exist!
0088dd94bbb85394,False,3,/mnt/chenpeijian/autodrive/StreetWorld/lead/3rd_party/navsim_workspace/dataset/maps does not exist!
00c489998dd4555c,False,3,/mnt/chenpeijian/autodrive/StreetWorld/lead/3rd_party/navsim_workspace/dataset/maps does not exist!
011376b151f2526c,False,3,/mnt/chenpeijian/autodrive/StreetWorld/lead/3rd_party/navsim_workspace/dataset/maps does not exist!
01329f4a29285dfe,False,3,/mnt/chenpeijian/autodrive/StreetWorld/lead/3rd_party/navsim_workspace/dataset/maps does not exist!
0145102e6c2f5803,False,3,/mnt/chenpeijian/autodrive/StreetWorld/lead/3rd_party/navsim_workspace/dataset/maps does not exist!
0179d579d30e588c,False,3,/mnt/chenpeijian/autodrive/StreetWorld/lead/3rd_party/navsim_workspace/dataset/maps does not exist!
01ace31ecf365cbb,False,3,/mnt/chenpeijian/autodrive/StreetWorld/lead/3rd_party/navsim_workspace/dataset/maps does not exist!
01d3726e5bc2576b,False,3,/mnt/chenpeijian/autodrive/StreetWorld/lead/3rd_party/navsim_workspace/dataset/maps does not exist!
01ff2ecc002851a1,False,3,/mnt/chenpeijian/autodrive/StreetWorld/lead/3rd_party/navsim_workspace/dataset/maps does not exist!
022cc20c8dd45bc5,False,3,/mnt/chenpeijian/autodrive/StreetWorld/lead/3rd_party/navsim_workspace/dataset/maps does not exist!
026e7b1e0e335625,False,3,/mnt/chenpeijian/autodrive/StreetWorld/lead/3rd_party/navsim_workspace/dataset/maps does not exist!
029585f0509d52b0,False,3,/mnt/chenpeijian/autodrive/StreetWorld/lead/3rd_party/navsim_workspace/dataset/maps does not exist!
02d9591fc6de53c8,False,3,/mnt/chenpeijian/autodrive/StreetWorld/lead/3rd_party/navsim_workspace/dataset/maps does not exist!
02f1ad081f41550e,False,3,/mnt/chenpeijian/autodrive/StreetWorld/lead/3rd_party/navsim_workspace/dataset/maps does not exist!
03269d4ad9e45809,False,3,/mnt/chenpeijian/autodrive/StreetWorld/lead/3rd_party/navsim_workspace/dataset/maps does not exist!
0367791336c3533e,False,3,/mnt/chenpeijian/autodrive/StreetWorld/lead/3rd_party/navsim_workspace/dataset/maps does not exist!
038948dd9db85d2a,False,3,/mnt/chenpeijian/autodrive/StreetWorld/lead/3rd_party/navsim_workspace/dataset/maps does not exist!
03ad57c205da56f2,False,3,/mnt/chenpeijian/autodrive/StreetWorld/lead/3rd_party/navsim_workspace/dataset/maps does not exist!
03e24d87e7315809,False,3,/mnt/chenpeijian/autodrive/StreetWorld/lead/3rd_party/navsim_workspace/dataset/maps does not exist!
0438474da1ac593d,False,3,/mnt/chenpeijian/autodrive/StreetWorld/lead/3rd_party/navsim_workspace/dataset/maps does not exist!
045cd0254b3f5ad2,False,3,/mnt/chenpeijian/autodrive/StreetWorld/lead/3rd_party/navsim_workspace/dataset/maps does not exist!
047b56d34f1d5aa0,False,3,/mnt/chenpeijian/autodrive/StreetWorld/lead/3rd_party/navsim_workspace/dataset/maps does not exist!
04cdd9195f885ac6,False,3,/mnt/chenpeijian/autodrive/StreetWorld/lead/3rd_party/navsim_workspace/dataset/maps does not exist!
04f5b9e8203c5a92,False,3,/mnt/chenpeijian/autodrive/StreetWorld/lead/3rd_party/navsim_workspace/dataset/maps does not exist!
0530c20c3c71533a,False,3,/mnt/chenpeijian/autodrive/StreetWorld/lead/3rd_party/navsim_workspace/dataset/maps does not exist!
0561ac957ffc5c4f,False,3,/mnt/chenpeijian/autodrive/StreetWorld/lead/3rd_party/navsim_workspace/dataset/maps does not exist!
0578fbc7c369583a,False,3,/mnt/chenpeijian/autodrive/StreetWorld/lead/3rd_party/navsim_workspace/dataset/maps does not exist!
05987b88b7be5bea,False,3,/mnt/chenpeijian/autodrive/StreetWorld/lead/3rd_party/navsim_workspace/dataset/maps does not exist!
05d6d7d83b97547c,False,3,/mnt/chenpeijian/autodrive/StreetWorld/lead/3rd_party/navsim_workspace/dataset/maps does not exist!
0613d88c01b453c9,False,3,/mnt/chenpeijian/autodrive/StreetWorld/lead/3rd_party/navsim_workspace/dataset/maps does not exist!
063f7dfe767d55aa,False,3,/mnt/chenpeijian/autodrive/StreetWorld/lead/3rd_party/navsim_workspace/dataset/maps does not exist!
067d731005885300,False,3,/mnt/chenpeijian/autodrive/StreetWorld/lead/3rd_party/navsim_workspace/dataset/maps does not exist!
069c6a5e408653ab,False,3,/mnt/chenpeijian/autodrive/StreetWorld/lead/3rd_party/navsim_workspace/dataset/maps does not exist!
06cfef4de99d5ead,False,3,/mnt/chenpeijian/autodrive/StreetWorld/lead/3rd_party/navsim_workspace/dataset/maps does not exist!
06eaba80b0bf50f0,False,3,/mnt/chenpeijian/autodrive/StreetWorld/lead/3rd_party/navsim_workspace/dataset/maps does not exist!
071f7885a37e591f,False,3,/mnt/chenpeijian/autodrive/StreetWorld/lead/3rd_party/navsim_workspace/dataset/maps does not exist!
075cf94c3db15021,False,3,/mnt/chenpeijian/autodrive/StreetWorld/lead/3rd_party/navsim_workspace/dataset/maps does not exist!
0777f5a7263758be,False,3,/mnt/chenpeijian/autodrive/StreetWorld/lead/3rd_party/navsim_workspace/dataset/maps does not exist!
07a6f60eb9795462,False,3,/mnt/chenpeijian/autodrive/StreetWorld/lead/3rd_party/navsim_workspace/dataset/maps does not exist!
07d1a751018a526f,False,3,/mnt/chenpeijian/autodrive/StreetWorld/lead/3rd_party/navsim_workspace/dataset/maps does not exist!
08226b91e42858de,False,3,/mnt/chenpeijian/autodrive/StreetWorld/lead/3rd_party/navsim_workspace/dataset/maps does not exist!
085f9a1ec71b50c2,False,3,/mnt/chenpeijian/autodrive/StreetWorld/lead/3rd_party/navsim_workspace/dataset/maps does not exist!
087e15b24dd55c90,False,3,/mnt/chenpeijian/autodrive/StreetWorld/lead/3rd_party/navsim_workspace/dataset/maps does not exist!
08ac82bf0eeb5661,False,3,/mnt/chenpeijian/autodrive/StreetWorld/lead/3rd_party/navsim_workspace/dataset/maps does not exist!
08e025b8ab6253bc,False,3,/mnt/chenpeijian/autodrive/StreetWorld/lead/3rd_party/navsim_workspace/dataset/maps does not exist!
09034d77d3b15c5a,False,3,/mnt/chenpeijian/autodrive/StreetWorld/lead/3rd_party/navsim_workspace/dataset/maps does not exist!
0937290700b851a0,False,3,/mnt/chenpeijian/autodrive/StreetWorld/lead/3rd_party/navsim_workspace/dataset/maps does not exist!
09779eb483435cab,False,3,/mnt/chenpeijian/autodrive/StreetWorld/lead/3rd_party/navsim_workspace/dataset/maps does not exist!
09a004a6ded55f7e,False,3,/mnt/chenpeijian/autodrive/StreetWorld/lead/3rd_party/navsim_workspace/dataset/maps does not exist!
09cd7b3746d65a79,False,3,/mnt/chenpeijian/autodrive/StreetWorld/lead/3rd_party/navsim_workspace/dataset/maps does not exist!
09df1da0af885ddd,False,3,/mnt/chenpeijian/autodrive/StreetWorld/lead/3rd_party/navsim_workspace/dataset/maps does not exist!
0a21cbc65e5b514f,False,3,/mnt/chenpeijian/autodrive/StreetWorld/lead/3rd_party/navsim_workspace/dataset/maps does not exist!
0a51eb8adf8e5391,False,3,/mnt/chenpeijian/autodrive/StreetWorld/lead/3rd_party/navsim_workspace/dataset/maps does not exist!
0a6e90cccbb15213,False,3,/mnt/chenpeijian/autodrive/StreetWorld/lead/3rd_party/navsim_workspace/dataset/maps does not exist!
0a954cc695e751ab,False,3,/mnt/chenpeijian/autodrive/StreetWorld/lead/3rd_party/navsim_workspace/dataset/maps does not exist!
0ad9939a6b875bf8,False,3,/mnt/chenpeijian/autodrive/StreetWorld/lead/3rd_party/navsim_workspace/dataset/maps does not exist!
0af464147919575d,False,3,/mnt/chenpeijian/autodrive/StreetWorld/lead/3rd_party/navsim_workspace/dataset/maps does not exist!
0b177a1d821055ea,False,3,/mnt/chenpeijian/autodrive/StreetWorld/lead/3rd_party/navsim_workspace/dataset/maps does not exist!
0b4617cb0ac15035,False,3,/mnt/chenpeijian/autodrive/StreetWorld/lead/3rd_party/navsim_workspace/dataset/maps does not exist!
0b714952ea0b5017,False,3,/mnt/chenpeijian/autodrive/StreetWorld/lead/3rd_party/navsim_workspace/dataset/maps does not exist!
0bb3e400083659c7,False,3,/mnt/chenpeijian/autodrive/StreetWorld/lead/3rd_party/navsim_workspace/dataset/maps does not exist!
0bd89ca329cd55f9,False,3,/mnt/chenpeijian/autodrive/StreetWorld/lead/3rd_party/navsim_workspace/dataset/maps does not exist!
0c027fc454685c14,False,3,/mnt/chenpeijian/autodrive/StreetWorld/lead/3rd_party/navsim_workspace/dataset/maps does not exist!
0c3c4cd553475d3a,False,3,/mnt/chenpeijian/autodrive/StreetWorld/lead/3rd_party/navsim_workspace/dataset/maps does not exist!
0c5feb2794e9579c,False,3,/mnt/chenpeijian/autodrive/StreetWorld/lead/3rd_party/navsim_workspace/dataset/maps does not exist!
0c9105d8ad6a5f52,False,3,/mnt/chenpeijian/autodrive/StreetWorld/lead/3rd_party/navsim_workspace/dataset/maps does not exist!
0cbeffce57295a2b,False,3,/mnt/chenpeijian/autodrive/StreetWorld/lead/3rd_party/navsim_workspace/dataset/maps does not exist!
0cf908f72d885124,False,3,/mnt/chenpeijian/autodrive/StreetWorld/lead/3rd_party/navsim_workspace/dataset/maps does not exist!
0d40059cfdf75e7a,False,3,/mnt/chenpeijian/autodrive/StreetWorld/lead/3rd_party/navsim_workspace/dataset/maps does not exist!
0d77009a20f25175,False,3,/mnt/chenpeijian/autodrive/StreetWorld/lead/3rd_party/navsim_workspace/dataset/maps does not exist!
0d9243e74a1a501a,False,3,/mnt/chenpeijian/autodrive/StreetWorld/lead/3rd_party/navsim_workspace/dataset/maps does not exist!
0db36f777178525a,False,3,/mnt/chenpeijian/autodrive/StreetWorld/lead/3rd_party/navsim_workspace/dataset/maps does not exist!
0dd9b379a2e3595f,False,3,/mnt/chenpeijian/autodrive/StreetWorld/lead/3rd_party/navsim_workspace/dataset/maps does not exist!
0df6f24a95e75544,False,3,/mnt/chenpeijian/autodrive/StreetWorld/lead/3rd_party/navsim_workspace/dataset/maps does not exist!
0e0e30877d725664,False,3,/mnt/chenpeijian/autodrive/StreetWorld/lead/3rd_party/navsim_workspace/dataset/maps does not exist!
0e4dac4154695627,False,3,/mnt/chenpeijian/autodrive/StreetWorld/lead/3rd_party/navsim_workspace/dataset/maps does not exist!
0e81b2ebbb30575e,False,3,/mnt/chenpeijian/autodrive/StreetWorld/lead/3rd_party/navsim_workspace/dataset/maps does not exist!
0eb72de48c875897,False,3,/mnt/chenpeijian/autodrive/StreetWorld/lead/3rd_party/navsim_workspace/dataset/maps does not exist!
0efc84a20a7d5b07,False,3,/mnt/chenpeijian/autodrive/StreetWorld/lead/3rd_party/navsim_workspace/dataset/maps does not exist!
0f3c4d7aee1e572c,False,3,/mnt/chenpeijian/autodrive/StreetWorld/lead/3rd_party/navsim_workspace/dataset/maps does not exist!
0f4984d978155b23,False,3,/mnt/chenpeijian/autodrive/StreetWorld/lead/3rd_party/navsim_workspace/dataset/maps does not exist!
0f71d72c3b415be6,False,3,/mnt/chenpeijian/autodrive/StreetWorld/lead/3rd_party/navsim_workspace/dataset/maps does not exist!
0f83bb5cecbe56df,False,3,/mnt/chenpeijian/autodrive/StreetWorld/lead/3rd_party/navsim_workspace/dataset/maps does not exist!
0fa4d1e0739659b4,False,3,/mnt/chenpeijian/autodrive/StreetWorld/lead/3rd_party/navsim_workspace/dataset/maps does not exist!
0fd48798118057f7,False,3,/mnt/chenpeijian/autodrive/StreetWorld/lead/3rd_party/navsim_workspace/dataset/maps does not exist!
10193911d433540b,False,3,/mnt/chenpeijian/autodrive/StreetWorld/lead/3rd_party/navsim_workspace/dataset/maps does not exist!
103c3ee1db23521d,False,3,/mnt/chenpeijian/autodrive/StreetWorld/lead/3rd_party/navsim_workspace/dataset/maps does not exist!
10909749099354e6,False,3,/mnt/chenpeijian/autodrive/StreetWorld/lead/3rd_party/navsim_workspace/dataset/maps does not exist!
10bb4009fdf4513b,False,3,/mnt/chenpeijian/autodrive/StreetWorld/lead/3rd_party/navsim_workspace/dataset/maps does not exist!
10f5795252265ff3,False,3,/mnt/chenpeijian/autodrive/StreetWorld/lead/3rd_party/navsim_workspace/dataset/maps does not exist!
111191a59b9c53c2,False,3,/mnt/chenpeijian/autodrive/StreetWorld/lead/3rd_party/navsim_workspace/dataset/maps does not exist!
1134d05b608b54e8,False,3,/mnt/chenpeijian/autodrive/StreetWorld/lead/3rd_party/navsim_workspace/dataset/maps does not exist!
1164ea5308cf5aae,False,3,/mnt/chenpeijian/autodrive/StreetWorld/lead/3rd_party/navsim_workspace/dataset/maps does not exist!
11811a7320ab58db,False,3,/mnt/chenpeijian/autodrive/StreetWorld/lead/3rd_party/navsim_workspace/dataset/maps does not exist!
11c529f1623b5034,False,3,/mnt/chenpeijian/autodrive/StreetWorld/lead/3rd_party/navsim_workspace/dataset/maps does not exist!
11de8888bf235231,False,3,/mnt/chenpeijian/autodrive/StreetWorld/lead/3rd_party/navsim_workspace/dataset/maps does not exist!
1212ba4b68e95583,False,3,/mnt/chenpeijian/autodrive/StreetWorld/lead/3rd_party/navsim_workspace/dataset/maps does not exist!
123bc88af914514c,False,3,/mnt/chenpeijian/autodrive/StreetWorld/lead/3rd_party/navsim_workspace/dataset/maps does not exist!
12800b02eb685132,False,3,/mnt/chenpeijian/autodrive/StreetWorld/lead/3rd_party/navsim_workspace/dataset/maps does not exist!
129c4e6b058a5f6d,False,3,/mnt/chenpeijian/autodrive/StreetWorld/lead/3rd_party/navsim_workspace/dataset/maps does not exist!
12ca80cc0d575578,False,3,/mnt/chenpeijian/autodrive/StreetWorld/lead/3rd_party/navsim_workspace/dataset/maps does not exist!
1309e3cfb6f25c6e,False,3,/mnt/chenpeijian/autodrive/StreetWorld/lead/3rd_party/navsim_workspace/dataset/maps does not exist!
13310ca9a7715154,False,3,/mnt/chenpeijian/autodrive/StreetWorld/lead/3rd_party/navsim_workspace/dataset/maps does not exist!
134cbee5a9635cd7,False,3,/mnt/chenpeijian/autodrive/StreetWorld/lead/3rd_party/navsim_workspace/dataset/maps does not exist!
13b9787d163b5072,False,3,/mnt/chenpeijian/autodrive/StreetWorld/lead/3rd_party/navsim_workspace/dataset/maps does not exist!
13cfa80cabf85b80,False,3,/mnt/chenpeijian/autodrive/StreetWorld/lead/3rd_party/navsim_workspace/dataset/maps does not exist!
1407c7f0f32a5738,False,3,/mnt/chenpeijian/autodrive/StreetWorld/lead/3rd_party/navsim_workspace/dataset/maps does not exist!
144116b6c1e35d3e,False,3,/mnt/chenpeijian/autodrive/StreetWorld/lead/3rd_party/navsim_workspace/dataset/maps does not exist!
14b4283d229a5e3d,False,3,/mnt/chenpeijian/autodrive/StreetWorld/lead/3rd_party/navsim_workspace/dataset/maps does not exist!
14d53eb06a7d582a,False,3,/mnt/chenpeijian/autodrive/StreetWorld/lead/3rd_party/navsim_workspace/dataset/maps does not exist!
14f10a29b9235b38,False,3,/mnt/chenpeijian/autodrive/StreetWorld/lead/3rd_party/navsim_workspace/dataset/maps does not exist!
151436bbacb858b5,False,3,/mnt/chenpeijian/autodrive/StreetWorld/lead/3rd_party/navsim_workspace/dataset/maps does not exist!
152a3fbb37155fa0,False,3,/mnt/chenpeijian/autodrive/StreetWorld/lead/3rd_party/navsim_workspace/dataset/maps does not exist!
15454d7562d45fe6,False,3,/mnt/chenpeijian/autodrive/StreetWorld/lead/3rd_party/navsim_workspace/dataset/maps does not exist!
15715849d362599e,False,3,/mnt/chenpeijian/autodrive/StreetWorld/lead/3rd_party/navsim_workspace/dataset/maps does not exist!
15b25b99cf2d5965,False,3,/mnt/chenpeijian/autodrive/StreetWorld/lead/3rd_party/navsim_workspace/dataset/maps does not exist!
15e6ef7a85b35d10,False,3,/mnt/chenpeijian/autodrive/StreetWorld/lead/3rd_party/navsim_workspace/dataset/maps does not exist!
1633456bc3ec569d,False,3,/mnt/chenpeijian/autodrive/StreetWorld/lead/3rd_party/navsim_workspace/dataset/maps does not exist!
167063f69e8357d8,False,3,/mnt/chenpeijian/autodrive/StreetWorld/lead/3rd_party/navsim_workspace/dataset/maps does not exist!
16a738813dbe5496,False,3,/mnt/chenpeijian/autodrive/StreetWorld/lead/3rd_party/navsim_workspace/dataset/maps does not exist!
16d3b353ffe650de,False,3,/mnt/chenpeijian/autodrive/StreetWorld/lead/3rd_party/navsim_workspace/dataset/maps does not exist!
1712f51cf5df564a,False,3,/mnt/chenpeijian/autodrive/StreetWorld/lead/3rd_party/navsim_workspace/dataset/maps does not exist!
1741767a7646583a,False,3,/mnt/chenpeijian/autodrive/StreetWorld/lead/3rd_party/navsim_workspace/dataset/maps does not exist!
178e844e8bd155ca,False,3,/mnt/chenpeijian/autodrive/StreetWorld/lead/3rd_party/navsim_workspace/dataset/maps does not exist!
17c627139c325a9c,False,3,/mnt/chenpeijian/autodrive/StreetWorld/lead/3rd_party/navsim_workspace/dataset/maps does not exist!
17ecb960d15d5b5f,False,3,/mnt/chenpeijian/autodrive/StreetWorld/lead/3rd_party/navsim_workspace/dataset/maps does not exist!
1819bb47db9e59ff,False,3,/mnt/chenpeijian/autodrive/StreetWorld/lead/3rd_party/navsim_workspace/dataset/maps does not exist!
1834f4fb0ca15b93,False,3,/mnt/chenpeijian/autodrive/StreetWorld/lead/3rd_party/navsim_workspace/dataset/maps does not exist!
184f5d3c75275c6e,False,3,/mnt/chenpeijian/autodrive/StreetWorld/lead/3rd_party/navsim_workspace/dataset/maps does not exist!
189b5f98f6e6549c,False,3,/mnt/chenpeijian/autodrive/StreetWorld/lead/3rd_party/navsim_workspace/dataset/maps does not exist!
18d232e64db55ba9,False,3,/mnt/chenpeijian/autodrive/StreetWorld/lead/3rd_party/navsim_workspace/dataset/maps does not exist!
19227b35432f567e,False,3,/mnt/chenpeijian/autodrive/StreetWorld/lead/3rd_party/navsim_workspace/dataset/maps does not exist!
1968ed26cc315d75,False,3,/mnt/chenpeijian/autodrive/StreetWorld/lead/3rd_party/navsim_workspace/dataset/maps does not exist!
198b7ec55c3b5a5c,False,3,/mnt/chenpeijian/autodrive/StreetWorld/lead/3rd_party/navsim_workspace/dataset/maps does not exist!
19cee80b71525f86,False,3,/mnt/chenpeijian/autodrive/StreetWorld/lead/3rd_party/navsim_workspace/dataset/maps does not exist!
19efcf474dd85579,False,3,/mnt/chenpeijian/autodrive/StreetWorld/lead/3rd_party/navsim_workspace/dataset/maps does not exist!
1a0f27ced7e056f6,False,3,/mnt/chenpeijian/autodrive/StreetWorld/lead/3rd_party/navsim_workspace/dataset/maps does not exist!
1a243b05959f5787,False,3,/mnt/chenpeijian/autodrive/StreetWorld/lead/3rd_party/navsim_workspace/dataset/maps does not exist!
1a585b7022ed54df,False,3,/mnt/chenpeijian/autodrive/StreetWorld/lead/3rd_party/navsim_workspace/dataset/maps does not exist!
1a9928bcc34451aa,False,3,/mnt/chenpeijian/autodrive/StreetWorld/lead/3rd_party/navsim_workspace/dataset/maps does not exist!
1b00de050fdd5214,False,3,/mnt/chenpeijian/autodrive/StreetWorld/lead/3rd_party/navsim_workspace/dataset/maps does not exist!
1b25edea36205814,False,3,/mnt/chenpeijian/autodrive/StreetWorld/lead/3rd_party/navsim_workspace/dataset/maps does not exist!
1b471d7f756a5c7f,False,3,/mnt/chenpeijian/autodrive/StreetWorld/lead/3rd_party/navsim_workspace/dataset/maps does not exist!
1b736bfe747b5987,False,3,/mnt/chenpeijian/autodrive/StreetWorld/lead/3rd_party/navsim_workspace/dataset/maps does not exist!
1bc6668f3dff5822,False,3,/mnt/chenpeijian/autodrive/StreetWorld/lead/3rd_party/navsim_workspace/dataset/maps does not exist!
1bf45a481f1d52e3,False,3,/mnt/chenpeijian/autodrive/StreetWorld/lead/3rd_party/navsim_workspace/dataset/maps does not exist!
1c0c94dbcd5359fc,False,3,/mnt/chenpeijian/autodrive/StreetWorld/lead/3rd_party/navsim_workspace/dataset/maps does not exist!
1c3d4987efaf5aae,False,3,/mnt/chenpeijian/autodrive/StreetWorld/lead/3rd_party/navsim_workspace/dataset/maps does not exist!
1c5ca85e734859c4,False,3,/mnt/chenpeijian/autodrive/StreetWorld/lead/3rd_party/navsim_workspace/dataset/maps does not exist!
1c9f36db867b50bf,False,3,/mnt/chenpeijian/autodrive/StreetWorld/lead/3rd_party/navsim_workspace/dataset/maps does not exist!
1cf4270132e35206,False,3,/mnt/chenpeijian/autodrive/StreetWorld/lead/3rd_party/navsim_workspace/dataset/maps does not exist!
1d037ee2ffda5d69,False,3,/mnt/chenpeijian/autodrive/StreetWorld/lead/3rd_party/navsim_workspace/dataset/maps does not exist!
1d3a143cf41f5d16,False,3,/mnt/chenpeijian/autodrive/StreetWorld/lead/3rd_party/navsim_workspace/dataset/maps does not exist!
1d7a96e116735b6c,False,3,/mnt/chenpeijian/autodrive/StreetWorld/lead/3rd_party/navsim_workspace/dataset/maps does not exist!
1dd4683469e457c5,False,3,/mnt/chenpeijian/autodrive/StreetWorld/lead/3rd_party/navsim_workspace/dataset/maps does not exist!
1e04c6a2644f5c2b,False,3,/mnt/chenpeijian/autodrive/StreetWorld/lead/3rd_party/navsim_workspace/dataset/maps does not exist!
1e3b603ccda457c5,False,3,/mnt/chenpeijian/autodrive/StreetWorld/lead/3rd_party/navsim_workspace/dataset/maps does not exist!
1e78181bb1c150e4,False,3,/mnt/chenpeijian/autodrive/StreetWorld/lead/3rd_party/navsim_workspace/dataset/maps does not exist!
1ea94b85513e5822,False,3,/mnt/chenpeijian/autodrive/StreetWorld/lead/3rd_party/navsim_workspace/dataset/maps does not exist!
1ec58e13fee45a30,False,3,/mnt/chenpeijian/autodrive/StreetWorld/lead/3rd_party/navsim_workspace/dataset/maps does not exist!
1ed78a92956f5c5c,False,3,/mnt/chenpeijian/autodrive/StreetWorld/lead/3rd_party/navsim_workspace/dataset/maps does not exist!
1f095494fe755244,False,3,/mnt/chenpeijian/autodrive/StreetWorld/lead/3rd_party/navsim_workspace/dataset/maps does not exist!
1f211666d4465388,False,3,/mnt/chenpeijian/autodrive/StreetWorld/lead/3rd_party/navsim_workspace/dataset/maps does not exist!
1f53a73b41095041,False,3,/mnt/chenpeijian/autodrive/StreetWorld/lead/3rd_party/navsim_workspace/dataset/maps does not exist!
1f7588f60e8d5ff2,False,3,/mnt/chenpeijian/autodrive/StreetWorld/lead/3rd_party/navsim_workspace/dataset/maps does not exist!
1fd8eed8897a5667,False,3,/mnt/chenpeijian/autodrive/StreetWorld/lead/3rd_party/navsim_workspace/dataset/maps does not exist!
2002780575295bdc,False,3,/mnt/chenpeijian/autodrive/StreetWorld/lead/3rd_party/navsim_workspace/dataset/maps does not exist!
2035406a3a6955be,False,3,/mnt/chenpeijian/autodrive/StreetWorld/lead/3rd_party/navsim_workspace/dataset/maps does not exist!
206322cf0cf45186,False,3,/mnt/chenpeijian/autodrive/StreetWorld/lead/3rd_party/navsim_workspace/dataset/maps does not exist!
20911cdf7e285a63,False,3,/mnt/chenpeijian/autodrive/StreetWorld/lead/3rd_party/navsim_workspace/dataset/maps does not exist!
20cc0fdb7e2d5c3f,False,3,/mnt/chenpeijian/autodrive/StreetWorld/lead/3rd_party/navsim_workspace/dataset/maps does not exist!
21000f5c15845bf4,False,3,/mnt/chenpeijian/autodrive/StreetWorld/lead/3rd_party/navsim_workspace/dataset/maps does not exist!
21146ac996365854,False,3,/mnt/chenpeijian/autodrive/StreetWorld/lead/3rd_party/navsim_workspace/dataset/maps does not exist!
213870b088245664,False,3,/mnt/chenpeijian/autodrive/StreetWorld/lead/3rd_party/navsim_workspace/dataset/maps does not exist!
217307a367fd551a,False,3,/mnt/chenpeijian/autodrive/StreetWorld/lead/3rd_party/navsim_workspace/dataset/maps does not exist!
21990e031d705957,False,3,/mnt/chenpeijian/autodrive/StreetWorld/lead/3rd_party/navsim_workspace/dataset/maps does not exist!
21bc638f113e5f63,False,3,/mnt/chenpeijian/autodrive/StreetWorld/lead/3rd_party/navsim_workspace/dataset/maps does not exist!
21d65485fa3c55e7,False,3,/mnt/chenpeijian/autodrive/StreetWorld/lead/3rd_party/navsim_workspace/dataset/maps does not exist!
21f64c6cfe835cbe,False,3,/mnt/chenpeijian/autodrive/StreetWorld/lead/3rd_party/navsim_workspace/dataset/maps does not exist!
2251b1d81d0051c1,False,3,/mnt/chenpeijian/autodrive/StreetWorld/lead/3rd_party/navsim_workspace/dataset/maps does not exist!
228dbe4bb59c537b,False,3,/mnt/chenpeijian/autodrive/StreetWorld/lead/3rd_party/navsim_workspace/dataset/maps does not exist!
22e04303d53f54f5,False,3,/mnt/chenpeijian/autodrive/StreetWorld/lead/3rd_party/navsim_workspace/dataset/maps does not exist!
2313aa310e16503d,False,3,/mnt/chenpeijian/autodrive/StreetWorld/lead/3rd_party/navsim_workspace/dataset/maps does not exist!
2371a65f76025bfd,False,3,/mnt/chenpeijian/autodrive/StreetWorld/lead/3rd_party/navsim_workspace/dataset/maps does not exist!
2391f12d7e6a5e7f,False,3,/mnt/chenpeijian/autodrive/StreetWorld/lead/3rd_party/navsim_workspace/dataset/maps does not exist!
23beee726a59557a,False,3,/mnt/chenpeijian/autodrive/StreetWorld/lead/3rd_party/navsim_workspace/dataset/maps does not exist!
23f357c023c2584f,False,3,/mnt/chenpeijian/autodrive/StreetWorld/lead/3rd_party/navsim_workspace/dataset/maps does not exist!
2428ecd565d05b50,False,3,/mnt/chenpeijian/autodrive/StreetWorld/lead/3rd_party/navsim_workspace/dataset/maps does not exist!
2472d00839f65c25,False,3,/mnt/chenpeijian/autodrive/StreetWorld/lead/3rd_party/navsim_workspace/dataset/maps does not exist!
2497e961a13e50f8,False,3,/mnt/chenpeijian/autodrive/StreetWorld/lead/3rd_party/navsim_workspace/dataset/maps does not exist!
24c278846879520f,False,3,/mnt/chenpeijian/autodrive/StreetWorld/lead/3rd_party/navsim_workspace/dataset/maps does not exist!
24e453c47f635ae2,False,3,/mnt/chenpeijian/autodrive/StreetWorld/lead/3rd_party/navsim_workspace/dataset/maps does not exist!
253ec4fb977d52d6,False,3,/mnt/chenpeijian/autodrive/StreetWorld/lead/3rd_party/navsim_workspace/dataset/maps does not exist!
2569d386da9c54ff,False,3,/mnt/chenpeijian/autodrive/StreetWorld/lead/3rd_party/navsim_workspace/dataset/maps does not exist!
25a3a5bc491d521b,False,3,/mnt/chenpeijian/autodrive/StreetWorld/lead/3rd_party/navsim_workspace/dataset/maps does not exist!
25cb9b6179435488,False,3,/mnt/chenpeijian/autodrive/StreetWorld/lead/3rd_party/navsim_workspace/dataset/maps does not exist!
25e9d76574075cee,False,3,/mnt/chenpeijian/autodrive/StreetWorld/lead/3rd_party/navsim_workspace/dataset/maps does not exist!
2638cdfa752b5d7c,False,3,/mnt/chenpeijian/autodrive/StreetWorld/lead/3rd_party/navsim_workspace/dataset/maps does not exist!
2649dcc8a1725fb2,False,3,/mnt/chenpeijian/autodrive/StreetWorld/lead/3rd_party/navsim_workspace/dataset/maps does not exist!
26840e3a5da45589,False,3,/mnt/chenpeijian/autodrive/StreetWorld/lead/3rd_party/navsim_workspace/dataset/maps does not exist!
269e03fbbb4c5856,False,3,/mnt/chenpeijian/autodrive/StreetWorld/lead/3rd_party/navsim_workspace/dataset/maps does not exist!
26c48df074d151c6,False,3,/mnt/chenpeijian/autodrive/StreetWorld/lead/3rd_party/navsim_workspace/dataset/maps does not exist!
26eeb11cbcd9593b,False,3,/mnt/chenpeijian/autodrive/StreetWorld/lead/3rd_party/navsim_workspace/dataset/maps does not exist!
2743a2f96269577c,False,3,/mnt/chenpeijian/autodrive/StreetWorld/lead/3rd_party/navsim_workspace/dataset/maps does not exist!
276396e455bb57b5,False,3,/mnt/chenpeijian/autodrive/StreetWorld/lead/3rd_party/navsim_workspace/dataset/maps does not exist!
277f191c94b952f3,False,3,/mnt/chenpeijian/autodrive/StreetWorld/lead/3rd_party/navsim_workspace/dataset/maps does not exist!
27bcec96f13c5426,False,3,/mnt/chenpeijian/autodrive/StreetWorld/lead/3rd_party/navsim_workspace/dataset/maps does not exist!
27eb0ba03f385c69,False,3,/mnt/chenpeijian/autodrive/StreetWorld/lead/3rd_party/navsim_workspace/dataset/maps does not exist!
2805fe41d7d9543a,False,3,/mnt/chenpeijian/autodrive/StreetWorld/lead/3rd_party/navsim_workspace/dataset/maps does not exist!
2834297c33cd5d50,False,3,/mnt/chenpeijian/autodrive/StreetWorld/lead/3rd_party/navsim_workspace/dataset/maps does not exist!
284fd1657c8659e1,False,3,/mnt/chenpeijian/autodrive/StreetWorld/lead/3rd_party/navsim_workspace/dataset/maps does not exist!
28a4a08f11a05407,False,3,/mnt/chenpeijian/autodrive/StreetWorld/lead/3rd_party/navsim_workspace/dataset/maps does not exist!
290091fca02b5939,False,3,/mnt/chenpeijian/autodrive/StreetWorld/lead/3rd_party/navsim_workspace/dataset/maps does not exist!
291a9c13b9345fd7,False,3,/mnt/chenpeijian/autodrive/StreetWorld/lead/3rd_party/navsim_workspace/dataset/maps does not exist!
2930485ddc4458da,False,3,/mnt/chenpeijian/autodrive/StreetWorld/lead/3rd_party/navsim_workspace/dataset/maps does not exist!
29560d02d4615d4c,False,3,/mnt/chenpeijian/autodrive/StreetWorld/lead/3rd_party/navsim_workspace/dataset/maps does not exist!
297fa313126a5f02,False,3,/mnt/chenpeijian/autodrive/StreetWorld/lead/3rd_party/navsim_workspace/dataset/maps does not exist!
29b49b3e2c0f5ec2,False,3,/mnt/chenpeijian/autodrive/StreetWorld/lead/3rd_party/navsim_workspace/dataset/maps does not exist!
29c5f96fb4e95d3a,False,3,/mnt/chenpeijian/autodrive/StreetWorld/lead/3rd_party/navsim_workspace/dataset/maps does not exist!
2a06b778a64b545e,False,3,/mnt/chenpeijian/autodrive/StreetWorld/lead/3rd_party/navsim_workspace/dataset/maps does not exist!
2a3a3e232e86560b,False,3,/mnt/chenpeijian/autodrive/StreetWorld/lead/3rd_party/navsim_workspace/dataset/maps does not exist!
2a5a7c87bce352a7,False,3,/mnt/chenpeijian/autodrive/StreetWorld/lead/3rd_party/navsim_workspace/dataset/maps does not exist!
2a799223058c5ed7,False,3,/mnt/chenpeijian/autodrive/StreetWorld/lead/3rd_party/navsim_workspace/dataset/maps does not exist!
2abac20522fb5014,False,3,/mnt/chenpeijian/autodrive/StreetWorld/lead/3rd_party/navsim_workspace/dataset/maps does not exist!
2af5b66260bf5795,False,3,/mnt/chenpeijian/autodrive/StreetWorld/lead/3rd_party/navsim_workspace/dataset/maps does not exist!
2b3383daa2175aa8,False,3,/mnt/chenpeijian/autodrive/StreetWorld/lead/3rd_party/navsim_workspace/dataset/maps does not exist!
2b5dabfa534156c0,False,3,/mnt/chenpeijian/autodrive/StreetWorld/lead/3rd_party/navsim_workspace/dataset/maps does not exist!
2bc2525a4ee95ef4,False,3,/mnt/chenpeijian/autodrive/StreetWorld/lead/3rd_party/navsim_workspace/dataset/maps does not exist!
2c0e25d51b0b5e31,False,3,/mnt/chenpeijian/autodrive/StreetWorld/lead/3rd_party/navsim_workspace/dataset/maps does not exist!
2c337eb368fb54ca,False,3,/mnt/chenpeijian/autodrive/StreetWorld/lead/3rd_party/navsim_workspace/dataset/maps does not exist!
2c8a58b94332570d,False,3,/mnt/chenpeijian/autodrive/StreetWorld/lead/3rd_party/navsim_workspace/dataset/maps does not exist!
2ca33fd04f805478,False,3,/mnt/chenpeijian/autodrive/StreetWorld/lead/3rd_party/navsim_workspace/dataset/maps does not exist!
2ccebcdb0da25be5,False,3,/mnt/chenpeijian/autodrive/StreetWorld/lead/3rd_party/navsim_workspace/dataset/maps does not exist!
2d151a8187f050bf,False,3,/mnt/chenpeijian/autodrive/StreetWorld/lead/3rd_party/navsim_workspace/dataset/maps does not exist!
2d30620b507f5f7c,False,3,/mnt/chenpeijian/autodrive/StreetWorld/lead/3rd_party/navsim_workspace/dataset/maps does not exist!
2d6a04ea9ef55fd5,False,3,/mnt/chenpeijian/autodrive/StreetWorld/lead/3rd_party/navsim_workspace/dataset/maps does not exist!
2d9d3d15e7f25716,False,3,/mnt/chenpeijian/autodrive/StreetWorld/lead/3rd_party/navsim_workspace/dataset/maps does not exist!
2dd2bd50fcc458d7,False,3,/mnt/chenpeijian/autodrive/StreetWorld/lead/3rd_party/navsim_workspace/dataset/maps does not exist!
2e037aeeebce56df,False,3,/mnt/chenpeijian/autodrive/StreetWorld/lead/3rd_party/navsim_workspace/dataset/maps does not exist!
2e508e23f47d5f96,False,3,/mnt/chenpeijian/autodrive/StreetWorld/lead/3rd_party/navsim_workspace/dataset/maps does not exist!
2e7d8157798851f3,False,3,/mnt/chenpeijian/autodrive/StreetWorld/lead/3rd_party/navsim_workspace/dataset/maps does not exist!
2eb2bc9d3b35584f,False,3,/mnt/chenpeijian/autodrive/StreetWorld/lead/3rd_party/navsim_workspace/dataset/maps does not exist!
2ee8d10b988c58b2,False,3,/mnt/chenpeijian/autodrive/StreetWorld/lead/3rd_party/navsim_workspace/dataset/maps does not exist!
2f260b8b9dee5b0c,False,3,/mnt/chenpeijian/autodrive/StreetWorld/lead/3rd_party/navsim_workspace/dataset/maps does not exist!
2f6263adaf4f54c5,False,3,/mnt/chenpeijian/autodrive/StreetWorld/lead/3rd_party/navsim_workspace/dataset/maps does not exist!
2fb54b28d0c55807,False,3,/mnt/chenpeijian/autodrive/StreetWorld/lead/3rd_party/navsim_workspace/dataset/maps does not exist!
2fec62bc2f325559,False,3,/mnt/chenpeijian/autodrive/StreetWorld/lead/3rd_party/navsim_workspace/dataset/maps does not exist!
302803d07e7059dc,False,3,/mnt/chenpeijian/autodrive/StreetWorld/lead/3rd_party/navsim_workspace/dataset/maps does not exist!
3047f87f67555d16,False,3,/mnt/chenpeijian/autodrive/StreetWorld/lead/3rd_party/navsim_workspace/dataset/maps does not exist!
30765e467f6c5947,False,3,/mnt/chenpeijian/autodrive/StreetWorld/lead/3rd_party/navsim_workspace/dataset/maps does not exist!
3099475cc5365074,False,3,/mnt/chenpeijian/autodrive/StreetWorld/lead/3rd_party/navsim_workspace/dataset/maps does not exist!
30d639fe2d5057e3,False,3,/mnt/chenpeijian/autodrive/StreetWorld/lead/3rd_party/navsim_workspace/dataset/maps does not exist!
31091c3173c6596a,False,3,/mnt/chenpeijian/autodrive/StreetWorld/lead/3rd_party/navsim_workspace/dataset/maps does not exist!
312c0f2f981d51c3,False,3,/mnt/chenpeijian/autodrive/StreetWorld/lead/3rd_party/navsim_workspace/dataset/maps does not exist!
3151813685fe5b1d,False,3,/mnt/chenpeijian/autodrive/StreetWorld/lead/3rd_party/navsim_workspace/dataset/maps does not exist!
31811172f43c5188,False,3,/mnt/chenpeijian/autodrive/StreetWorld/lead/3rd_party/navsim_workspace/dataset/maps does not exist!
31ac916bb888562a,False,3,/mnt/chenpeijian/autodrive/StreetWorld/lead/3rd_party/navsim_workspace/dataset/maps does not exist!
3216cf4d7e975148,False,3,/mnt/chenpeijian/autodrive/StreetWorld/lead/3rd_party/navsim_workspace/dataset/maps does not exist!
324f93888ec35bb2,False,3,/mnt/chenpeijian/autodrive/StreetWorld/lead/3rd_party/navsim_workspace/dataset/maps does not exist!
326760711b775740,False,3,/mnt/chenpeijian/autodrive/StreetWorld/lead/3rd_party/navsim_workspace/dataset/maps does not exist!
32af8f1654f057d7,False,3,/mnt/chenpeijian/autodrive/StreetWorld/lead/3rd_party/navsim_workspace/dataset/maps does not exist!
32e457e686675618,False,3,/mnt/chenpeijian/autodrive/StreetWorld/lead/3rd_party/navsim_workspace/dataset/maps does not exist!
330af4c06f715d2d,False,3,/mnt/chenpeijian/autodrive/StreetWorld/lead/3rd_party/navsim_workspace/dataset/maps does not exist!
332ac89545ed5822,False,3,/mnt/chenpeijian/autodrive/StreetWorld/lead/3rd_party/navsim_workspace/dataset/maps does not exist!
334ddbed40095e07,False,3,/mnt/chenpeijian/autodrive/StreetWorld/lead/3rd_party/navsim_workspace/dataset/maps does not exist!
3388246402ca591e,False,3,/mnt/chenpeijian/autodrive/StreetWorld/lead/3rd_party/navsim_workspace/dataset/maps does not exist!
33baec8b94e15a39,False,3,/mnt/chenpeijian/autodrive/StreetWorld/lead/3rd_party/navsim_workspace/dataset/maps does not exist!
33c738c5f199510e,False,3,/mnt/chenpeijian/autodrive/StreetWorld/lead/3rd_party/navsim_workspace/dataset/maps does not exist!
33f04aa1460b5dc5,False,3,/mnt/chenpeijian/autodrive/StreetWorld/lead/3rd_party/navsim_workspace/dataset/maps does not exist!
342596d95a475bed,False,3,/mnt/chenpeijian/autodrive/StreetWorld/lead/3rd_party/navsim_workspace/dataset/maps does not exist!
3461796610c15a0e,False,3,/mnt/chenpeijian/autodrive/StreetWorld/lead/3rd_party/navsim_workspace/dataset/maps does not exist!
3495be9149e0537d,False,3,/mnt/chenpeijian/autodrive/StreetWorld/lead/3rd_party/navsim_workspace/dataset/maps does not exist!
34ac200e359653b5,False,3,/mnt/chenpeijian/autodrive/StreetWorld/lead/3rd_party/navsim_workspace/dataset/maps does not exist!
34eb9be2f88a5234,False,3,/mnt/chenpeijian/autodrive/StreetWorld/lead/3rd_party/navsim_workspace/dataset/maps does not exist!
35119c815b1b59ef,False,3,/mnt/chenpeijian/autodrive/StreetWorld/lead/3rd_party/navsim_workspace/dataset/maps does not exist!
352ef6e0384c5938,False,3,/mnt/chenpeijian/autodrive/StreetWorld/lead/3rd_party/navsim_workspace/dataset/maps does not exist!
355835bced0c591f,False,3,/mnt/chenpeijian/autodrive/StreetWorld/lead/3rd_party/navsim_workspace/dataset/maps does not exist!
35aa38c73e9251a7,False,3,/mnt/chenpeijian/autodrive/StreetWorld/lead/3rd_party/navsim_workspace/dataset/maps does not exist!
35e457e286ab5db5,False,3,/mnt/chenpeijian/autodrive/StreetWorld/lead/3rd_party/navsim_workspace/dataset/maps does not exist!
35fa5481e4de5703,False,3,/mnt/chenpeijian/autodrive/StreetWorld/lead/3rd_party/navsim_workspace/dataset/maps does not exist!
360d4a6ec45d53a3,False,3,/mnt/chenpeijian/autodrive/StreetWorld/lead/3rd_party/navsim_workspace/dataset/maps does not exist!
36650ce9087150de,False,3,/mnt/chenpeijian/autodrive/StreetWorld/lead/3rd_party/navsim_workspace/dataset/maps does not exist!
36b4b6d6e4745071,False,3,/mnt/chenpeijian/autodrive/StreetWorld/lead/3rd_party/navsim_workspace/dataset/maps does not exist!
36e3e0f9a589578d,False,3,/mnt/chenpeijian/autodrive/StreetWorld/lead/3rd_party/navsim_workspace/dataset/maps does not exist!
3704fc999582536e,False,3,/mnt/chenpeijian/autodrive/StreetWorld/lead/3rd_party/navsim_workspace/dataset/maps does not exist!
3739c038002f57ca,False,3,/mnt/chenpeijian/autodrive/StreetWorld/lead/3rd_party/navsim_workspace/dataset/maps does not exist!
375d03a139615179,False,3,/mnt/chenpeijian/autodrive/StreetWorld/lead/3rd_party/navsim_workspace/dataset/maps does not exist!
3789d42ea83f569d,False,3,/mnt/chenpeijian/autodrive/StreetWorld/lead/3rd_party/navsim_workspace/dataset/maps does not exist!
37c15bc4d99a5365,False,3,/mnt/chenpeijian/autodrive/StreetWorld/lead/3rd_party/navsim_workspace/dataset/maps does not exist!
385b1aa4b84c56bf,False,3,/mnt/chenpeijian/autodrive/StreetWorld/lead/3rd_party/navsim_workspace/dataset/maps does not exist!
388181311ef25756,False,3,/mnt/chenpeijian/autodrive/StreetWorld/lead/3rd_party/navsim_workspace/dataset/maps does not exist!
38a5d409f1095059,False,3,/mnt/chenpeijian/autodrive/StreetWorld/lead/3rd_party/navsim_workspace/dataset/maps does not exist!
38b7b1afe2bf516b,False,3,/mnt/chenpeijian/autodrive/StreetWorld/lead/3rd_party/navsim_workspace/dataset/maps does not exist!
38f1e14586bd51e3,False,3,/mnt/chenpeijian/autodrive/StreetWorld/lead/3rd_party/navsim_workspace/dataset/maps does not exist!
392a50db492b536e,False,3,/mnt/chenpeijian/autodrive/StreetWorld/lead/3rd_party/navsim_workspace/dataset/maps does not exist!
3968f1bc11085a70,False,3,/mnt/chenpeijian/autodrive/StreetWorld/lead/3rd_party/navsim_workspace/dataset/maps does not exist!
397a31d685fc5af7,False,3,/mnt/chenpeijian/autodrive/StreetWorld/lead/3rd_party/navsim_workspace/dataset/maps does not exist!
39a769c19105586e,False,3,/mnt/chenpeijian/autodrive/StreetWorld/lead/3rd_party/navsim_workspace/dataset/maps does not exist!
39d78cc469d65bf8,False,3,/mnt/chenpeijian/autodrive/StreetWorld/lead/3rd_party/navsim_workspace/dataset/maps does not exist!
39fde97003dd540e,False,3,/mnt/chenpeijian/autodrive/StreetWorld/lead/3rd_party/navsim_workspace/dataset/maps does not exist!
3a43a45778b85666,False,3,/mnt/chenpeijian/autodrive/StreetWorld/lead/3rd_party/navsim_workspace/dataset/maps does not exist!
3a7fa6d4bfb65f4b,False,3,/mnt/chenpeijian/autodrive/StreetWorld/lead/3rd_party/navsim_workspace/dataset/maps does not exist!
3adebc0f04ed5311,False,3,/mnt/chenpeijian/autodrive/StreetWorld/lead/3rd_party/navsim_workspace/dataset/maps does not exist!
3af9cb4d21e15e9e,False,3,/mnt/chenpeijian/autodrive/StreetWorld/lead/3rd_party/navsim_workspace/dataset/maps does not exist!
3b0cda86b999528c,False,3,/mnt/chenpeijian/autodrive/StreetWorld/lead/3rd_party/navsim_workspace/dataset/maps does not exist!
3b34e3fd5b9e5767,False,3,/mnt/chenpeijian/autodrive/StreetWorld/lead/3rd_party/navsim_workspace/dataset/maps does not exist!
3b5422b60c4f5c4b,False,3,/mnt/chenpeijian/autodrive/StreetWorld/lead/3rd_party/navsim_workspace/dataset/maps does not exist!
3b7933b82dc65348,False,3,/mnt/chenpeijian/autodrive/StreetWorld/lead/3rd_party/navsim_workspace/dataset/maps does not exist!
3ba8b6918fc45634,False,3,/mnt/chenpeijian/autodrive/StreetWorld/lead/3rd_party/navsim_workspace/dataset/maps does not exist!
3bbe96de854e5ff3,False,3,/mnt/chenpeijian/autodrive/StreetWorld/lead/3rd_party/navsim_workspace/dataset/maps does not exist!
3be53588a286557f,False,3,/mnt/chenpeijian/autodrive/StreetWorld/lead/3rd_party/navsim_workspace/dataset/maps does not exist!
3bf40232476b591b,False,3,/mnt/chenpeijian/autodrive/StreetWorld/lead/3rd_party/navsim_workspace/dataset/maps does not exist!
3c379ee75e765c6e,False,3,/mnt/chenpeijian/autodrive/StreetWorld/lead/3rd_party/navsim_workspace/dataset/maps does not exist!
3c58a86242fe5671,False,3,/mnt/chenpeijian/autodrive/StreetWorld/lead/3rd_party/navsim_workspace/dataset/maps does not exist!
3c943ff450265afe,False,3,/mnt/chenpeijian/autodrive/StreetWorld/lead/3rd_party/navsim_workspace/dataset/maps does not exist!
3cd95c48caa05aaa,False,3,/mnt/chenpeijian/autodrive/StreetWorld/lead/3rd_party/navsim_workspace/dataset/maps does not exist!
3cfcca572cdc5b75,False,3,/mnt/chenpeijian/autodrive/StreetWorld/lead/3rd_party/navsim_workspace/dataset/maps does not exist!
3d2adf8b0bb65492,False,3,/mnt/chenpeijian/autodrive/StreetWorld/lead/3rd_party/navsim_workspace/dataset/maps does not exist!
3d4f0c1ecad55944,False,3,/mnt/chenpeijian/autodrive/StreetWorld/lead/3rd_party/navsim_workspace/dataset/maps does not exist!
3d726e71b9925965,False,3,/mnt/chenpeijian/autodrive/StreetWorld/lead/3rd_party/navsim_workspace/dataset/maps does not exist!
3daa044b17795a85,False,3,/mnt/chenpeijian/autodrive/StreetWorld/lead/3rd_party/navsim_workspace/dataset/maps does not exist!
3e053f89d1c55a7e,False,3,/mnt/chenpeijian/autodrive/StreetWorld/lead/3rd_party/navsim_workspace/dataset/maps does not exist!
3e2a45dbe6fa50aa,False,3,/mnt/chenpeijian/autodrive/StreetWorld/lead/3rd_party/navsim_workspace/dataset/maps does not exist!
3e634fa2ea715bb1,False,3,/mnt/chenpeijian/autodrive/StreetWorld/lead/3rd_party/navsim_workspace/dataset/maps does not exist!
3e8e85cf14c65da8,False,3,/mnt/chenpeijian/autodrive/StreetWorld/lead/3rd_party/navsim_workspace/dataset/maps does not exist!
3ec3d2ab34f756e6,False,3,/mnt/chenpeijian/autodrive/StreetWorld/lead/3rd_party/navsim_workspace/dataset/maps does not exist!
3f1152860b695e59,False,3,/mnt/chenpeijian/autodrive/StreetWorld/lead/3rd_party/navsim_workspace/dataset/maps does not exist!
3f31d5d096f957c9,False,3,/mnt/chenpeijian/autodrive/StreetWorld/lead/3rd_party/navsim_workspace/dataset/maps does not exist!
3f64ff364b585a3b,False,3,/mnt/chenpeijian/autodrive/StreetWorld/lead/3rd_party/navsim_workspace/dataset/maps does not exist!
3fa1e0c2313358ba,False,3,/mnt/chenpeijian/autodrive/StreetWorld/lead/3rd_party/navsim_workspace/dataset/maps does not exist!
3fbc15dbb18756ba,False,3,/mnt/chenpeijian/autodrive/StreetWorld/lead/3rd_party/navsim_workspace/dataset/maps does not exist!
3ff436e401ed5828,False,3,/mnt/chenpeijian/autodrive/StreetWorld/lead/3rd_party/navsim_workspace/dataset/maps does not exist!
4023c5e9f11e5056,False,3,/mnt/chenpeijian/autodrive/StreetWorld/lead/3rd_party/navsim_workspace/dataset/maps does not exist!
40348970451a52e3,False,3,/mnt/chenpeijian/autodrive/StreetWorld/lead/3rd_party/navsim_workspace/dataset/maps does not exist!
407b876e623a5c51,False,3,/mnt/chenpeijian/autodrive/StreetWorld/lead/3rd_party/navsim_workspace/dataset/maps does not exist!
40bdfb00872f5bc4,False,3,/mnt/chenpeijian/autodrive/StreetWorld/lead/3rd_party/navsim_workspace/dataset/maps does not exist!
40dcc0a979075ffd,False,3,/mnt/chenpeijian/autodrive/StreetWorld/lead/3rd_party/navsim_workspace/dataset/maps does not exist!
4109b79d84ea5053,False,3,/mnt/chenpeijian/autodrive/StreetWorld/lead/3rd_party/navsim_workspace/dataset/maps does not exist!
4158d702c66351d4,False,3,/mnt/chenpeijian/autodrive/StreetWorld/lead/3rd_party/navsim_workspace/dataset/maps does not exist!
41785a426b555ab9,False,3,/mnt/chenpeijian/autodrive/StreetWorld/lead/3rd_party/navsim_workspace/dataset/maps does not exist!
41bddf65c8155bd5,False,3,/mnt/chenpeijian/autodrive/StreetWorld/lead/3rd_party/navsim_workspace/dataset/maps does not exist!
41f275bfd30e514a,False,3,/mnt/chenpeijian/autodrive/StreetWorld/lead/3rd_party/navsim_workspace/dataset/maps does not exist!
422a764bf2dc593c,False,3,/mnt/chenpeijian/autodrive/StreetWorld/lead/3rd_party/navsim_workspace/dataset/maps does not exist!
426cc213a80352f9,False,3,/mnt/chenpeijian/autodrive/StreetWorld/lead/3rd_party/navsim_workspace/dataset/maps does not exist!
429cd9dc9d2154a4,False,3,/mnt/chenpeijian/autodrive/StreetWorld/lead/3rd_party/navsim_workspace/dataset/maps does not exist!
42c8571d47305166,False,3,/mnt/chenpeijian/autodrive/StreetWorld/lead/3rd_party/navsim_workspace/dataset/maps does not exist!
4300f964edbd5ce4,False,3,/mnt/chenpeijian/autodrive/StreetWorld/lead/3rd_party/navsim_workspace/dataset/maps does not exist!
431869f33ace51a0,False,3,/mnt/chenpeijian/autodrive/StreetWorld/lead/3rd_party/navsim_workspace/dataset/maps does not exist!
433a4b88d64350dd,False,3,/mnt/chenpeijian/autodrive/StreetWorld/lead/3rd_party/navsim_workspace/dataset/maps does not exist!
435eadb0f1fe5b49,False,3,/mnt/chenpeijian/autodrive/StreetWorld/lead/3rd_party/navsim_workspace/dataset/maps does not exist!
4386a0ba98f95bb3,False,3,/mnt/chenpeijian/autodrive/StreetWorld/lead/3rd_party/navsim_workspace/dataset/maps does not exist!
43c9ac6f2bf95da0,False,3,/mnt/chenpeijian/autodrive/StreetWorld/lead/3rd_party/navsim_workspace/dataset/maps does not exist!
440690fa94cb50d5,False,3,/mnt/chenpeijian/autodrive/StreetWorld/lead/3rd_party/navsim_workspace/dataset/maps does not exist!
447650d1d57c58b7,False,3,/mnt/chenpeijian/autodrive/StreetWorld/lead/3rd_party/navsim_workspace/dataset/maps does not exist!
449ed0c45858583f,False,3,/mnt/chenpeijian/autodrive/StreetWorld/lead/3rd_party/navsim_workspace/dataset/maps does not exist!
44f6f13541dd526e,False,3,/mnt/chenpeijian/autodrive/StreetWorld/lead/3rd_party/navsim_workspace/dataset/maps does not exist!
450df2d719cb5c88,False,3,/mnt/chenpeijian/autodrive/StreetWorld/lead/3rd_party/navsim_workspace/dataset/maps does not exist!
45408d0676b7570c,False,3,/mnt/chenpeijian/autodrive/StreetWorld/lead/3rd_party/navsim_workspace/dataset/maps does not exist!
455fdf27af915de2,False,3,/mnt/chenpeijian/autodrive/StreetWorld/lead/3rd_party/navsim_workspace/dataset/maps does not exist!
458e833803315b4f,False,3,/mnt/chenpeijian/autodrive/StreetWorld/lead/3rd_party/navsim_workspace/dataset/maps does not exist!
45e6bebee4305fb6,False,3,/mnt/chenpeijian/autodrive/StreetWorld/lead/3rd_party/navsim_workspace/dataset/maps does not exist!
465d43bf893d5e66,False,3,/mnt/chenpeijian/autodrive/StreetWorld/lead/3rd_party/navsim_workspace/dataset/maps does not exist!
46a90143da335a9a,False,3,/mnt/chenpeijian/autodrive/StreetWorld/lead/3rd_party/navsim_workspace/dataset/maps does not exist!
46cd5885206b5c6d,False,3,/mnt/chenpeijian/autodrive/StreetWorld/lead/3rd_party/navsim_workspace/dataset/maps does not exist!
471d0206688f5e3b,False,3,/mnt/chenpeijian/autodrive/StreetWorld/lead/3rd_party/navsim_workspace/dataset/maps does not exist!
4749d401a5a95254,False,3,/mnt/chenpeijian/autodrive/StreetWorld/lead/3rd_party/navsim_workspace/dataset/maps does not exist!
476c37463b4f580e,False,3,/mnt/chenpeijian/autodrive/StreetWorld/lead/3rd_party/navsim_workspace/dataset/maps does not exist!
47bfcc64021a518d,False,3,/mnt/chenpeijian/autodrive/StreetWorld/lead/3rd_party/navsim_workspace/dataset/maps does not exist!
47ece51118f95d1d,False,3,/mnt/chenpeijian/autodrive/StreetWorld/lead/3rd_party/navsim_workspace/dataset/maps does not exist!
480f8beca45f53cd,False,3,/mnt/chenpeijian/autodrive/StreetWorld/lead/3rd_party/navsim_workspace/dataset/maps does not exist!
4849a426de8e5d24,False,3,/mnt/chenpeijian/autodrive/StreetWorld/lead/3rd_party/navsim_workspace/dataset/maps does not exist!
4874da28248a5026,False,3,/mnt/chenpeijian/autodrive/StreetWorld/lead/3rd_party/navsim_workspace/dataset/maps does not exist!
489bb0ed93455b69,False,3,/mnt/chenpeijian/autodrive/StreetWorld/lead/3rd_party/navsim_workspace/dataset/maps does not exist!
48d1f3140a8c5487,False,3,/mnt/chenpeijian/autodrive/StreetWorld/lead/3rd_party/navsim_workspace/dataset/maps does not exist!
48f72313812d5f53,False,3,/mnt/chenpeijian/autodrive/StreetWorld/lead/3rd_party/navsim_workspace/dataset/maps does not exist!
491a9b7a44225a75,False,3,/mnt/chenpeijian/autodrive/StreetWorld/lead/3rd_party/navsim_workspace/dataset/maps does not exist!
496b53024fb657ae,False,3,/mnt/chenpeijian/autodrive/StreetWorld/lead/3rd_party/navsim_workspace/dataset/maps does not exist!
49a0d29c7058501c,False,3,/mnt/chenpeijian/autodrive/StreetWorld/lead/3rd_party/navsim_workspace/dataset/maps does not exist!
49c9a9f57deb5a8c,False,3,/mnt/chenpeijian/autodrive/StreetWorld/lead/3rd_party/navsim_workspace/dataset/maps does not exist!
49f37d1d50ef5873,False,3,/mnt/chenpeijian/autodrive/StreetWorld/lead/3rd_party/navsim_workspace/dataset/maps does not exist!
4a1f69f3821e5ac5,False,3,/mnt/chenpeijian/autodrive/StreetWorld/lead/3rd_party/navsim_workspace/dataset/maps does not exist!
4a557f1bfe3b5645,False,3,/mnt/chenpeijian/autodrive/StreetWorld/lead/3rd_party/navsim_workspace/dataset/maps does not exist!
4a71a24c376f5388,False,3,/mnt/chenpeijian/autodrive/StreetWorld/lead/3rd_party/navsim_workspace/dataset/maps does not exist!
4ab74b20c99e5d20,False,3,/mnt/chenpeijian/autodrive/StreetWorld/lead/3rd_party/navsim_workspace/dataset/maps does not exist!
4ac7a80ebf915458,False,3,/mnt/chenpeijian/autodrive/StreetWorld/lead/3rd_party/navsim_workspace/dataset/maps does not exist!
4af64a41372d564f,False,3,/mnt/chenpeijian/autodrive/StreetWorld/lead/3rd_party/navsim_workspace/dataset/maps does not exist!
4b3a1e85619e557f,False,3,/mnt/chenpeijian/autodrive/StreetWorld/lead/3rd_party/navsim_workspace/dataset/maps does not exist!
4b563d8a22145ed6,False,3,/mnt/chenpeijian/autodrive/StreetWorld/lead/3rd_party/navsim_workspace/dataset/maps does not exist!
4b6b3a81cc235dbf,False,3,/mnt/chenpeijian/autodrive/StreetWorld/lead/3rd_party/navsim_workspace/dataset/maps does not exist!
4b875117d12e5ef6,False,3,/mnt/chenpeijian/autodrive/StreetWorld/lead/3rd_party/navsim_workspace/dataset/maps does not exist!
4bb2fc18f5ee5dcb,False,3,/mnt/chenpeijian/autodrive/StreetWorld/lead/3rd_party/navsim_workspace/dataset/maps does not exist!
4bc95052d6d8547e,False,3,/mnt/chenpeijian/autodrive/StreetWorld/lead/3rd_party/navsim_workspace/dataset/maps does not exist!
4bfd5690eb3d5c6e,False,3,/mnt/chenpeijian/autodrive/StreetWorld/lead/3rd_party/navsim_workspace/dataset/maps does not exist!
4c53f29ce2365ef1,False,3,/mnt/chenpeijian/autodrive/StreetWorld/lead/3rd_party/navsim_workspace/dataset/maps does not exist!
4ca0e98b86fb5377,False,3,/mnt/chenpeijian/autodrive/StreetWorld/lead/3rd_party/navsim_workspace/dataset/maps does not exist!
4cca4c982f9855c5,False,3,/mnt/chenpeijian/autodrive/StreetWorld/lead/3rd_party/navsim_workspace/dataset/maps does not exist!
4ceacfb6be565ab3,False,3,/mnt/chenpeijian/autodrive/StreetWorld/lead/3rd_party/navsim_workspace/dataset/maps does not exist!
4d098db703415f00,False,3,/mnt/chenpeijian/autodrive/StreetWorld/lead/3rd_party/navsim_workspace/dataset/maps does not exist!
4d2d174465585abf,False,3,/mnt/chenpeijian/autodrive/StreetWorld/lead/3rd_party/navsim_workspace/dataset/maps does not exist!
4d4ef3ee372d5afc,False,3,/mnt/chenpeijian/autodrive/StreetWorld/lead/3rd_party/navsim_workspace/dataset/maps does not exist!
4d73f8250ae750ca,False,3,/mnt/chenpeijian/autodrive/StreetWorld/lead/3rd_party/navsim_workspace/dataset/maps does not exist!
4dad8cf0704c5c43,False,3,/mnt/chenpeijian/autodrive/StreetWorld/lead/3rd_party/navsim_workspace/dataset/maps does not exist!
4dd4ae3362325296,False,3,/mnt/chenpeijian/autodrive/StreetWorld/lead/3rd_party/navsim_workspace/dataset/maps does not exist!
4de72cf1449b51c8,False,3,/mnt/chenpeijian/autodrive/StreetWorld/lead/3rd_party/navsim_workspace/dataset/maps does not exist!
4e27d27410c85f81,False,3,/mnt/chenpeijian/autodrive/StreetWorld/lead/3rd_party/navsim_workspace/dataset/maps does not exist!
4e3fb4e28014505e,False,3,/mnt/chenpeijian/autodrive/StreetWorld/lead/3rd_party/navsim_workspace/dataset/maps does not exist!
4e7cd1f8ab6353ff,False,3,/mnt/chenpeijian/autodrive/StreetWorld/lead/3rd_party/navsim_workspace/dataset/maps does not exist!
4edc56ca4aac5896,False,3,/mnt/chenpeijian/autodrive/StreetWorld/lead/3rd_party/navsim_workspace/dataset/maps does not exist!
4f21925f1a7c5983,False,3,/mnt/chenpeijian/autodrive/StreetWorld/lead/3rd_party/navsim_workspace/dataset/maps does not exist!
4f663e3f821e5c85,False,3,/mnt/chenpeijian/autodrive/StreetWorld/lead/3rd_party/navsim_workspace/dataset/maps does not exist!
4f8d9bfa869553bb,False,3,/mnt/chenpeijian/autodrive/StreetWorld/lead/3rd_party/navsim_workspace/dataset/maps does not exist!
4fbfc7dc71db50e2,False,3,/mnt/chenpeijian/autodrive/StreetWorld/lead/3rd_party/navsim_workspace/dataset/maps does not exist!
5009bb0ce61b5921,False,3,/mnt/chenpeijian/autodrive/StreetWorld/lead/3rd_party/navsim_workspace/dataset/maps does not exist!
5022f5d01ba85e74,False,3,/mnt/chenpeijian/autodrive/StreetWorld/lead/3rd_party/navsim_workspace/dataset/maps does not exist!
50613cf56a8d5a38,False,3,/mnt/chenpeijian/autodrive/StreetWorld/lead/3rd_party/navsim_workspace/dataset/maps does not exist!
508511fd38a15d52,False,3,/mnt/chenpeijian/autodrive/StreetWorld/lead/3rd_party/navsim_workspace/dataset/maps does not exist!
50a5cd7410e85782,False,3,/mnt/chenpeijian/autodrive/StreetWorld/lead/3rd_party/navsim_workspace/dataset/maps does not exist!
50e871f60296566b,False,3,/mnt/chenpeijian/autodrive/StreetWorld/lead/3rd_party/navsim_workspace/dataset/maps does not exist!
513a97511d135ebd,False,3,/mnt/chenpeijian/autodrive/StreetWorld/lead/3rd_party/navsim_workspace/dataset/maps does not exist!
515fefed28a65a88,False,3,/mnt/chenpeijian/autodrive/StreetWorld/lead/3rd_party/navsim_workspace/dataset/maps does not exist!
51b855943c3a54ee,False,3,/mnt/chenpeijian/autodrive/StreetWorld/lead/3rd_party/navsim_workspace/dataset/maps does not exist!
51e7c560a43d5a25,False,3,/mnt/chenpeijian/autodrive/StreetWorld/lead/3rd_party/navsim_workspace/dataset/maps does not exist!
52248a6939af5fd6,False,3,/mnt/chenpeijian/autodrive/StreetWorld/lead/3rd_party/navsim_workspace/dataset/maps does not exist!
524695a4857859fe,False,3,/mnt/chenpeijian/autodrive/StreetWorld/lead/3rd_party/navsim_workspace/dataset/maps does not exist!
526b66c665085401,False,3,/mnt/chenpeijian/autodrive/StreetWorld/lead/3rd_party/navsim_workspace/dataset/maps does not exist!
52a92230f3245182,False,3,/mnt/chenpeijian/autodrive/StreetWorld/lead/3rd_party/navsim_workspace/dataset/maps does not exist!
52c1d14554bb51f5,False,3,/mnt/chenpeijian/autodrive/StreetWorld/lead/3rd_party/navsim_workspace/dataset/maps does not exist!
52de85cf514f5afd,False,3,/mnt/chenpeijian/autodrive/StreetWorld/lead/3rd_party/navsim_workspace/dataset/maps does not exist!
52fae9c4f2025dc3,False,3,/mnt/chenpeijian/autodrive/StreetWorld/lead/3rd_party/navsim_workspace/dataset/maps does not exist!
53259c7d4d8952eb,False,3,/mnt/chenpeijian/autodrive/StreetWorld/lead/3rd_party/navsim_workspace/dataset/maps does not exist!
534efc35151f543d,False,3,/mnt/chenpeijian/autodrive/StreetWorld/lead/3rd_party/navsim_workspace/dataset/maps does not exist!
536e9526257a57f2,False,3,/mnt/chenpeijian/autodrive/StreetWorld/lead/3rd_party/navsim_workspace/dataset/maps does not exist!
53b9b277e6305400,False,3,/mnt/chenpeijian/autodrive/StreetWorld/lead/3rd_party/navsim_workspace/dataset/maps does not exist!
53feb52497035b3e,False,3,/mnt/chenpeijian/autodrive/StreetWorld/lead/3rd_party/navsim_workspace/dataset/maps does not exist!
5422a7cee0d35e47,False,3,/mnt/chenpeijian/autodrive/StreetWorld/lead/3rd_party/navsim_workspace/dataset/maps does not exist!
54511f27d12e5a58,False,3,/mnt/chenpeijian/autodrive/StreetWorld/lead/3rd_party/navsim_workspace/dataset/maps does not exist!
549af9d2e33d5996,False,3,/mnt/chenpeijian/autodrive/StreetWorld/lead/3rd_party/navsim_workspace/dataset/maps does not exist!
54b1735112ed5840,False,3,/mnt/chenpeijian/autodrive/StreetWorld/lead/3rd_party/navsim_workspace/dataset/maps does not exist!
54e1372d95955eaa,False,3,/mnt/chenpeijian/autodrive/StreetWorld/lead/3rd_party/navsim_workspace/dataset/maps does not exist!
55016fc4cd15505d,False,3,/mnt/chenpeijian/autodrive/StreetWorld/lead/3rd_party/navsim_workspace/dataset/maps does not exist!
551cf39c34f75b25,False,3,/mnt/chenpeijian/autodrive/StreetWorld/lead/3rd_party/navsim_workspace/dataset/maps does not exist!
55644491cba35aad,False,3,/mnt/chenpeijian/autodrive/StreetWorld/lead/3rd_party/navsim_workspace/dataset/maps does not exist!
5593d7326b9c59aa,False,3,/mnt/chenpeijian/autodrive/StreetWorld/lead/3rd_party/navsim_workspace/dataset/maps does not exist!
55a241ed2c5a553b,False,3,/mnt/chenpeijian/autodrive/StreetWorld/lead/3rd_party/navsim_workspace/dataset/maps does not exist!
55d3d0c71390575b,False,3,/mnt/chenpeijian/autodrive/StreetWorld/lead/3rd_party/navsim_workspace/dataset/maps does not exist!
562019740aeb5d7e,False,3,/mnt/chenpeijian/autodrive/StreetWorld/lead/3rd_party/navsim_workspace/dataset/maps does not exist!
56587c89d25856b7,False,3,/mnt/chenpeijian/autodrive/StreetWorld/lead/3rd_party/navsim_workspace/dataset/maps does not exist!
56706b5fe8b4575f,False,3,/mnt/chenpeijian/autodrive/StreetWorld/lead/3rd_party/navsim_workspace/dataset/maps does not exist!
569187407cd3517c,False,3,/mnt/chenpeijian/autodrive/StreetWorld/lead/3rd_party/navsim_workspace/dataset/maps does not exist!
56a5e83ad14c558a,False,3,/mnt/chenpeijian/autodrive/StreetWorld/lead/3rd_party/navsim_workspace/dataset/maps does not exist!
56da58294b3d53c5,False,3,/mnt/chenpeijian/autodrive/StreetWorld/lead/3rd_party/navsim_workspace/dataset/maps does not exist!
574aa2eca31057d5,False,3,/mnt/chenpeijian/autodrive/StreetWorld/lead/3rd_party/navsim_workspace/dataset/maps does not exist!
578d2af2c3625ace,False,3,/mnt/chenpeijian/autodrive/StreetWorld/lead/3rd_party/navsim_workspace/dataset/maps does not exist!
57af94e8290254bb,False,3,/mnt/chenpeijian/autodrive/StreetWorld/lead/3rd_party/navsim_workspace/dataset/maps does not exist!
57fa478b9b1e5de3,False,3,/mnt/chenpeijian/autodrive/StreetWorld/lead/3rd_party/navsim_workspace/dataset/maps does not exist!
581a74871330567f,False,3,/mnt/chenpeijian/autodrive/StreetWorld/lead/3rd_party/navsim_workspace/dataset/maps does not exist!
584a741051cd523f,False,3,/mnt/chenpeijian/autodrive/StreetWorld/lead/3rd_party/navsim_workspace/dataset/maps does not exist!
5868a706ae7b5003,False,3,/mnt/chenpeijian/autodrive/StreetWorld/lead/3rd_party/navsim_workspace/dataset/maps does not exist!
58911c0c8e3f5906,False,3,/mnt/chenpeijian/autodrive/StreetWorld/lead/3rd_party/navsim_workspace/dataset/maps does not exist!
58b6adc2f0495506,False,3,/mnt/chenpeijian/autodrive/StreetWorld/lead/3rd_party/navsim_workspace/dataset/maps does not exist!
59127196fe025553,False,3,/mnt/chenpeijian/autodrive/StreetWorld/lead/3rd_party/navsim_workspace/dataset/maps does not exist!
593653db007b5826,False,3,/mnt/chenpeijian/autodrive/StreetWorld/lead/3rd_party/navsim_workspace/dataset/maps does not exist!
5955c4ef15c75350,False,3,/mnt/chenpeijian/autodrive/StreetWorld/lead/3rd_party/navsim_workspace/dataset/maps does not exist!
597d1cf34bcc5e53,False,3,/mnt/chenpeijian/autodrive/StreetWorld/lead/3rd_party/navsim_workspace/dataset/maps does not exist!
599e006109385ae5,False,3,/mnt/chenpeijian/autodrive/StreetWorld/lead/3rd_party/navsim_workspace/dataset/maps does not exist!
59c00098b95d53b8,False,3,/mnt/chenpeijian/autodrive/StreetWorld/lead/3rd_party/navsim_workspace/dataset/maps does not exist!
59dcc37e3f235412,False,3,/mnt/chenpeijian/autodrive/StreetWorld/lead/3rd_party/navsim_workspace/dataset/maps does not exist!
5a13ac37ca725a30,False,3,/mnt/chenpeijian/autodrive/StreetWorld/lead/3rd_party/navsim_workspace/dataset/maps does not exist!
5a41a7f756c551ce,False,3,/mnt/chenpeijian/autodrive/StreetWorld/lead/3rd_party/navsim_workspace/dataset/maps does not exist!
5a7633ce22365440,False,3,/mnt/chenpeijian/autodrive/StreetWorld/lead/3rd_party/navsim_workspace/dataset/maps does not exist!
5a918026bb9253a5,False,3,/mnt/chenpeijian/autodrive/StreetWorld/lead/3rd_party/navsim_workspace/dataset/maps does not exist!
5ab779b8a0995778,False,3,/mnt/chenpeijian/autodrive/StreetWorld/lead/3rd_party/navsim_workspace/dataset/maps does not exist!
5ad9f64f2d295e4b,False,3,/mnt/chenpeijian/autodrive/StreetWorld/lead/3rd_party/navsim_workspace/dataset/maps does not exist!
5b1a620dcd675298,False,3,/mnt/chenpeijian/autodrive/StreetWorld/lead/3rd_party/navsim_workspace/dataset/maps does not exist!
5b3db54a43ca52ed,False,3,/mnt/chenpeijian/autodrive/StreetWorld/lead/3rd_party/navsim_workspace/dataset/maps does not exist!
5b78dd344203528e,False,3,/mnt/chenpeijian/autodrive/StreetWorld/lead/3rd_party/navsim_workspace/dataset/maps does not exist!
5bbd26efb97658ec,False,3,/mnt/chenpeijian/autodrive/StreetWorld/lead/3rd_party/navsim_workspace/dataset/maps does not exist!
5c084920ee285003,False,3,/mnt/chenpeijian/autodrive/StreetWorld/lead/3rd_party/navsim_workspace/dataset/maps does not exist!
5c5d006eb7b854c3,False,3,/mnt/chenpeijian/autodrive/StreetWorld/lead/3rd_party/navsim_workspace/dataset/maps does not exist!
5c9c6666d0725c64,False,3,/mnt/chenpeijian/autodrive/StreetWorld/lead/3rd_party/navsim_workspace/dataset/maps does not exist!
5cd75b90a44e5a65,False,3,/mnt/chenpeijian/autodrive/StreetWorld/lead/3rd_party/navsim_workspace/dataset/maps does not exist!
5cffd130ff2c510a,False,3,/mnt/chenpeijian/autodrive/StreetWorld/lead/3rd_party/navsim_workspace/dataset/maps does not exist!
5d5cef2e5d6b5d6b,False,3,/mnt/chenpeijian/autodrive/StreetWorld/lead/3rd_party/navsim_workspace/dataset/maps does not exist!
5d7eedc503ef575c,False,3,/mnt/chenpeijian/autodrive/StreetWorld/lead/3rd_party/navsim_workspace/dataset/maps does not exist!
5dc491914c6a595f,False,3,/mnt/chenpeijian/autodrive/StreetWorld/lead/3rd_party/navsim_workspace/dataset/maps does not exist!
5e119121956f52be,False,3,/mnt/chenpeijian/autodrive/StreetWorld/lead/3rd_party/navsim_workspace/dataset/maps does not exist!
5e4dd8c91b8453bf,False,3,/mnt/chenpeijian/autodrive/StreetWorld/lead/3rd_party/navsim_workspace/dataset/maps does not exist!
5ea2a4ecc18752fa,False,3,/mnt/chenpeijian/autodrive/StreetWorld/lead/3rd_party/navsim_workspace/dataset/maps does not exist!
5eef9aece027548e,False,3,/mnt/chenpeijian/autodrive/StreetWorld/lead/3rd_party/navsim_workspace/dataset/maps does not exist!
5f4ad64db9ac5419,False,3,/mnt/chenpeijian/autodrive/StreetWorld/lead/3rd_party/navsim_workspace/dataset/maps does not exist!
5fe06174763b5c36,False,3,/mnt/chenpeijian/autodrive/StreetWorld/lead/3rd_party/navsim_workspace/dataset/maps does not exist!
6004740a8a8052f8,False,3,/mnt/chenpeijian/autodrive/StreetWorld/lead/3rd_party/navsim_workspace/dataset/maps does not exist!
602e1bc4f8575d4e,False,3,/mnt/chenpeijian/autodrive/StreetWorld/lead/3rd_party/navsim_workspace/dataset/maps does not exist!
60615c7f766c5a10,False,3,/mnt/chenpeijian/autodrive/StreetWorld/lead/3rd_party/navsim_workspace/dataset/maps does not exist!
607fd9c5903d5376,False,3,/mnt/chenpeijian/autodrive/StreetWorld/lead/3rd_party/navsim_workspace/dataset/maps does not exist!
60a317c40ae656c0,False,3,/mnt/chenpeijian/autodrive/StreetWorld/lead/3rd_party/navsim_workspace/dataset/maps does not exist!
60b5ba011ea65e68,False,3,/mnt/chenpeijian/autodrive/StreetWorld/lead/3rd_party/navsim_workspace/dataset/maps does not exist!
60fa28b4cd8a57fb,False,3,/mnt/chenpeijian/autodrive/StreetWorld/lead/3rd_party/navsim_workspace/dataset/maps does not exist!
61138bee69015264,False,3,/mnt/chenpeijian/autodrive/StreetWorld/lead/3rd_party/navsim_workspace/dataset/maps does not exist!
612827ed516257e8,False,3,/mnt/chenpeijian/autodrive/StreetWorld/lead/3rd_party/navsim_workspace/dataset/maps does not exist!
613c9ac33f6951ca,False,3,/mnt/chenpeijian/autodrive/StreetWorld/lead/3rd_party/navsim_workspace/dataset/maps does not exist!
6154b9589f9553fa,False,3,/mnt/chenpeijian/autodrive/StreetWorld/lead/3rd_party/navsim_workspace/dataset/maps does not exist!
616ead76f75f5b62,False,3,/mnt/chenpeijian/autodrive/StreetWorld/lead/3rd_party/navsim_workspace/dataset/maps does not exist!
618902d469b5516e,False,3,/mnt/chenpeijian/autodrive/StreetWorld/lead/3rd_party/navsim_workspace/dataset/maps does not exist!
61a9157ac995542c,False,3,/mnt/chenpeijian/autodrive/StreetWorld/lead/3rd_party/navsim_workspace/dataset/maps does not exist!
61c5308743b35db2,False,3,/mnt/chenpeijian/autodrive/StreetWorld/lead/3rd_party/navsim_workspace/dataset/maps does not exist!
61e3a4acbdf55ffe,False,3,/mnt/chenpeijian/autodrive/StreetWorld/lead/3rd_party/navsim_workspace/dataset/maps does not exist!
6225b347244658c1,False,3,/mnt/chenpeijian/autodrive/StreetWorld/lead/3rd_party/navsim_workspace/dataset/maps does not exist!
624602ce65455c07,False,3,/mnt/chenpeijian/autodrive/StreetWorld/lead/3rd_party/navsim_workspace/dataset/maps does not exist!
62515ff6d52a5e89,False,3,/mnt/chenpeijian/autodrive/StreetWorld/lead/3rd_party/navsim_workspace/dataset/maps does not exist!
6280a12d79b4518a,False,3,/mnt/chenpeijian/autodrive/StreetWorld/lead/3rd_party/navsim_workspace/dataset/maps does not exist!
629f93034f995ebc,False,3,/mnt/chenpeijian/autodrive/StreetWorld/lead/3rd_party/navsim_workspace/dataset/maps does not exist!
62e7b4eb1cc954ad,False,3,/mnt/chenpeijian/autodrive/StreetWorld/lead/3rd_party/navsim_workspace/dataset/maps does not exist!
631115d8e54d58fc,False,3,/mnt/chenpeijian/autodrive/StreetWorld/lead/3rd_party/navsim_workspace/dataset/maps does not exist!
6347553d03555ffa,False,3,/mnt/chenpeijian/autodrive/StreetWorld/lead/3rd_party/navsim_workspace/dataset/maps does not exist!
6361bbead79c5ac2,False,3,/mnt/chenpeijian/autodrive/StreetWorld/lead/3rd_party/navsim_workspace/dataset/maps does not exist!
6387e5c4dd2f5e2a,False,3,/mnt/chenpeijian/autodrive/StreetWorld/lead/3rd_party/navsim_workspace/dataset/maps does not exist!
639ed89313465584,False,3,/mnt/chenpeijian/autodrive/StreetWorld/lead/3rd_party/navsim_workspace/dataset/maps does not exist!
63c145828c3b5fd8,False,3,/mnt/chenpeijian/autodrive/StreetWorld/lead/3rd_party/navsim_workspace/dataset/maps does not exist!
63fd66d1098f5c53,False,3,/mnt/chenpeijian/autodrive/StreetWorld/lead/3rd_party/navsim_workspace/dataset/maps does not exist!
643b177aa4235fe7,False,3,/mnt/chenpeijian/autodrive/StreetWorld/lead/3rd_party/navsim_workspace/dataset/maps does not exist!
6477761567345e00,False,3,/mnt/chenpeijian/autodrive/StreetWorld/lead/3rd_party/navsim_workspace/dataset/maps does not exist!
64883fdea50b5b8c,False,3,/mnt/chenpeijian/autodrive/StreetWorld/lead/3rd_party/navsim_workspace/dataset/maps does not exist!
649ee93e67cc58bb,False,3,/mnt/chenpeijian/autodrive/StreetWorld/lead/3rd_party/navsim_workspace/dataset/maps does not exist!
64ee149f402a5601,False,3,/mnt/chenpeijian/autodrive/StreetWorld/lead/3rd_party/navsim_workspace/dataset/maps does not exist!
65130561cbfb567a,False,3,/mnt/chenpeijian/autodrive/StreetWorld/lead/3rd_party/navsim_workspace/dataset/maps does not exist!
653ebb370df45ca5,False,3,/mnt/chenpeijian/autodrive/StreetWorld/lead/3rd_party/navsim_workspace/dataset/maps does not exist!
655c3f17ee2d5683,False,3,/mnt/chenpeijian/autodrive/StreetWorld/lead/3rd_party/navsim_workspace/dataset/maps does not exist!
65a5be18fdb7508d,False,3,/mnt/chenpeijian/autodrive/StreetWorld/lead/3rd_party/navsim_workspace/dataset/maps does not exist!
65cf19209dc55631,False,3,/mnt/chenpeijian/autodrive/StreetWorld/lead/3rd_party/navsim_workspace/dataset/maps does not exist!
65fed1ea595559ba,False,3,/mnt/chenpeijian/autodrive/StreetWorld/lead/3rd_party/navsim_workspace/dataset/maps does not exist!
661ce644db6d5546,False,3,/mnt/chenpeijian/autodrive/StreetWorld/lead/3rd_party/navsim_workspace/dataset/maps does not exist!
66329b9ed3785e0e,False,3,/mnt/chenpeijian/autodrive/StreetWorld/lead/3rd_party/navsim_workspace/dataset/maps does not exist!
666573b1628a5475,False,3,/mnt/chenpeijian/autodrive/StreetWorld/lead/3rd_party/navsim_workspace/dataset/maps does not exist!
668835640c6057e0,False,3,/mnt/chenpeijian/autodrive/StreetWorld/lead/3rd_party/navsim_workspace/dataset/maps does not exist!
66a924c7d02159cf,False,3,/mnt/chenpeijian/autodrive/StreetWorld/lead/3rd_party/navsim_workspace/dataset/maps does not exist!
66d152defe7b59e2,False,3,/mnt/chenpeijian/autodrive/StreetWorld/lead/3rd_party/navsim_workspace/dataset/maps does not exist!
66f8bdd077ff5fc3,False,3,/mnt/chenpeijian/autodrive/StreetWorld/lead/3rd_party/navsim_workspace/dataset/maps does not exist!
67286bba873e56f1,False,3,/mnt/chenpeijian/autodrive/StreetWorld/lead/3rd_party/navsim_workspace/dataset/maps does not exist!
674e6f0f529a51f7,False,3,/mnt/chenpeijian/autodrive/StreetWorld/lead/3rd_party/navsim_workspace/dataset/maps does not exist!
677d8d1e838b5793,False,3,/mnt/chenpeijian/autodrive/StreetWorld/lead/3rd_party/navsim_workspace/dataset/maps does not exist!
67c138fc9ac459b5,False,3,/mnt/chenpeijian/autodrive/StreetWorld/lead/3rd_party/navsim_workspace/dataset/maps does not exist!
6801df96fcdd5bd9,False,3,/mnt/chenpeijian/autodrive/StreetWorld/lead/3rd_party/navsim_workspace/dataset/maps does not exist!
6828c3caaaca56e1,False,3,/mnt/chenpeijian/autodrive/StreetWorld/lead/3rd_party/navsim_workspace/dataset/maps does not exist!
68505dcbf4fb5f32,False,3,/mnt/chenpeijian/autodrive/StreetWorld/lead/3rd_party/navsim_workspace/dataset/maps does not exist!
687da3cabde458b5,False,3,/mnt/chenpeijian/autodrive/StreetWorld/lead/3rd_party/navsim_workspace/dataset/maps does not exist!
6892e067e25257f8,False,3,/mnt/chenpeijian/autodrive/StreetWorld/lead/3rd_party/navsim_workspace/dataset/maps does not exist!
68b83d28894e5bc1,False,3,/mnt/chenpeijian/autodrive/StreetWorld/lead/3rd_party/navsim_workspace/dataset/maps does not exist!
68d46e380acc5f56,False,3,/mnt/chenpeijian/autodrive/StreetWorld/lead/3rd_party/navsim_workspace/dataset/maps does not exist!
690cbb033f3750c7,False,3,/mnt/chenpeijian/autodrive/StreetWorld/lead/3rd_party/navsim_workspace/dataset/maps does not exist!
6916caadd44a5806,False,3,/mnt/chenpeijian/autodrive/StreetWorld/lead/3rd_party/navsim_workspace/dataset/maps does not exist!
6950076b024c51db,False,3,/mnt/chenpeijian/autodrive/StreetWorld/lead/3rd_party/navsim_workspace/dataset/maps does not exist!
69742b86e6b25ecc,False,3,/mnt/chenpeijian/autodrive/StreetWorld/lead/3rd_party/navsim_workspace/dataset/maps does not exist!
699a6c3e2fc4597e,False,3,/mnt/chenpeijian/autodrive/StreetWorld/lead/3rd_party/navsim_workspace/dataset/maps does not exist!
69bc8107e82b54db,False,3,/mnt/chenpeijian/autodrive/StreetWorld/lead/3rd_party/navsim_workspace/dataset/maps does not exist!
69d75ac905035187,False,3,/mnt/chenpeijian/autodrive/StreetWorld/lead/3rd_party/navsim_workspace/dataset/maps does not exist!
69e8fff107b05199,False,3,/mnt/chenpeijian/autodrive/StreetWorld/lead/3rd_party/navsim_workspace/dataset/maps does not exist!
6a101cae21b1532d,False,3,/mnt/chenpeijian/autodrive/StreetWorld/lead/3rd_party/navsim_workspace/dataset/maps does not exist!
6a5c90faa1cc5f03,False,3,/mnt/chenpeijian/autodrive/StreetWorld/lead/3rd_party/navsim_workspace/dataset/maps does not exist!
6a87e3be62aa5b5b,False,3,/mnt/chenpeijian/autodrive/StreetWorld/lead/3rd_party/navsim_workspace/dataset/maps does not exist!
6aa2d225dc0d5b6e,False,3,/mnt/chenpeijian/autodrive/StreetWorld/lead/3rd_party/navsim_workspace/dataset/maps does not exist!
6af6e8242e045406,False,3,/mnt/chenpeijian/autodrive/StreetWorld/lead/3rd_party/navsim_workspace/dataset/maps does not exist!
6b3d5914f92b54d9,False,3,/mnt/chenpeijian/autodrive/StreetWorld/lead/3rd_party/navsim_workspace/dataset/maps does not exist!
6b7e5348100b5572,False,3,/mnt/chenpeijian/autodrive/StreetWorld/lead/3rd_party/navsim_workspace/dataset/maps does not exist!
6b9ddb691b38551a,False,3,/mnt/chenpeijian/autodrive/StreetWorld/lead/3rd_party/navsim_workspace/dataset/maps does not exist!
6bd6995e2a275d91,False,3,/mnt/chenpeijian/autodrive/StreetWorld/lead/3rd_party/navsim_workspace/dataset/maps does not exist!
6c28c001109f5718,False,3,/mnt/chenpeijian/autodrive/StreetWorld/lead/3rd_party/navsim_workspace/dataset/maps does not exist!
6c7142e6f9435ab6,False,3,/mnt/chenpeijian/autodrive/StreetWorld/lead/3rd_party/navsim_workspace/dataset/maps does not exist!
6c996448c2e45ca1,False,3,/mnt/chenpeijian/autodrive/StreetWorld/lead/3rd_party/navsim_workspace/dataset/maps does not exist!
6cd23fffac65568b,False,3,/mnt/chenpeijian/autodrive/StreetWorld/lead/3rd_party/navsim_workspace/dataset/maps does not exist!
6d3bb2ecca3e54b4,False,3,/mnt/chenpeijian/autodrive/StreetWorld/lead/3rd_party/navsim_workspace/dataset/maps does not exist!
6d605a6595d75fa9,False,3,/mnt/chenpeijian/autodrive/StreetWorld/lead/3rd_party/navsim_workspace/dataset/maps does not exist!
6d7d043389ac52c5,False,3,/mnt/chenpeijian/autodrive/StreetWorld/lead/3rd_party/navsim_workspace/dataset/maps does not exist!
6d93bbdab42255a9,False,3,/mnt/chenpeijian/autodrive/StreetWorld/lead/3rd_party/navsim_workspace/dataset/maps does not exist!
6dcb6aa97a07588b,False,3,/mnt/chenpeijian/autodrive/StreetWorld/lead/3rd_party/navsim_workspace/dataset/maps does not exist!
6debfcfccc75589c,False,3,/mnt/chenpeijian/autodrive/StreetWorld/lead/3rd_party/navsim_workspace/dataset/maps does not exist!
6e395976280452e1,False,3,/mnt/chenpeijian/autodrive/StreetWorld/lead/3rd_party/navsim_workspace/dataset/maps does not exist!
6e79ddf19ead53f1,False,3,/mnt/chenpeijian/autodrive/StreetWorld/lead/3rd_party/navsim_workspace/dataset/maps does not exist!
6ea317e632e850f5,False,3,/mnt/chenpeijian/autodrive/StreetWorld/lead/3rd_party/navsim_workspace/dataset/maps does not exist!
6ed01f269a835519,False,3,/mnt/chenpeijian/autodrive/StreetWorld/lead/3rd_party/navsim_workspace/dataset/maps does not exist!
6f0538a6ba9c5b7f,False,3,/mnt/chenpeijian/autodrive/StreetWorld/lead/3rd_party/navsim_workspace/dataset/maps does not exist!
6f2e14d0955e5e5a,False,3,/mnt/chenpeijian/autodrive/StreetWorld/lead/3rd_party/navsim_workspace/dataset/maps does not exist!
6f61120208385a02,False,3,/mnt/chenpeijian/autodrive/StreetWorld/lead/3rd_party/navsim_workspace/dataset/maps does not exist!
6f81927cafa65005,False,3,/mnt/chenpeijian/autodrive/StreetWorld/lead/3rd_party/navsim_workspace/dataset/maps does not exist!
6fbdacdf660253b6,False,3,/mnt/chenpeijian/autodrive/StreetWorld/lead/3rd_party/navsim_workspace/dataset/maps does not exist!
6fee6df4d64b5d9d,False,3,/mnt/chenpeijian/autodrive/StreetWorld/lead/3rd_party/navsim_workspace/dataset/maps does not exist!
7021139b47cf5370,False,3,/mnt/chenpeijian/autodrive/StreetWorld/lead/3rd_party/navsim_workspace/dataset/maps does not exist!
7048a63246a75ea4,False,3,/mnt/chenpeijian/autodrive/StreetWorld/lead/3rd_party/navsim_workspace/dataset/maps does not exist!
70a70a9054d75d9f,False,3,/mnt/chenpeijian/autodrive/StreetWorld/lead/3rd_party/navsim_workspace/dataset/maps does not exist!
70becaf36f845b1d,False,3,/mnt/chenpeijian/autodrive/StreetWorld/lead/3rd_party/navsim_workspace/dataset/maps does not exist!
70e6f01ee485510a,False,3,/mnt/chenpeijian/autodrive/StreetWorld/lead/3rd_party/navsim_workspace/dataset/maps does not exist!
712427ff1635596c,False,3,/mnt/chenpeijian/autodrive/StreetWorld/lead/3rd_party/navsim_workspace/dataset/maps does not exist!
7140077d03e25c2c,False,3,/mnt/chenpeijian/autodrive/StreetWorld/lead/3rd_party/navsim_workspace/dataset/maps does not exist!
71729b03a1e95896,False,3,/mnt/chenpeijian/autodrive/StreetWorld/lead/3rd_party/navsim_workspace/dataset/maps does not exist!
719eb7fea14c5b94,False,3,/mnt/chenpeijian/autodrive/StreetWorld/lead/3rd_party/navsim_workspace/dataset/maps does not exist!
71e2924dcf525bc7,False,3,/mnt/chenpeijian/autodrive/StreetWorld/lead/3rd_party/navsim_workspace/dataset/maps does not exist!
722ed88251d25420,False,3,/mnt/chenpeijian/autodrive/StreetWorld/lead/3rd_party/navsim_workspace/dataset/maps does not exist!
727ed49214315cd6,False,3,/mnt/chenpeijian/autodrive/StreetWorld/lead/3rd_party/navsim_workspace/dataset/maps does not exist!
729b53c777da522e,False,3,/mnt/chenpeijian/autodrive/StreetWorld/lead/3rd_party/navsim_workspace/dataset/maps does not exist!
72cb0bed47ab5464,False,3,/mnt/chenpeijian/autodrive/StreetWorld/lead/3rd_party/navsim_workspace/dataset/maps does not exist!
72fe517eb6fe5e27,False,3,/mnt/chenpeijian/autodrive/StreetWorld/lead/3rd_party/navsim_workspace/dataset/maps does not exist!
73298d57a59e5252,False,3,/mnt/chenpeijian/autodrive/StreetWorld/lead/3rd_party/navsim_workspace/dataset/maps does not exist!
737920796b595b0f,False,3,/mnt/chenpeijian/autodrive/StreetWorld/lead/3rd_party/navsim_workspace/dataset/maps does not exist!
73ba0e501a005971,False,3,/mnt/chenpeijian/autodrive/StreetWorld/lead/3rd_party/navsim_workspace/dataset/maps does not exist!
73e4db7c9a4d5076,False,3,/mnt/chenpeijian/autodrive/StreetWorld/lead/3rd_party/navsim_workspace/dataset/maps does not exist!
742456f4f1c65425,False,3,/mnt/chenpeijian/autodrive/StreetWorld/lead/3rd_party/navsim_workspace/dataset/maps does not exist!
74693ae387e752fa,False,3,/mnt/chenpeijian/autodrive/StreetWorld/lead/3rd_party/navsim_workspace/dataset/maps does not exist!
749a9bb4860f5cc1,False,3,/mnt/chenpeijian/autodrive/StreetWorld/lead/3rd_party/navsim_workspace/dataset/maps does not exist!
74c8385c2d845cde,False,3,/mnt/chenpeijian/autodrive/StreetWorld/lead/3rd_party/navsim_workspace/dataset/maps does not exist!
7508fad57cde547d,False,3,/mnt/chenpeijian/autodrive/StreetWorld/lead/3rd_party/navsim_workspace/dataset/maps does not exist!
75523a91f0b15884,False,3,/mnt/chenpeijian/autodrive/StreetWorld/lead/3rd_party/navsim_workspace/dataset/maps does not exist!
7582f7769dfb5d11,False,3,/mnt/chenpeijian/autodrive/StreetWorld/lead/3rd_party/navsim_workspace/dataset/maps does not exist!
75a8be89195651aa,False,3,/mnt/chenpeijian/autodrive/StreetWorld/lead/3rd_party/navsim_workspace/dataset/maps does not exist!
75c91bd683535274,False,3,/mnt/chenpeijian/autodrive/StreetWorld/lead/3rd_party/navsim_workspace/dataset/maps does not exist!
7602906d3c785da3,False,3,/mnt/chenpeijian/autodrive/StreetWorld/lead/3rd_party/navsim_workspace/dataset/maps does not exist!
761d3f2365c25886,False,3,/mnt/chenpeijian/autodrive/StreetWorld/lead/3rd_party/navsim_workspace/dataset/maps does not exist!
764bbbaf51f85bd8,False,3,/mnt/chenpeijian/autodrive/StreetWorld/lead/3rd_party/navsim_workspace/dataset/maps does not exist!
769a27bde35050d1,False,3,/mnt/chenpeijian/autodrive/StreetWorld/lead/3rd_party/navsim_workspace/dataset/maps does not exist!
76b4369e21a15a7a,False,3,/mnt/chenpeijian/autodrive/StreetWorld/lead/3rd_party/navsim_workspace/dataset/maps does not exist!
76f952632729540f,False,3,/mnt/chenpeijian/autodrive/StreetWorld/lead/3rd_party/navsim_workspace/dataset/maps does not exist!
771b7e7196585f07,False,3,/mnt/chenpeijian/autodrive/StreetWorld/lead/3rd_party/navsim_workspace/dataset/maps does not exist!
774006a654915196,False,3,/mnt/chenpeijian/autodrive/StreetWorld/lead/3rd_party/navsim_workspace/dataset/maps does not exist!
7752ef9225b65783,False,3,/mnt/chenpeijian/autodrive/StreetWorld/lead/3rd_party/navsim_workspace/dataset/maps does not exist!
7766bcc52078528c,False,3,/mnt/chenpeijian/autodrive/StreetWorld/lead/3rd_party/navsim_workspace/dataset/maps does not exist!
77868241ec115a11,False,3,/mnt/chenpeijian/autodrive/StreetWorld/lead/3rd_party/navsim_workspace/dataset/maps does not exist!
77c1bc7a68b55fb9,False,3,/mnt/chenpeijian/autodrive/StreetWorld/lead/3rd_party/navsim_workspace/dataset/maps does not exist!
77ebf0edb75c5b69,False,3,/mnt/chenpeijian/autodrive/StreetWorld/lead/3rd_party/navsim_workspace/dataset/maps does not exist!
781386f5659b5cdf,False,3,/mnt/chenpeijian/autodrive/StreetWorld/lead/3rd_party/navsim_workspace/dataset/maps does not exist!
785b0e9d5d505db4,False,3,/mnt/chenpeijian/autodrive/StreetWorld/lead/3rd_party/navsim_workspace/dataset/maps does not exist!
78a98ffdcd4b558a,False,3,/mnt/chenpeijian/autodrive/StreetWorld/lead/3rd_party/navsim_workspace/dataset/maps does not exist!
78c9157a55905d81,False,3,/mnt/chenpeijian/autodrive/StreetWorld/lead/3rd_party/navsim_workspace/dataset/maps does not exist!
78f941ea974f5084,False,3,/mnt/chenpeijian/autodrive/StreetWorld/lead/3rd_party/navsim_workspace/dataset/maps does not exist!
79551644e9715069,False,3,/mnt/chenpeijian/autodrive/StreetWorld/lead/3rd_party/navsim_workspace/dataset/maps does not exist!
795d49f6b8ec5f69,False,3,/mnt/chenpeijian/autodrive/StreetWorld/lead/3rd_party/navsim_workspace/dataset/maps does not exist!
798f1981bb285b09,False,3,/mnt/chenpeijian/autodrive/StreetWorld/lead/3rd_party/navsim_workspace/dataset/maps does not exist!
79c9f05d61955e2d,False,3,/mnt/chenpeijian/autodrive/StreetWorld/lead/3rd_party/navsim_workspace/dataset/maps does not exist!
79e582695923514a,False,3,/mnt/chenpeijian/autodrive/StreetWorld/lead/3rd_party/navsim_workspace/dataset/maps does not exist!
7a146021c3485224,False,3,/mnt/chenpeijian/autodrive/StreetWorld/lead/3rd_party/navsim_workspace/dataset/maps does not exist!
7a61f0a7cbe15387,False,3,/mnt/chenpeijian/autodrive/StreetWorld/lead/3rd_party/navsim_workspace/dataset/maps does not exist!
7ac633604a3c572d,False,3,/mnt/chenpeijian/autodrive/StreetWorld/lead/3rd_party/navsim_workspace/dataset/maps does not exist!
7b095ec7e3f95c4a,False,3,/mnt/chenpeijian/autodrive/StreetWorld/lead/3rd_party/navsim_workspace/dataset/maps does not exist!
7b3e1c9932625243,False,3,/mnt/chenpeijian/autodrive/StreetWorld/lead/3rd_party/navsim_workspace/dataset/maps does not exist!
7b73da0bb98b5e56,False,3,/mnt/chenpeijian/autodrive/StreetWorld/lead/3rd_party/navsim_workspace/dataset/maps does not exist!
7bb27993dd475c3d,False,3,/mnt/chenpeijian/autodrive/StreetWorld/lead/3rd_party/navsim_workspace/dataset/maps does not exist!
7bd504ce0e1950b9,False,3,/mnt/chenpeijian/autodrive/StreetWorld/lead/3rd_party/navsim_workspace/dataset/maps does not exist!
7c04e29efc0c5e46,False,3,/mnt/chenpeijian/autodrive/StreetWorld/lead/3rd_party/navsim_workspace/dataset/maps does not exist!
7c7c063205ec5f3c,False,3,/mnt/chenpeijian/autodrive/StreetWorld/lead/3rd_party/navsim_workspace/dataset/maps does not exist!
7cb9260c8be35c5c,False,3,/mnt/chenpeijian/autodrive/StreetWorld/lead/3rd_party/navsim_workspace/dataset/maps does not exist!
7ce6c5c094c55055,False,3,/mnt/chenpeijian/autodrive/StreetWorld/lead/3rd_party/navsim_workspace/dataset/maps does not exist!
7d32ec3f13b9525b,False,3,/mnt/chenpeijian/autodrive/StreetWorld/lead/3rd_party/navsim_workspace/dataset/maps does not exist!
7d4c548895955e0d,False,3,/mnt/chenpeijian/autodrive/StreetWorld/lead/3rd_party/navsim_workspace/dataset/maps does not exist!
7d66b9b9d4df5fe8,False,3,/mnt/chenpeijian/autodrive/StreetWorld/lead/3rd_party/navsim_workspace/dataset/maps does not exist!
7d74fbed5a8c534c,False,3,/mnt/chenpeijian/autodrive/StreetWorld/lead/3rd_party/navsim_workspace/dataset/maps does not exist!
7dacba492564549f,False,3,/mnt/chenpeijian/autodrive/StreetWorld/lead/3rd_party/navsim_workspace/dataset/maps does not exist!
7dd9388d605c50a1,False,3,/mnt/chenpeijian/autodrive/StreetWorld/lead/3rd_party/navsim_workspace/dataset/maps does not exist!
7e1cc7d77132505a,False,3,/mnt/chenpeijian/autodrive/StreetWorld/lead/3rd_party/navsim_workspace/dataset/maps does not exist!
7e5925fce8df5e44,False,3,/mnt/chenpeijian/autodrive/StreetWorld/lead/3rd_party/navsim_workspace/dataset/maps does not exist!
7e87b622a4e35128,False,3,/mnt/chenpeijian/autodrive/StreetWorld/lead/3rd_party/navsim_workspace/dataset/maps does not exist!
7eaba7fa332d55cd,False,3,/mnt/chenpeijian/autodrive/StreetWorld/lead/3rd_party/navsim_workspace/dataset/maps does not exist!
7ed9d0ca20ac5e2c,False,3,/mnt/chenpeijian/autodrive/StreetWorld/lead/3rd_party/navsim_workspace/dataset/maps does not exist!
7f00cbbc74695c32,False,3,/mnt/chenpeijian/autodrive/StreetWorld/lead/3rd_party/navsim_workspace/dataset/maps does not exist!
7f1f382094685881,False,3,/mnt/chenpeijian/autodrive/StreetWorld/lead/3rd_party/navsim_workspace/dataset/maps does not exist!
7f92403d0c6e5b5d,False,3,/mnt/chenpeijian/autodrive/StreetWorld/lead/3rd_party/navsim_workspace/dataset/maps does not exist!
7fad5a0c8cdd5fc4,False,3,/mnt/chenpeijian/autodrive/StreetWorld/lead/3rd_party/navsim_workspace/dataset/maps does not exist!
7fc1ce68acb7562c,False,3,/mnt/chenpeijian/autodrive/StreetWorld/lead/3rd_party/navsim_workspace/dataset/maps does not exist!
7fd8acb62ee556d0,False,3,/mnt/chenpeijian/autodrive/StreetWorld/lead/3rd_party/navsim_workspace/dataset/maps does not exist!
7ffee2481b68517c,False,3,/mnt/chenpeijian/autodrive/StreetWorld/lead/3rd_party/navsim_workspace/dataset/maps does not exist!
805fed6cba8c5fd3,False,3,/mnt/chenpeijian/autodrive/StreetWorld/lead/3rd_party/navsim_workspace/dataset/maps does not exist!
80793d56acc15d48,False,3,/mnt/chenpeijian/autodrive/StreetWorld/lead/3rd_party/navsim_workspace/dataset/maps does not exist!
80ae73dfb4c45e8d,False,3,/mnt/chenpeijian/autodrive/StreetWorld/lead/3rd_party/navsim_workspace/dataset/maps does not exist!
80f6c94fed0c5519,False,3,/mnt/chenpeijian/autodrive/StreetWorld/lead/3rd_party/navsim_workspace/dataset/maps does not exist!
812464919a4f5362,False,3,/mnt/chenpeijian/autodrive/StreetWorld/lead/3rd_party/navsim_workspace/dataset/maps does not exist!
81464a4119075069,False,3,/mnt/chenpeijian/autodrive/StreetWorld/lead/3rd_party/navsim_workspace/dataset/maps does not exist!
8166c5e0f62a5a19,False,3,/mnt/chenpeijian/autodrive/StreetWorld/lead/3rd_party/navsim_workspace/dataset/maps does not exist!
81a473b817565cb9,False,3,/mnt/chenpeijian/autodrive/StreetWorld/lead/3rd_party/navsim_workspace/dataset/maps does not exist!
81c70798936b5140,False,3,/mnt/chenpeijian/autodrive/StreetWorld/lead/3rd_party/navsim_workspace/dataset/maps does not exist!
81f6d1d0bc835cb3,False,3,/mnt/chenpeijian/autodrive/StreetWorld/lead/3rd_party/navsim_workspace/dataset/maps does not exist!
82291c12e1485f32,False,3,/mnt/chenpeijian/autodrive/StreetWorld/lead/3rd_party/navsim_workspace/dataset/maps does not exist!
82531fc4fe8f5a26,False,3,/mnt/chenpeijian/autodrive/StreetWorld/lead/3rd_party/navsim_workspace/dataset/maps does not exist!
829e3a1622565a63,False,3,/mnt/chenpeijian/autodrive/StreetWorld/lead/3rd_party/navsim_workspace/dataset/maps does not exist!
82ba424ca77e5a4a,False,3,/mnt/chenpeijian/autodrive/StreetWorld/lead/3rd_party/navsim_workspace/dataset/maps does not exist!
82e565141eb55f88,False,3,/mnt/chenpeijian/autodrive/StreetWorld/lead/3rd_party/navsim_workspace/dataset/maps does not exist!
83242e2595a85111,False,3,/mnt/chenpeijian/autodrive/StreetWorld/lead/3rd_party/navsim_workspace/dataset/maps does not exist!
834cf95826ec5c73,False,3,/mnt/chenpeijian/autodrive/StreetWorld/lead/3rd_party/navsim_workspace/dataset/maps does not exist!
837ce609a8ec58e9,False,3,/mnt/chenpeijian/autodrive/StreetWorld/lead/3rd_party/navsim_workspace/dataset/maps does not exist!
83a9fe7e03fd5755,False,3,/mnt/chenpeijian/autodrive/StreetWorld/lead/3rd_party/navsim_workspace/dataset/maps does not exist!
83cb0b794de45f7e,False,3,/mnt/chenpeijian/autodrive/StreetWorld/lead/3rd_party/navsim_workspace/dataset/maps does not exist!
83e71223f25a5137,False,3,/mnt/chenpeijian/autodrive/StreetWorld/lead/3rd_party/navsim_workspace/dataset/maps does not exist!
840f4e28181e53d9,False,3,/mnt/chenpeijian/autodrive/StreetWorld/lead/3rd_party/navsim_workspace/dataset/maps does not exist!
8436ac812af859df,False,3,/mnt/chenpeijian/autodrive/StreetWorld/lead/3rd_party/navsim_workspace/dataset/maps does not exist!
846863e9cd7059c5,False,3,/mnt/chenpeijian/autodrive/StreetWorld/lead/3rd_party/navsim_workspace/dataset/maps does not exist!
84a832f4cdbc5aef,False,3,/mnt/chenpeijian/autodrive/StreetWorld/lead/3rd_party/navsim_workspace/dataset/maps does not exist!
84e16f3286255759,False,3,/mnt/chenpeijian/autodrive/StreetWorld/lead/3rd_party/navsim_workspace/dataset/maps does not exist!
85164858b3e55841,False,3,/mnt/chenpeijian/autodrive/StreetWorld/lead/3rd_party/navsim_workspace/dataset/maps does not exist!
8551111013245067,False,3,/mnt/chenpeijian/autodrive/StreetWorld/lead/3rd_party/navsim_workspace/dataset/maps does not exist!
85865789fb545e3c,False,3,/mnt/chenpeijian/autodrive/StreetWorld/lead/3rd_party/navsim_workspace/dataset/maps does not exist!
85ab290d4e535060,False,3,/mnt/chenpeijian/autodrive/StreetWorld/lead/3rd_party/navsim_workspace/dataset/maps does not exist!
85f25c14e0125133,False,3,/mnt/chenpeijian/autodrive/StreetWorld/lead/3rd_party/navsim_workspace/dataset/maps does not exist!
862378e4a52553be,False,3,/mnt/chenpeijian/autodrive/StreetWorld/lead/3rd_party/navsim_workspace/dataset/maps does not exist!
864b2d366f575b14,False,3,/mnt/chenpeijian/autodrive/StreetWorld/lead/3rd_party/navsim_workspace/dataset/maps does not exist!
86641ef36dfc5c16,False,3,/mnt/chenpeijian/autodrive/StreetWorld/lead/3rd_party/navsim_workspace/dataset/maps does not exist!
8683f3b4797f56e0,False,3,/mnt/chenpeijian/autodrive/StreetWorld/lead/3rd_party/navsim_workspace/dataset/maps does not exist!
86bc41537b2e5bb5,False,3,/mnt/chenpeijian/autodrive/StreetWorld/lead/3rd_party/navsim_workspace/dataset/maps does not exist!
86db74cc909e5437,False,3,/mnt/chenpeijian/autodrive/StreetWorld/lead/3rd_party/navsim_workspace/dataset/maps does not exist!
86feb30b850f5ff2,False,3,/mnt/chenpeijian/autodrive/StreetWorld/lead/3rd_party/navsim_workspace/dataset/maps does not exist!
8719c1b8087d5590,False,3,/mnt/chenpeijian/autodrive/StreetWorld/lead/3rd_party/navsim_workspace/dataset/maps does not exist!
876278ea40b25284,False,3,/mnt/chenpeijian/autodrive/StreetWorld/lead/3rd_party/navsim_workspace/dataset/maps does not exist!
8790ecedb8ac580e,False,3,/mnt/chenpeijian/autodrive/StreetWorld/lead/3rd_party/navsim_workspace/dataset/maps does not exist!
87a12c9888c75e21,False,3,/mnt/chenpeijian/autodrive/StreetWorld/lead/3rd_party/navsim_workspace/dataset/maps does not exist!
87b32a1aeeb85613,False,3,/mnt/chenpeijian/autodrive/StreetWorld/lead/3rd_party/navsim_workspace/dataset/maps does not exist!
87d3c1135ac85583,False,3,/mnt/chenpeijian/autodrive/StreetWorld/lead/3rd_party/navsim_workspace/dataset/maps does not exist!
87f7b4b94e2b5264,False,3,/mnt/chenpeijian/autodrive/StreetWorld/lead/3rd_party/navsim_workspace/dataset/maps does not exist!
884826032461520d,False,3,/mnt/chenpeijian/autodrive/StreetWorld/lead/3rd_party/navsim_workspace/dataset/maps does not exist!
8872d388cf435f07,False,3,/mnt/chenpeijian/autodrive/StreetWorld/lead/3rd_party/navsim_workspace/dataset/maps does not exist!
8894cb9c1f385198,False,3,/mnt/chenpeijian/autodrive/StreetWorld/lead/3rd_party/navsim_workspace/dataset/maps does not exist!
88d3ee1e3b435a28,False,3,/mnt/chenpeijian/autodrive/StreetWorld/lead/3rd_party/navsim_workspace/dataset/maps does not exist!
8926a4661fd05f7e,False,3,/mnt/chenpeijian/autodrive/StreetWorld/lead/3rd_party/navsim_workspace/dataset/maps does not exist!
89751620b3555ef8,False,3,/mnt/chenpeijian/autodrive/StreetWorld/lead/3rd_party/navsim_workspace/dataset/maps does not exist!
89df824d0cfd525e,False,3,/mnt/chenpeijian/autodrive/StreetWorld/lead/3rd_party/navsim_workspace/dataset/maps does not exist!
8a1fa33cd5d45d48,False,3,/mnt/chenpeijian/autodrive/StreetWorld/lead/3rd_party/navsim_workspace/dataset/maps does not exist!
8a540001f3f0514d,False,3,/mnt/chenpeijian/autodrive/StreetWorld/lead/3rd_party/navsim_workspace/dataset/maps does not exist!
8a88b869e2ca552d,False,3,/mnt/chenpeijian/autodrive/StreetWorld/lead/3rd_party/navsim_workspace/dataset/maps does not exist!
8aae579b8090538a,False,3,/mnt/chenpeijian/autodrive/StreetWorld/lead/3rd_party/navsim_workspace/dataset/maps does not exist!
8b06db3e6e4355d3,False,3,/mnt/chenpeijian/autodrive/StreetWorld/lead/3rd_party/navsim_workspace/dataset/maps does not exist!
8b2a7b6817795ae7,False,3,/mnt/chenpeijian/autodrive/StreetWorld/lead/3rd_party/navsim_workspace/dataset/maps does not exist!
8b3bd35b8b945918,False,3,/mnt/chenpeijian/autodrive/StreetWorld/lead/3rd_party/navsim_workspace/dataset/maps does not exist!
8b7722d516e553ba,False,3,/mnt/chenpeijian/autodrive/StreetWorld/lead/3rd_party/navsim_workspace/dataset/maps does not exist!
8b90b26a4deb5019,False,3,/mnt/chenpeijian/autodrive/StreetWorld/lead/3rd_party/navsim_workspace/dataset/maps does not exist!
8bb939128dfd5f7d,False,3,/mnt/chenpeijian/autodrive/StreetWorld/lead/3rd_party/navsim_workspace/dataset/maps does not exist!
8be90fab0cf45555,False,3,/mnt/chenpeijian/autodrive/StreetWorld/lead/3rd_party/navsim_workspace/dataset/maps does not exist!
8c4218fc392a52be,False,3,/mnt/chenpeijian/autodrive/StreetWorld/lead/3rd_party/navsim_workspace/dataset/maps does not exist!
8c6aed532f8555cd,False,3,/mnt/chenpeijian/autodrive/StreetWorld/lead/3rd_party/navsim_workspace/dataset/maps does not exist!
8c8694effde754e6,False,3,/mnt/chenpeijian/autodrive/StreetWorld/lead/3rd_party/navsim_workspace/dataset/maps does not exist!
8cac1b4a21585010,False,3,/mnt/chenpeijian/autodrive/StreetWorld/lead/3rd_party/navsim_workspace/dataset/maps does not exist!
8cd3ad22a81c52b6,False,3,/mnt/chenpeijian/autodrive/StreetWorld/lead/3rd_party/navsim_workspace/dataset/maps does not exist!
8d0697930b5e5df0,False,3,/mnt/chenpeijian/autodrive/StreetWorld/lead/3rd_party/navsim_workspace/dataset/maps does not exist!
8d27cb5d1d1e5ad1,False,3,/mnt/chenpeijian/autodrive/StreetWorld/lead/3rd_party/navsim_workspace/dataset/maps does not exist!
8d5023e971cc5f4c,False,3,/mnt/chenpeijian/autodrive/StreetWorld/lead/3rd_party/navsim_workspace/dataset/maps does not exist!
8d83f07bed9d5f6a,False,3,/mnt/chenpeijian/autodrive/StreetWorld/lead/3rd_party/navsim_workspace/dataset/maps does not exist!
8db638d42ddc59f2,False,3,/mnt/chenpeijian/autodrive/StreetWorld/lead/3rd_party/navsim_workspace/dataset/maps does not exist!
8de2e76340335ed9,False,3,/mnt/chenpeijian/autodrive/StreetWorld/lead/3rd_party/navsim_workspace/dataset/maps does not exist!
8e00c08f68af5357,False,3,/mnt/chenpeijian/autodrive/StreetWorld/lead/3rd_party/navsim_workspace/dataset/maps does not exist!
8e501ed74f025c52,False,3,/mnt/chenpeijian/autodrive/StreetWorld/lead/3rd_party/navsim_workspace/dataset/maps does not exist!
8e84ecdbb84c5784,False,3,/mnt/chenpeijian/autodrive/StreetWorld/lead/3rd_party/navsim_workspace/dataset/maps does not exist!
8eac67d757755066,False,3,/mnt/chenpeijian/autodrive/StreetWorld/lead/3rd_party/navsim_workspace/dataset/maps does not exist!
8f0f0f9061b35356,False,3,/mnt/chenpeijian/autodrive/StreetWorld/lead/3rd_party/navsim_workspace/dataset/maps does not exist!
8f5cefce0c0259d9,False,3,/mnt/chenpeijian/autodrive/StreetWorld/lead/3rd_party/navsim_workspace/dataset/maps does not exist!
8f828599b2285a97,False,3,/mnt/chenpeijian/autodrive/StreetWorld/lead/3rd_party/navsim_workspace/dataset/maps does not exist!
8fc41f783d475448,False,3,/mnt/chenpeijian/autodrive/StreetWorld/lead/3rd_party/navsim_workspace/dataset/maps does not exist!
8ff412b66d24593c,False,3,/mnt/chenpeijian/autodrive/StreetWorld/lead/3rd_party/navsim_workspace/dataset/maps does not exist!
901722c88ebf50ea,False,3,/mnt/chenpeijian/autodrive/StreetWorld/lead/3rd_party/navsim_workspace/dataset/maps does not exist!
9064ebbda4425d30,False,3,/mnt/chenpeijian/autodrive/StreetWorld/lead/3rd_party/navsim_workspace/dataset/maps does not exist!
908f696abf7c5a26,False,3,/mnt/chenpeijian/autodrive/StreetWorld/lead/3rd_party/navsim_workspace/dataset/maps does not exist!
90dbd48d165958cc,False,3,/mnt/chenpeijian/autodrive/StreetWorld/lead/3rd_party/navsim_workspace/dataset/maps does not exist!
91081d9b9b0452b9,False,3,/mnt/chenpeijian/autodrive/StreetWorld/lead/3rd_party/navsim_workspace/dataset/maps does not exist!
91416eb4bba85377,False,3,/mnt/chenpeijian/autodrive/StreetWorld/lead/3rd_party/navsim_workspace/dataset/maps does not exist!
9170b75b8a3f527f,False,3,/mnt/chenpeijian/autodrive/StreetWorld/lead/3rd_party/navsim_workspace/dataset/maps does not exist!
91ae20bf459859fe,False,3,/mnt/chenpeijian/autodrive/StreetWorld/lead/3rd_party/navsim_workspace/dataset/maps does not exist!
91d449d737cc50fb,False,3,/mnt/chenpeijian/autodrive/StreetWorld/lead/3rd_party/navsim_workspace/dataset/maps does not exist!
9215555823945665,False,3,/mnt/chenpeijian/autodrive/StreetWorld/lead/3rd_party/navsim_workspace/dataset/maps does not exist!
92471a550d745af1,False,3,/mnt/chenpeijian/autodrive/StreetWorld/lead/3rd_party/navsim_workspace/dataset/maps does not exist!
92778c3bfcda566d,False,3,/mnt/chenpeijian/autodrive/StreetWorld/lead/3rd_party/navsim_workspace/dataset/maps does not exist!
92beafb962d457db,False,3,/mnt/chenpeijian/autodrive/StreetWorld/lead/3rd_party/navsim_workspace/dataset/maps does not exist!
92e499cae59d57d4,False,3,/mnt/chenpeijian/autodrive/StreetWorld/lead/3rd_party/navsim_workspace/dataset/maps does not exist!
93092fbeb57f5e9a,False,3,/mnt/chenpeijian/autodrive/StreetWorld/lead/3rd_party/navsim_workspace/dataset/maps does not exist!
932938d86cfc5d6f,False,3,/mnt/chenpeijian/autodrive/StreetWorld/lead/3rd_party/navsim_workspace/dataset/maps does not exist!
934c8ac938ad5dca,False,3,/mnt/chenpeijian/autodrive/StreetWorld/lead/3rd_party/navsim_workspace/dataset/maps does not exist!
9387d5660fcf5d98,False,3,/mnt/chenpeijian/autodrive/StreetWorld/lead/3rd_party/navsim_workspace/dataset/maps does not exist!
93a4b61a25b0509f,False,3,/mnt/chenpeijian/autodrive/StreetWorld/lead/3rd_party/navsim_workspace/dataset/maps does not exist!
93c36f72811852d3,False,3,/mnt/chenpeijian/autodrive/StreetWorld/lead/3rd_party/navsim_workspace/dataset/maps does not exist!
93ec10a2fdc35c9a,False,3,/mnt/chenpeijian/autodrive/StreetWorld/lead/3rd_party/navsim_workspace/dataset/maps does not exist!
942018830e805349,False,3,/mnt/chenpeijian/autodrive/StreetWorld/lead/3rd_party/navsim_workspace/dataset/maps does not exist!
94625815a7b351b5,False,3,/mnt/chenpeijian/autodrive/StreetWorld/lead/3rd_party/navsim_workspace/dataset/maps does not exist!
947518978dcd5005,False,3,/mnt/chenpeijian/autodrive/StreetWorld/lead/3rd_party/navsim_workspace/dataset/maps does not exist!
94839be4b8c95789,False,3,/mnt/chenpeijian/autodrive/StreetWorld/lead/3rd_party/navsim_workspace/dataset/maps does not exist!
94a5491ee69d5e27,False,3,/mnt/chenpeijian/autodrive/StreetWorld/lead/3rd_party/navsim_workspace/dataset/maps does not exist!
94e4d365aeec5cec,False,3,/mnt/chenpeijian/autodrive/StreetWorld/lead/3rd_party/navsim_workspace/dataset/maps does not exist!
95193473b1cb5434,False,3,/mnt/chenpeijian/autodrive/StreetWorld/lead/3rd_party/navsim_workspace/dataset/maps does not exist!
9551ef5e14315cc0,False,3,/mnt/chenpeijian/autodrive/StreetWorld/lead/3rd_party/navsim_workspace/dataset/maps does not exist!
9577987ee2e85304,False,3,/mnt/chenpeijian/autodrive/StreetWorld/lead/3rd_party/navsim_workspace/dataset/maps does not exist!
95bb1e65b61b5e04,False,3,/mnt/chenpeijian/autodrive/StreetWorld/lead/3rd_party/navsim_workspace/dataset/maps does not exist!
95effa16c4bb5c12,False,3,/mnt/chenpeijian/autodrive/StreetWorld/lead/3rd_party/navsim_workspace/dataset/maps does not exist!
962deb8ccdaf50e3,False,3,/mnt/chenpeijian/autodrive/StreetWorld/lead/3rd_party/navsim_workspace/dataset/maps does not exist!
96587a61c6c05d71,False,3,/mnt/chenpeijian/autodrive/StreetWorld/lead/3rd_party/navsim_workspace/dataset/maps does not exist!
967b41c4778d5aac,False,3,/mnt/chenpeijian/autodrive/StreetWorld/lead/3rd_party/navsim_workspace/dataset/maps does not exist!
96a252e16d1553e1,False,3,/mnt/chenpeijian/autodrive/StreetWorld/lead/3rd_party/navsim_workspace/dataset/maps does not exist!
96cb1a2412095a90,False,3,/mnt/chenpeijian/autodrive/StreetWorld/lead/3rd_party/navsim_workspace/dataset/maps does not exist!
9707c6cbc83556f6,False,3,/mnt/chenpeijian/autodrive/StreetWorld/lead/3rd_party/navsim_workspace/dataset/maps does not exist!
973f0873af40574e,False,3,/mnt/chenpeijian/autodrive/StreetWorld/lead/3rd_party/navsim_workspace/dataset/maps does not exist!
976ec6840abe5733,False,3,/mnt/chenpeijian/autodrive/StreetWorld/lead/3rd_party/navsim_workspace/dataset/maps does not exist!
97b8b4204a2a5484,False,3,/mnt/chenpeijian/autodrive/StreetWorld/lead/3rd_party/navsim_workspace/dataset/maps does not exist!
97e5f17eb7235c14,False,3,/mnt/chenpeijian/autodrive/StreetWorld/lead/3rd_party/navsim_workspace/dataset/maps does not exist!
981dc3169f655892,False,3,/mnt/chenpeijian/autodrive/StreetWorld/lead/3rd_party/navsim_workspace/dataset/maps does not exist!
984716e6e27e59ee,False,3,/mnt/chenpeijian/autodrive/StreetWorld/lead/3rd_party/navsim_workspace/dataset/maps does not exist!
986b3349c460538b,False,3,/mnt/chenpeijian/autodrive/StreetWorld/lead/3rd_party/navsim_workspace/dataset/maps does not exist!
989a085ea31e50ba,False,3,/mnt/chenpeijian/autodrive/StreetWorld/lead/3rd_party/navsim_workspace/dataset/maps does not exist!
98b3a0bf3cce5649,False,3,/mnt/chenpeijian/autodrive/StreetWorld/lead/3rd_party/navsim_workspace/dataset/maps does not exist!
991972800a895109,False,3,/mnt/chenpeijian/autodrive/StreetWorld/lead/3rd_party/navsim_workspace/dataset/maps does not exist!
9952eefa82585b83,False,3,/mnt/chenpeijian/autodrive/StreetWorld/lead/3rd_party/navsim_workspace/dataset/maps does not exist!
998a30325ca25437,False,3,/mnt/chenpeijian/autodrive/StreetWorld/lead/3rd_party/navsim_workspace/dataset/maps does not exist!
99e900e2392c5e87,False,3,/mnt/chenpeijian/autodrive/StreetWorld/lead/3rd_party/navsim_workspace/dataset/maps does not exist!
9a1d23e8ed1b5837,False,3,/mnt/chenpeijian/autodrive/StreetWorld/lead/3rd_party/navsim_workspace/dataset/maps does not exist!
9a50c3fce9d75d95,False,3,/mnt/chenpeijian/autodrive/StreetWorld/lead/3rd_party/navsim_workspace/dataset/maps does not exist!
9a6e3e5d86dd5949,False,3,/mnt/chenpeijian/autodrive/StreetWorld/lead/3rd_party/navsim_workspace/dataset/maps does not exist!
9ab5654cfc9f5724,False,3,/mnt/chenpeijian/autodrive/StreetWorld/lead/3rd_party/navsim_workspace/dataset/maps does not exist!
9b09b277214d5623,False,3,/mnt/chenpeijian/autodrive/StreetWorld/lead/3rd_party/navsim_workspace/dataset/maps does not exist!
9b3a284d78f458f3,False,3,/mnt/chenpeijian/autodrive/StreetWorld/lead/3rd_party/navsim_workspace/dataset/maps does not exist!
9b7be67193ae5772,False,3,/mnt/chenpeijian/autodrive/StreetWorld/lead/3rd_party/navsim_workspace/dataset/maps does not exist!
9ba306d42ab75911,False,3,/mnt/chenpeijian/autodrive/StreetWorld/lead/3rd_party/navsim_workspace/dataset/maps does not exist!
9bb9d42a74165cf0,False,3,/mnt/chenpeijian/autodrive/StreetWorld/lead/3rd_party/navsim_workspace/dataset/maps does not exist!
9be9c9c84b625515,False,3,/mnt/chenpeijian/autodrive/StreetWorld/lead/3rd_party/navsim_workspace/dataset/maps does not exist!
9c193ab1a07454e3,False,3,/mnt/chenpeijian/autodrive/StreetWorld/lead/3rd_party/navsim_workspace/dataset/maps does not exist!
9c42f5a9d56c5ebf,False,3,/mnt/chenpeijian/autodrive/StreetWorld/lead/3rd_party/navsim_workspace/dataset/maps does not exist!
9c68b0b158bb5d03,False,3,/mnt/chenpeijian/autodrive/StreetWorld/lead/3rd_party/navsim_workspace/dataset/maps does not exist!
9cab6ab13a3059de,False,3,/mnt/chenpeijian/autodrive/StreetWorld/lead/3rd_party/navsim_workspace/dataset/maps does not exist!
9d0ff46ac79e5e0b,False,3,/mnt/chenpeijian/autodrive/StreetWorld/lead/3rd_party/navsim_workspace/dataset/maps does not exist!
9d4e8eb54f555166,False,3,/mnt/chenpeijian/autodrive/StreetWorld/lead/3rd_party/navsim_workspace/dataset/maps does not exist!
9d8312bf37795d27,False,3,/mnt/chenpeijian/autodrive/StreetWorld/lead/3rd_party/navsim_workspace/dataset/maps does not exist!
9dc5a17094e0569d,False,3,/mnt/chenpeijian/autodrive/StreetWorld/lead/3rd_party/navsim_workspace/dataset/maps does not exist!
9e032298e808528a,False,3,/mnt/chenpeijian/autodrive/StreetWorld/lead/3rd_party/navsim_workspace/dataset/maps does not exist!
9e1be9753cf75e57,False,3,/mnt/chenpeijian/autodrive/StreetWorld/lead/3rd_party/navsim_workspace/dataset/maps does not exist!
9e4128df16395eb4,False,3,/mnt/chenpeijian/autodrive/StreetWorld/lead/3rd_party/navsim_workspace/dataset/maps does not exist!
9e787f2f65a85f08,False,3,/mnt/chenpeijian/autodrive/StreetWorld/lead/3rd_party/navsim_workspace/dataset/maps does not exist!
9e9e33077f375062,False,3,/mnt/chenpeijian/autodrive/StreetWorld/lead/3rd_party/navsim_workspace/dataset/maps does not exist!
9edf148b1ed05a22,False,3,/mnt/chenpeijian/autodrive/StreetWorld/lead/3rd_party/navsim_workspace/dataset/maps does not exist!
9f105aba36355fe1,False,3,/mnt/chenpeijian/autodrive/StreetWorld/lead/3rd_party/navsim_workspace/dataset/maps does not exist!
9f4f46e620785407,False,3,/mnt/chenpeijian/autodrive/StreetWorld/lead/3rd_party/navsim_workspace/dataset/maps does not exist!
9f97b9c20ffc50b5,False,3,/mnt/chenpeijian/autodrive/StreetWorld/lead/3rd_party/navsim_workspace/dataset/maps does not exist!
9fc65b945c175ebb,False,3,/mnt/chenpeijian/autodrive/StreetWorld/lead/3rd_party/navsim_workspace/dataset/maps does not exist!
a00a4902bd105b99,False,3,/mnt/chenpeijian/autodrive/StreetWorld/lead/3rd_party/navsim_workspace/dataset/maps does not exist!
a05ccb0dca555526,False,3,/mnt/chenpeijian/autodrive/StreetWorld/lead/3rd_party/navsim_workspace/dataset/maps does not exist!
a071167fdae35f84,False,3,/mnt/chenpeijian/autodrive/StreetWorld/lead/3rd_party/navsim_workspace/dataset/maps does not exist!
a091a6a6033c559f,False,3,/mnt/chenpeijian/autodrive/StreetWorld/lead/3rd_party/navsim_workspace/dataset/maps does not exist!
a0ce26a6f335530d,False,3,/mnt/chenpeijian/autodrive/StreetWorld/lead/3rd_party/navsim_workspace/dataset/maps does not exist!
a1065191d3525bb1,False,3,/mnt/chenpeijian/autodrive/StreetWorld/lead/3rd_party/navsim_workspace/dataset/maps does not exist!
a15cc20cfcc35d48,False,3,/mnt/chenpeijian/autodrive/StreetWorld/lead/3rd_party/navsim_workspace/dataset/maps does not exist!
a19a3d9b712751f6,False,3,/mnt/chenpeijian/autodrive/StreetWorld/lead/3rd_party/navsim_workspace/dataset/maps does not exist!
a1d53677e05456b3,False,3,/mnt/chenpeijian/autodrive/StreetWorld/lead/3rd_party/navsim_workspace/dataset/maps does not exist!
a20a0a34d5e859ed,False,3,/mnt/chenpeijian/autodrive/StreetWorld/lead/3rd_party/navsim_workspace/dataset/maps does not exist!
a243657871795ce2,False,3,/mnt/chenpeijian/autodrive/StreetWorld/lead/3rd_party/navsim_workspace/dataset/maps does not exist!
a27875deccc151e0,False,3,/mnt/chenpeijian/autodrive/StreetWorld/lead/3rd_party/navsim_workspace/dataset/maps does not exist!
a2c3aa64478d533b,False,3,/mnt/chenpeijian/autodrive/StreetWorld/lead/3rd_party/navsim_workspace/dataset/maps does not exist!
a2f75428b992536c,False,3,/mnt/chenpeijian/autodrive/StreetWorld/lead/3rd_party/navsim_workspace/dataset/maps does not exist!
a33054c645ce5643,False,3,/mnt/chenpeijian/autodrive/StreetWorld/lead/3rd_party/navsim_workspace/dataset/maps does not exist!
a37f67a1fe095025,False,3,/mnt/chenpeijian/autodrive/StreetWorld/lead/3rd_party/navsim_workspace/dataset/maps does not exist!
a39ec7322394565f,False,3,/mnt/chenpeijian/autodrive/StreetWorld/lead/3rd_party/navsim_workspace/dataset/maps does not exist!
a3dd6d539acc5c9b,False,3,/mnt/chenpeijian/autodrive/StreetWorld/lead/3rd_party/navsim_workspace/dataset/maps does not exist!
a41f538fa8e25be0,False,3,/mnt/chenpeijian/autodrive/StreetWorld/lead/3rd_party/navsim_workspace/dataset/maps does not exist!
a44bb178ec7d5c6a,False,3,/mnt/chenpeijian/autodrive/StreetWorld/lead/3rd_party/navsim_workspace/dataset/maps does not exist!
a489c23d292e56fa,False,3,/mnt/chenpeijian/autodrive/StreetWorld/lead/3rd_party/navsim_workspace/dataset/maps does not exist!
a4cd60ef102957cb,False,3,/mnt/chenpeijian/autodrive/StreetWorld/lead/3rd_party/navsim_workspace/dataset/maps does not exist!
a52bce0753d8563e,False,3,/mnt/chenpeijian/autodrive/StreetWorld/lead/3rd_party/navsim_workspace/dataset/maps does not exist!
a5851164f3ee5b71,False,3,/mnt/chenpeijian/autodrive/StreetWorld/lead/3rd_party/navsim_workspace/dataset/maps does not exist!
a5b24b47fef85a1b,False,3,/mnt/chenpeijian/autodrive/StreetWorld/lead/3rd_party/navsim_workspace/dataset/maps does not exist!
a5db7f072b0a58d4,False,3,/mnt/chenpeijian/autodrive/StreetWorld/lead/3rd_party/navsim_workspace/dataset/maps does not exist!
a60202554bf55ef1,False,3,/mnt/chenpeijian/autodrive/StreetWorld/lead/3rd_party/navsim_workspace/dataset/maps does not exist!
a61b9afbe5d857b1,False,3,/mnt/chenpeijian/autodrive/StreetWorld/lead/3rd_party/navsim_workspace/dataset/maps does not exist!
a64a3e4f2048576d,False,3,/mnt/chenpeijian/autodrive/StreetWorld/lead/3rd_party/navsim_workspace/dataset/maps does not exist!
a67c6744e6c45edb,False,3,/mnt/chenpeijian/autodrive/StreetWorld/lead/3rd_party/navsim_workspace/dataset/maps does not exist!
a6b457a7eb6a5cde,False,3,/mnt/chenpeijian/autodrive/StreetWorld/lead/3rd_party/navsim_workspace/dataset/maps does not exist!
a6e08764c0245823,False,3,/mnt/chenpeijian/autodrive/StreetWorld/lead/3rd_party/navsim_workspace/dataset/maps does not exist!
a73f7d7149c45478,False,3,/mnt/chenpeijian/autodrive/StreetWorld/lead/3rd_party/navsim_workspace/dataset/maps does not exist!
a76f3192f58250c2,False,3,/mnt/chenpeijian/autodrive/StreetWorld/lead/3rd_party/navsim_workspace/dataset/maps does not exist!
a7aa2b49e81b5d4f,False,3,/mnt/chenpeijian/autodrive/StreetWorld/lead/3rd_party/navsim_workspace/dataset/maps does not exist!
a7d3e71b8ca456a9,False,3,/mnt/chenpeijian/autodrive/StreetWorld/lead/3rd_party/navsim_workspace/dataset/maps does not exist!
a81fbf9466e05120,False,3,/mnt/chenpeijian/autodrive/StreetWorld/lead/3rd_party/navsim_workspace/dataset/maps does not exist!
a8455a10df085d45,False,3,/mnt/chenpeijian/autodrive/StreetWorld/lead/3rd_party/navsim_workspace/dataset/maps does not exist!
a89b31979d265539,False,3,/mnt/chenpeijian/autodrive/StreetWorld/lead/3rd_party/navsim_workspace/dataset/maps does not exist!
a8c2268684c35a80,False,3,/mnt/chenpeijian/autodrive/StreetWorld/lead/3rd_party/navsim_workspace/dataset/maps does not exist!
a8db36bc378c599d,False,3,/mnt/chenpeijian/autodrive/StreetWorld/lead/3rd_party/navsim_workspace/dataset/maps does not exist!
a911eef9f873522a,False,3,/mnt/chenpeijian/autodrive/StreetWorld/lead/3rd_party/navsim_workspace/dataset/maps does not exist!
a9359dafbcdd5af6,False,3,/mnt/chenpeijian/autodrive/StreetWorld/lead/3rd_party/navsim_workspace/dataset/maps does not exist!
a97ceb2edd0251f9,False,3,/mnt/chenpeijian/autodrive/StreetWorld/lead/3rd_party/navsim_workspace/dataset/maps does not exist!
a992bba6c1d054f3,False,3,/mnt/chenpeijian/autodrive/StreetWorld/lead/3rd_party/navsim_workspace/dataset/maps does not exist!
a9c1456b9deb5184,False,3,/mnt/chenpeijian/autodrive/StreetWorld/lead/3rd_party/navsim_workspace/dataset/maps does not exist!
a9fb1181686753ec,False,3,/mnt/chenpeijian/autodrive/StreetWorld/lead/3rd_party/navsim_workspace/dataset/maps does not exist!
aa1b434771cb52d0,False,3,/mnt/chenpeijian/autodrive/StreetWorld/lead/3rd_party/navsim_workspace/dataset/maps does not exist!
aa4897ec11395ec8,False,3,/mnt/chenpeijian/autodrive/StreetWorld/lead/3rd_party/navsim_workspace/dataset/maps does not exist!
aa84169dd1f3538d,False,3,/mnt/chenpeijian/autodrive/StreetWorld/lead/3rd_party/navsim_workspace/dataset/maps does not exist!
aace7a7aeaf75f2c,False,3,/mnt/chenpeijian/autodrive/StreetWorld/lead/3rd_party/navsim_workspace/dataset/maps does not exist!
aafbe79abf625492,False,3,/mnt/chenpeijian/autodrive/StreetWorld/lead/3rd_party/navsim_workspace/dataset/maps does not exist!
ab2b84d310be5bed,False,3,/mnt/chenpeijian/autodrive/StreetWorld/lead/3rd_party/navsim_workspace/dataset/maps does not exist!
ab66df989bcc56aa,False,3,/mnt/chenpeijian/autodrive/StreetWorld/lead/3rd_party/navsim_workspace/dataset/maps does not exist!
ab872f589011527d,False,3,/mnt/chenpeijian/autodrive/StreetWorld/lead/3rd_party/navsim_workspace/dataset/maps does not exist!
aba3b771ef0054c6,False,3,/mnt/chenpeijian/autodrive/StreetWorld/lead/3rd_party/navsim_workspace/dataset/maps does not exist!
abcbb3c7020550c5,False,3,/mnt/chenpeijian/autodrive/StreetWorld/lead/3rd_party/navsim_workspace/dataset/maps does not exist!
ac07a96cae965e88,False,3,/mnt/chenpeijian/autodrive/StreetWorld/lead/3rd_party/navsim_workspace/dataset/maps does not exist!
ac2da3da332b5a04,False,3,/mnt/chenpeijian/autodrive/StreetWorld/lead/3rd_party/navsim_workspace/dataset/maps does not exist!
ac47687039a75848,False,3,/mnt/chenpeijian/autodrive/StreetWorld/lead/3rd_party/navsim_workspace/dataset/maps does not exist!
ac6e1ca0ebe75e15,False,3,/mnt/chenpeijian/autodrive/StreetWorld/lead/3rd_party/navsim_workspace/dataset/maps does not exist!
acd37cf126fa5a59,False,3,/mnt/chenpeijian/autodrive/StreetWorld/lead/3rd_party/navsim_workspace/dataset/maps does not exist!
ad2bbc4542205912,False,3,/mnt/chenpeijian/autodrive/StreetWorld/lead/3rd_party/navsim_workspace/dataset/maps does not exist!
ad5284a6be715f10,False,3,/mnt/chenpeijian/autodrive/StreetWorld/lead/3rd_party/navsim_workspace/dataset/maps does not exist!
ad781cbf672a5485,False,3,/mnt/chenpeijian/autodrive/StreetWorld/lead/3rd_party/navsim_workspace/dataset/maps does not exist!
ad8fec600a4c5ed7,False,3,/mnt/chenpeijian/autodrive/StreetWorld/lead/3rd_party/navsim_workspace/dataset/maps does not exist!
ade646d3c19b5bb0,False,3,/mnt/chenpeijian/autodrive/StreetWorld/lead/3rd_party/navsim_workspace/dataset/maps does not exist!
ae02e969e8595cca,False,3,/mnt/chenpeijian/autodrive/StreetWorld/lead/3rd_party/navsim_workspace/dataset/maps does not exist!
ae15b0488a6c5bd8,False,3,/mnt/chenpeijian/autodrive/StreetWorld/lead/3rd_party/navsim_workspace/dataset/maps does not exist!
ae73a52a1a5d54ac,False,3,/mnt/chenpeijian/autodrive/StreetWorld/lead/3rd_party/navsim_workspace/dataset/maps does not exist!
aea962fd9c025957,False,3,/mnt/chenpeijian/autodrive/StreetWorld/lead/3rd_party/navsim_workspace/dataset/maps does not exist!
aef33fdade585ab3,False,3,/mnt/chenpeijian/autodrive/StreetWorld/lead/3rd_party/navsim_workspace/dataset/maps does not exist!
af2b5213e6895680,False,3,/mnt/chenpeijian/autodrive/StreetWorld/lead/3rd_party/navsim_workspace/dataset/maps does not exist!
af7ef7050e425cb9,False,3,/mnt/chenpeijian/autodrive/StreetWorld/lead/3rd_party/navsim_workspace/dataset/maps does not exist!
afbde7335ad05055,False,3,/mnt/chenpeijian/autodrive/StreetWorld/lead/3rd_party/navsim_workspace/dataset/maps does not exist!
afe2240435575a92,False,3,/mnt/chenpeijian/autodrive/StreetWorld/lead/3rd_party/navsim_workspace/dataset/maps does not exist!
aff9661937e85b81,False,3,/mnt/chenpeijian/autodrive/StreetWorld/lead/3rd_party/navsim_workspace/dataset/maps does not exist!
b031a0b55ab951f8,False,3,/mnt/chenpeijian/autodrive/StreetWorld/lead/3rd_party/navsim_workspace/dataset/maps does not exist!
b0598da891205aa3,False,3,/mnt/chenpeijian/autodrive/StreetWorld/lead/3rd_party/navsim_workspace/dataset/maps does not exist!
b0a3bbfe213a507b,False,3,/mnt/chenpeijian/autodrive/StreetWorld/lead/3rd_party/navsim_workspace/dataset/maps does not exist!
b0b98b1a4d1552c7,False,3,/mnt/chenpeijian/autodrive/StreetWorld/lead/3rd_party/navsim_workspace/dataset/maps does not exist!
b11b571fd6a35e9e,False,3,/mnt/chenpeijian/autodrive/StreetWorld/lead/3rd_party/navsim_workspace/dataset/maps does not exist!
b1457b7279f75735,False,3,/mnt/chenpeijian/autodrive/StreetWorld/lead/3rd_party/navsim_workspace/dataset/maps does not exist!
b1649a41e6155dd2,False,3,/mnt/chenpeijian/autodrive/StreetWorld/lead/3rd_party/navsim_workspace/dataset/maps does not exist!
b18f4a30eea65702,False,3,/mnt/chenpeijian/autodrive/StreetWorld/lead/3rd_party/navsim_workspace/dataset/maps does not exist!
b1b21ee9179a5fd8,False,3,/mnt/chenpeijian/autodrive/StreetWorld/lead/3rd_party/navsim_workspace/dataset/maps does not exist!
b1e09de4af085129,False,3,/mnt/chenpeijian/autodrive/StreetWorld/lead/3rd_party/navsim_workspace/dataset/maps does not exist!
b20e8629283e540c,False,3,/mnt/chenpeijian/autodrive/StreetWorld/lead/3rd_party/navsim_workspace/dataset/maps does not exist!
b27212debb885706,False,3,/mnt/chenpeijian/autodrive/StreetWorld/lead/3rd_party/navsim_workspace/dataset/maps does not exist!
b29689efa40f54e0,False,3,/mnt/chenpeijian/autodrive/StreetWorld/lead/3rd_party/navsim_workspace/dataset/maps does not exist!
b2dd5bf723d55469,False,3,/mnt/chenpeijian/autodrive/StreetWorld/lead/3rd_party/navsim_workspace/dataset/maps does not exist!
b2f320b5d94753f9,False,3,/mnt/chenpeijian/autodrive/StreetWorld/lead/3rd_party/navsim_workspace/dataset/maps does not exist!
b30e51044c885122,False,3,/mnt/chenpeijian/autodrive/StreetWorld/lead/3rd_party/navsim_workspace/dataset/maps does not exist!
b337627936ea5488,False,3,/mnt/chenpeijian/autodrive/StreetWorld/lead/3rd_party/navsim_workspace/dataset/maps does not exist!
b3899f957ebe5684,False,3,/mnt/chenpeijian/autodrive/StreetWorld/lead/3rd_party/navsim_workspace/dataset/maps does not exist!
b3a00387265a5cdc,False,3,/mnt/chenpeijian/autodrive/StreetWorld/lead/3rd_party/navsim_workspace/dataset/maps does not exist!
b403192d3ea45397,False,3,/mnt/chenpeijian/autodrive/StreetWorld/lead/3rd_party/navsim_workspace/dataset/maps does not exist!
b432924be8c151d8,False,3,/mnt/chenpeijian/autodrive/StreetWorld/lead/3rd_party/navsim_workspace/dataset/maps does not exist!
b4507882ebac5f7a,False,3,/mnt/chenpeijian/autodrive/StreetWorld/lead/3rd_party/navsim_workspace/dataset/maps does not exist!
b4797f8fbe08559f,False,3,/mnt/chenpeijian/autodrive/StreetWorld/lead/3rd_party/navsim_workspace/dataset/maps does not exist!
b4aeb4bbd9035964,False,3,/mnt/chenpeijian/autodrive/StreetWorld/lead/3rd_party/navsim_workspace/dataset/maps does not exist!
b4d8ee8da1c153f9,False,3,/mnt/chenpeijian/autodrive/StreetWorld/lead/3rd_party/navsim_workspace/dataset/maps does not exist!
b4f6a0719d2a5670,False,3,/mnt/chenpeijian/autodrive/StreetWorld/lead/3rd_party/navsim_workspace/dataset/maps does not exist!
b523d101fb0958c3,False,3,/mnt/chenpeijian/autodrive/StreetWorld/lead/3rd_party/navsim_workspace/dataset/maps does not exist!
b556cea74b125dfa,False,3,/mnt/chenpeijian/autodrive/StreetWorld/lead/3rd_party/navsim_workspace/dataset/maps does not exist!
b5a8b9b436b05bad,False,3,/mnt/chenpeijian/autodrive/StreetWorld/lead/3rd_party/navsim_workspace/dataset/maps does not exist!
b5bdef8a05605164,False,3,/mnt/chenpeijian/autodrive/StreetWorld/lead/3rd_party/navsim_workspace/dataset/maps does not exist!
b5e3abde704b54c8,False,3,/mnt/chenpeijian/autodrive/StreetWorld/lead/3rd_party/navsim_workspace/dataset/maps does not exist!
b60afdbc7cc65971,False,3,/mnt/chenpeijian/autodrive/StreetWorld/lead/3rd_party/navsim_workspace/dataset/maps does not exist!
b61a73309da75ac3,False,3,/mnt/chenpeijian/autodrive/StreetWorld/lead/3rd_party/navsim_workspace/dataset/maps does not exist!
b639f9aef8055d40,False,3,/mnt/chenpeijian/autodrive/StreetWorld/lead/3rd_party/navsim_workspace/dataset/maps does not exist!
b667e90bf3055cea,False,3,/mnt/chenpeijian/autodrive/StreetWorld/lead/3rd_party/navsim_workspace/dataset/maps does not exist!
b691d77ef9ff5d5e,False,3,/mnt/chenpeijian/autodrive/StreetWorld/lead/3rd_party/navsim_workspace/dataset/maps does not exist!
b6eb541d3faf53f2,False,3,/mnt/chenpeijian/autodrive/StreetWorld/lead/3rd_party/navsim_workspace/dataset/maps does not exist!
b7568427b45a57c9,False,3,/mnt/chenpeijian/autodrive/StreetWorld/lead/3rd_party/navsim_workspace/dataset/maps does not exist!
b77b106f469055bd,False,3,/mnt/chenpeijian/autodrive/StreetWorld/lead/3rd_party/navsim_workspace/dataset/maps does not exist!
b7bd6325ead95dd8,False,3,/mnt/chenpeijian/autodrive/StreetWorld/lead/3rd_party/navsim_workspace/dataset/maps does not exist!
b7d52a0a64825b14,False,3,/mnt/chenpeijian/autodrive/StreetWorld/lead/3rd_party/navsim_workspace/dataset/maps does not exist!
b7f1861bff9c514e,False,3,/mnt/chenpeijian/autodrive/StreetWorld/lead/3rd_party/navsim_workspace/dataset/maps does not exist!
b81d52bf71365207,False,3,/mnt/chenpeijian/autodrive/StreetWorld/lead/3rd_party/navsim_workspace/dataset/maps does not exist!
b841de24ffcb5c87,False,3,/mnt/chenpeijian/autodrive/StreetWorld/lead/3rd_party/navsim_workspace/dataset/maps does not exist!
b8603fa264b25b80,False,3,/mnt/chenpeijian/autodrive/StreetWorld/lead/3rd_party/navsim_workspace/dataset/maps does not exist!
b87b792b9a025344,False,3,/mnt/chenpeijian/autodrive/StreetWorld/lead/3rd_party/navsim_workspace/dataset/maps does not exist!
b899b71cf6c95ff2,False,3,/mnt/chenpeijian/autodrive/StreetWorld/lead/3rd_party/navsim_workspace/dataset/maps does not exist!
b8ca1857a0f75fb4,False,3,/mnt/chenpeijian/autodrive/StreetWorld/lead/3rd_party/navsim_workspace/dataset/maps does not exist!
b8f2f60346035cb0,False,3,/mnt/chenpeijian/autodrive/StreetWorld/lead/3rd_party/navsim_workspace/dataset/maps does not exist!
b92ea560ae10562b,False,3,/mnt/chenpeijian/autodrive/StreetWorld/lead/3rd_party/navsim_workspace/dataset/maps does not exist!
b958e6967993560f,False,3,/mnt/chenpeijian/autodrive/StreetWorld/lead/3rd_party/navsim_workspace/dataset/maps does not exist!
b98d8c3330625df2,False,3,/mnt/chenpeijian/autodrive/StreetWorld/lead/3rd_party/navsim_workspace/dataset/maps does not exist!
b9e254f3d4a75454,False,3,/mnt/chenpeijian/autodrive/StreetWorld/lead/3rd_party/navsim_workspace/dataset/maps does not exist!
ba190b181dc85a2b,False,3,/mnt/chenpeijian/autodrive/StreetWorld/lead/3rd_party/navsim_workspace/dataset/maps does not exist!
ba58a70fcf8e5c64,False,3,/mnt/chenpeijian/autodrive/StreetWorld/lead/3rd_party/navsim_workspace/dataset/maps does not exist!
ba7d6b30a3a15384,False,3,/mnt/chenpeijian/autodrive/StreetWorld/lead/3rd_party/navsim_workspace/dataset/maps does not exist!
ba8f7c5757365a36,False,3,/mnt/chenpeijian/autodrive/StreetWorld/lead/3rd_party/navsim_workspace/dataset/maps does not exist!
bae8f15e2e5b5328,False,3,/mnt/chenpeijian/autodrive/StreetWorld/lead/3rd_party/navsim_workspace/dataset/maps does not exist!
bb0e1af8651d525b,False,3,/mnt/chenpeijian/autodrive/StreetWorld/lead/3rd_party/navsim_workspace/dataset/maps does not exist!
bb57439423df56c7,False,3,/mnt/chenpeijian/autodrive/StreetWorld/lead/3rd_party/navsim_workspace/dataset/maps does not exist!
bb9c441a4c2b5791,False,3,/mnt/chenpeijian/autodrive/StreetWorld/lead/3rd_party/navsim_workspace/dataset/maps does not exist!
bc1b30ec654c5d78,False,3,/mnt/chenpeijian/autodrive/StreetWorld/lead/3rd_party/navsim_workspace/dataset/maps does not exist!
bc3d973c3543556c,False,3,/mnt/chenpeijian/autodrive/StreetWorld/lead/3rd_party/navsim_workspace/dataset/maps does not exist!
bc73190196b358f6,False,3,/mnt/chenpeijian/autodrive/StreetWorld/lead/3rd_party/navsim_workspace/dataset/maps does not exist!
bc93e095f13c54b2,False,3,/mnt/chenpeijian/autodrive/StreetWorld/lead/3rd_party/navsim_workspace/dataset/maps does not exist!
bca4325362c35dbd,False,3,/mnt/chenpeijian/autodrive/StreetWorld/lead/3rd_party/navsim_workspace/dataset/maps does not exist!
bcdf72879fff5ab1,False,3,/mnt/chenpeijian/autodrive/StreetWorld/lead/3rd_party/navsim_workspace/dataset/maps does not exist!
bd2591ae189c5a38,False,3,/mnt/chenpeijian/autodrive/StreetWorld/lead/3rd_party/navsim_workspace/dataset/maps does not exist!
bd4be260be50516f,False,3,/mnt/chenpeijian/autodrive/StreetWorld/lead/3rd_party/navsim_workspace/dataset/maps does not exist!
bd957829755e50cb,False,3,/mnt/chenpeijian/autodrive/StreetWorld/lead/3rd_party/navsim_workspace/dataset/maps does not exist!
bdbb9d4559ec5bd1,False,3,/mnt/chenpeijian/autodrive/StreetWorld/lead/3rd_party/navsim_workspace/dataset/maps does not exist!
bdfdf52ac60755a9,False,3,/mnt/chenpeijian/autodrive/StreetWorld/lead/3rd_party/navsim_workspace/dataset/maps does not exist!
be1a32191a715329,False,3,/mnt/chenpeijian/autodrive/StreetWorld/lead/3rd_party/navsim_workspace/dataset/maps does not exist!
be527ba55a8a548b,False,3,/mnt/chenpeijian/autodrive/StreetWorld/lead/3rd_party/navsim_workspace/dataset/maps does not exist!
be87511d69ba58e7,False,3,/mnt/chenpeijian/autodrive/StreetWorld/lead/3rd_party/navsim_workspace/dataset/maps does not exist!
bed4ec62805f5790,False,3,/mnt/chenpeijian/autodrive/StreetWorld/lead/3rd_party/navsim_workspace/dataset/maps does not exist!
bef3d5467aca5f04,False,3,/mnt/chenpeijian/autodrive/StreetWorld/lead/3rd_party/navsim_workspace/dataset/maps does not exist!
bf1064685f045d97,False,3,/mnt/chenpeijian/autodrive/StreetWorld/lead/3rd_party/navsim_workspace/dataset/maps does not exist!
bf3ea6a284d85269,False,3,/mnt/chenpeijian/autodrive/StreetWorld/lead/3rd_party/navsim_workspace/dataset/maps does not exist!
bf72d4d6b25f5b27,False,3,/mnt/chenpeijian/autodrive/StreetWorld/lead/3rd_party/navsim_workspace/dataset/maps does not exist!
bf8fcd79b7fa532d,False,3,/mnt/chenpeijian/autodrive/StreetWorld/lead/3rd_party/navsim_workspace/dataset/maps does not exist!
bfdb40b3dded57fd,False,3,/mnt/chenpeijian/autodrive/StreetWorld/lead/3rd_party/navsim_workspace/dataset/maps does not exist!
c01c5d45b97154d4,False,3,/mnt/chenpeijian/autodrive/StreetWorld/lead/3rd_party/navsim_workspace/dataset/maps does not exist!
c054f473288d5515,False,3,/mnt/chenpeijian/autodrive/StreetWorld/lead/3rd_party/navsim_workspace/dataset/maps does not exist!
c06d7badaabb5a9f,False,3,/mnt/chenpeijian/autodrive/StreetWorld/lead/3rd_party/navsim_workspace/dataset/maps does not exist!
c0941949acdb5ebc,False,3,/mnt/chenpeijian/autodrive/StreetWorld/lead/3rd_party/navsim_workspace/dataset/maps does not exist!
c0c3f6eb7f445755,False,3,/mnt/chenpeijian/autodrive/StreetWorld/lead/3rd_party/navsim_workspace/dataset/maps does not exist!
c0f364f8ed645542,False,3,/mnt/chenpeijian/autodrive/StreetWorld/lead/3rd_party/navsim_workspace/dataset/maps does not exist!
c1255801436851c4,False,3,/mnt/chenpeijian/autodrive/StreetWorld/lead/3rd_party/navsim_workspace/dataset/maps does not exist!
c16d0c6076ab5a85,False,3,/mnt/chenpeijian/autodrive/StreetWorld/lead/3rd_party/navsim_workspace/dataset/maps does not exist!
c1d95d8a3260541c,False,3,/mnt/chenpeijian/autodrive/StreetWorld/lead/3rd_party/navsim_workspace/dataset/maps does not exist!
c1f712e1aed35216,False,3,/mnt/chenpeijian/autodrive/StreetWorld/lead/3rd_party/navsim_workspace/dataset/maps does not exist!
c2156c6760fd55b5,False,3,/mnt/chenpeijian/autodrive/StreetWorld/lead/3rd_party/navsim_workspace/dataset/maps does not exist!
c26281cfd29f5c15,False,3,/mnt/chenpeijian/autodrive/StreetWorld/lead/3rd_party/navsim_workspace/dataset/maps does not exist!
c28f3febaf635777,False,3,/mnt/chenpeijian/autodrive/StreetWorld/lead/3rd_party/navsim_workspace/dataset/maps does not exist!
c2ae8e85ce2052ff,False,3,/mnt/chenpeijian/autodrive/StreetWorld/lead/3rd_party/navsim_workspace/dataset/maps does not exist!
c2f56a56716f55e3,False,3,/mnt/chenpeijian/autodrive/StreetWorld/lead/3rd_party/navsim_workspace/dataset/maps does not exist!
c344575de7545bbe,False,3,/mnt/chenpeijian/autodrive/StreetWorld/lead/3rd_party/navsim_workspace/dataset/maps does not exist!
c388df5240dd5f6c,False,3,/mnt/chenpeijian/autodrive/StreetWorld/lead/3rd_party/navsim_workspace/dataset/maps does not exist!
c39f042bbc0256ba,False,3,/mnt/chenpeijian/autodrive/StreetWorld/lead/3rd_party/navsim_workspace/dataset/maps does not exist!
c404e4b4b7a455d3,False,3,/mnt/chenpeijian/autodrive/StreetWorld/lead/3rd_party/navsim_workspace/dataset/maps does not exist!
c42697d5870e5dee,False,3,/mnt/chenpeijian/autodrive/StreetWorld/lead/3rd_party/navsim_workspace/dataset/maps does not exist!
c4808a6f1f7f5470,False,3,/mnt/chenpeijian/autodrive/StreetWorld/lead/3rd_party/navsim_workspace/dataset/maps does not exist!
c4a50f520ab75da6,False,3,/mnt/chenpeijian/autodrive/StreetWorld/lead/3rd_party/navsim_workspace/dataset/maps does not exist!
c4f590c6b7e85691,False,3,/mnt/chenpeijian/autodrive/StreetWorld/lead/3rd_party/navsim_workspace/dataset/maps does not exist!
c51da2f899b55508,False,3,/mnt/chenpeijian/autodrive/StreetWorld/lead/3rd_party/navsim_workspace/dataset/maps does not exist!
c538fa98187053d8,False,3,/mnt/chenpeijian/autodrive/StreetWorld/lead/3rd_party/navsim_workspace/dataset/maps does not exist!
c580790700c057e0,False,3,/mnt/chenpeijian/autodrive/StreetWorld/lead/3rd_party/navsim_workspace/dataset/maps does not exist!
c5c7922b844d592f,False,3,/mnt/chenpeijian/autodrive/StreetWorld/lead/3rd_party/navsim_workspace/dataset/maps does not exist!
c5f6d8de44475520,False,3,/mnt/chenpeijian/autodrive/StreetWorld/lead/3rd_party/navsim_workspace/dataset/maps does not exist!
c62dafe55b9d538d,False,3,/mnt/chenpeijian/autodrive/StreetWorld/lead/3rd_party/navsim_workspace/dataset/maps does not exist!
c65a7b2b6f8c527e,False,3,/mnt/chenpeijian/autodrive/StreetWorld/lead/3rd_party/navsim_workspace/dataset/maps does not exist!
c67262b6c33b5b0f,False,3,/mnt/chenpeijian/autodrive/StreetWorld/lead/3rd_party/navsim_workspace/dataset/maps does not exist!
c6851e9ed6b95ab0,False,3,/mnt/chenpeijian/autodrive/StreetWorld/lead/3rd_party/navsim_workspace/dataset/maps does not exist!
c6be203c41a155e4,False,3,/mnt/chenpeijian/autodrive/StreetWorld/lead/3rd_party/navsim_workspace/dataset/maps does not exist!
c6f0769e0c465417,False,3,/mnt/chenpeijian/autodrive/StreetWorld/lead/3rd_party/navsim_workspace/dataset/maps does not exist!
c7215f0ccee350f8,False,3,/mnt/chenpeijian/autodrive/StreetWorld/lead/3rd_party/navsim_workspace/dataset/maps does not exist!
c76dce931d555c6a,False,3,/mnt/chenpeijian/autodrive/StreetWorld/lead/3rd_party/navsim_workspace/dataset/maps does not exist!
c79b2a28285f5e11,False,3,/mnt/chenpeijian/autodrive/StreetWorld/lead/3rd_party/navsim_workspace/dataset/maps does not exist!
c7e06d79e58454ae,False,3,/mnt/chenpeijian/autodrive/StreetWorld/lead/3rd_party/navsim_workspace/dataset/maps does not exist!
c810620e645e53b8,False,3,/mnt/chenpeijian/autodrive/StreetWorld/lead/3rd_party/navsim_workspace/dataset/maps does not exist!
c83d1e0923295d5a,False,3,/mnt/chenpeijian/autodrive/StreetWorld/lead/3rd_party/navsim_workspace/dataset/maps does not exist!
c8629b9dd63e56ad,False,3,/mnt/chenpeijian/autodrive/StreetWorld/lead/3rd_party/navsim_workspace/dataset/maps does not exist!
c8b9b19008605f76,False,3,/mnt/chenpeijian/autodrive/StreetWorld/lead/3rd_party/navsim_workspace/dataset/maps does not exist!
c8fa1980b26e5f46,False,3,/mnt/chenpeijian/autodrive/StreetWorld/lead/3rd_party/navsim_workspace/dataset/maps does not exist!
c93008394b945625,False,3,/mnt/chenpeijian/autodrive/StreetWorld/lead/3rd_party/navsim_workspace/dataset/maps does not exist!
c9520de7084f5868,False,3,/mnt/chenpeijian/autodrive/StreetWorld/lead/3rd_party/navsim_workspace/dataset/maps does not exist!
c962887d22e95f88,False,3,/mnt/chenpeijian/autodrive/StreetWorld/lead/3rd_party/navsim_workspace/dataset/maps does not exist!
c9902a827ade5f45,False,3,/mnt/chenpeijian/autodrive/StreetWorld/lead/3rd_party/navsim_workspace/dataset/maps does not exist!
c9b12b21fa7c57fd,False,3,/mnt/chenpeijian/autodrive/StreetWorld/lead/3rd_party/navsim_workspace/dataset/maps does not exist!
c9f0c60627ba5237,False,3,/mnt/chenpeijian/autodrive/StreetWorld/lead/3rd_party/navsim_workspace/dataset/maps does not exist!
ca3e9faa3258522b,False,3,/mnt/chenpeijian/autodrive/StreetWorld/lead/3rd_party/navsim_workspace/dataset/maps does not exist!
ca68dbc018a35aa3,False,3,/mnt/chenpeijian/autodrive/StreetWorld/lead/3rd_party/navsim_workspace/dataset/maps does not exist!
ca8b5c5ed914507c,False,3,/mnt/chenpeijian/autodrive/StreetWorld/lead/3rd_party/navsim_workspace/dataset/maps does not exist!
cace9e6345445eee,False,3,/mnt/chenpeijian/autodrive/StreetWorld/lead/3rd_party/navsim_workspace/dataset/maps does not exist!
cb163ff9424a5aee,False,3,/mnt/chenpeijian/autodrive/StreetWorld/lead/3rd_party/navsim_workspace/dataset/maps does not exist!
cb52442dd7165211,False,3,/mnt/chenpeijian/autodrive/StreetWorld/lead/3rd_party/navsim_workspace/dataset/maps does not exist!
cba43d02cf795a0f,False,3,/mnt/chenpeijian/autodrive/StreetWorld/lead/3rd_party/navsim_workspace/dataset/maps does not exist!
cbc6f9e782c950ad,False,3,/mnt/chenpeijian/autodrive/StreetWorld/lead/3rd_party/navsim_workspace/dataset/maps does not exist!
cbec1eda814e5065,False,3,/mnt/chenpeijian/autodrive/StreetWorld/lead/3rd_party/navsim_workspace/dataset/maps does not exist!
cc4bccf7f7175ea3,False,3,/mnt/chenpeijian/autodrive/StreetWorld/lead/3rd_party/navsim_workspace/dataset/maps does not exist!
cc7afdc5a1e95b5a,False,3,/mnt/chenpeijian/autodrive/StreetWorld/lead/3rd_party/navsim_workspace/dataset/maps does not exist!
cc934224447a5c86,False,3,/mnt/chenpeijian/autodrive/StreetWorld/lead/3rd_party/navsim_workspace/dataset/maps does not exist!
ccc2b2377fea5191,False,3,/mnt/chenpeijian/autodrive/StreetWorld/lead/3rd_party/navsim_workspace/dataset/maps does not exist!
ccdb6840a0445870,False,3,/mnt/chenpeijian/autodrive/StreetWorld/lead/3rd_party/navsim_workspace/dataset/maps does not exist!
cd1304eac1a25f00,False,3,/mnt/chenpeijian/autodrive/StreetWorld/lead/3rd_party/navsim_workspace/dataset/maps does not exist!
cd4e4564d732554e,False,3,/mnt/chenpeijian/autodrive/StreetWorld/lead/3rd_party/navsim_workspace/dataset/maps does not exist!
cd701e198d595e2b,False,3,/mnt/chenpeijian/autodrive/StreetWorld/lead/3rd_party/navsim_workspace/dataset/maps does not exist!
cd8518ca186155f9,False,3,/mnt/chenpeijian/autodrive/StreetWorld/lead/3rd_party/navsim_workspace/dataset/maps does not exist!
cda381919f5e5dca,False,3,/mnt/chenpeijian/autodrive/StreetWorld/lead/3rd_party/navsim_workspace/dataset/maps does not exist!
cdd097ea065a5ff7,False,3,/mnt/chenpeijian/autodrive/StreetWorld/lead/3rd_party/navsim_workspace/dataset/maps does not exist!
cdf234c4f4c35156,False,3,/mnt/chenpeijian/autodrive/StreetWorld/lead/3rd_party/navsim_workspace/dataset/maps does not exist!
ce124b0ef61757d1,False,3,/mnt/chenpeijian/autodrive/StreetWorld/lead/3rd_party/navsim_workspace/dataset/maps does not exist!
ce3a4f649e23590d,False,3,/mnt/chenpeijian/autodrive/StreetWorld/lead/3rd_party/navsim_workspace/dataset/maps does not exist!
ce978770a87253c8,False,3,/mnt/chenpeijian/autodrive/StreetWorld/lead/3rd_party/navsim_workspace/dataset/maps does not exist!
cebd7d74024b5cce,False,3,/mnt/chenpeijian/autodrive/StreetWorld/lead/3rd_party/navsim_workspace/dataset/maps does not exist!
ced087f9c2915f2a,False,3,/mnt/chenpeijian/autodrive/StreetWorld/lead/3rd_party/navsim_workspace/dataset/maps does not exist!
cf0b2ecc4f4d5ee7,False,3,/mnt/chenpeijian/autodrive/StreetWorld/lead/3rd_party/navsim_workspace/dataset/maps does not exist!
cf45427178d25b3d,False,3,/mnt/chenpeijian/autodrive/StreetWorld/lead/3rd_party/navsim_workspace/dataset/maps does not exist!
cf696c3ba1995fd8,False,3,/mnt/chenpeijian/autodrive/StreetWorld/lead/3rd_party/navsim_workspace/dataset/maps does not exist!
cfaa12a747e45fb4,False,3,/mnt/chenpeijian/autodrive/StreetWorld/lead/3rd_party/navsim_workspace/dataset/maps does not exist!
cfd47fe44d355d32,False,3,/mnt/chenpeijian/autodrive/StreetWorld/lead/3rd_party/navsim_workspace/dataset/maps does not exist!
d01fec804cd45644,False,3,/mnt/chenpeijian/autodrive/StreetWorld/lead/3rd_party/navsim_workspace/dataset/maps does not exist!
d063f70ffb44513e,False,3,/mnt/chenpeijian/autodrive/StreetWorld/lead/3rd_party/navsim_workspace/dataset/maps does not exist!
d08c7fa247395729,False,3,/mnt/chenpeijian/autodrive/StreetWorld/lead/3rd_party/navsim_workspace/dataset/maps does not exist!
d0afb786443a5659,False,3,/mnt/chenpeijian/autodrive/StreetWorld/lead/3rd_party/navsim_workspace/dataset/maps does not exist!
d0de8d6a350d55d9,False,3,/mnt/chenpeijian/autodrive/StreetWorld/lead/3rd_party/navsim_workspace/dataset/maps does not exist!
d11b9fcd004e5270,False,3,/mnt/chenpeijian/autodrive/StreetWorld/lead/3rd_party/navsim_workspace/dataset/maps does not exist!
d12fdbd7f3265051,False,3,/mnt/chenpeijian/autodrive/StreetWorld/lead/3rd_party/navsim_workspace/dataset/maps does not exist!
d16db4733f1e5524,False,3,/mnt/chenpeijian/autodrive/StreetWorld/lead/3rd_party/navsim_workspace/dataset/maps does not exist!
d1b4625f7363548e,False,3,/mnt/chenpeijian/autodrive/StreetWorld/lead/3rd_party/navsim_workspace/dataset/maps does not exist!
d1e4600c80ab519a,False,3,/mnt/chenpeijian/autodrive/StreetWorld/lead/3rd_party/navsim_workspace/dataset/maps does not exist!
d20a475e7b1956bf,False,3,/mnt/chenpeijian/autodrive/StreetWorld/lead/3rd_party/navsim_workspace/dataset/maps does not exist!
d2440edd19d954b5,False,3,/mnt/chenpeijian/autodrive/StreetWorld/lead/3rd_party/navsim_workspace/dataset/maps does not exist!
d2777b7b71325a67,False,3,/mnt/chenpeijian/autodrive/StreetWorld/lead/3rd_party/navsim_workspace/dataset/maps does not exist!
d2b7b43e05be5082,False,3,/mnt/chenpeijian/autodrive/StreetWorld/lead/3rd_party/navsim_workspace/dataset/maps does not exist!
d2fbab8bed795b5a,False,3,/mnt/chenpeijian/autodrive/StreetWorld/lead/3rd_party/navsim_workspace/dataset/maps does not exist!
d33a0db0dd335837,False,3,/mnt/chenpeijian/autodrive/StreetWorld/lead/3rd_party/navsim_workspace/dataset/maps does not exist!
d3719519c1f95276,False,3,/mnt/chenpeijian/autodrive/StreetWorld/lead/3rd_party/navsim_workspace/dataset/maps does not exist!
d3badb5f8c125e12,False,3,/mnt/chenpeijian/autodrive/StreetWorld/lead/3rd_party/navsim_workspace/dataset/maps does not exist!
d3e99c65bb2a5d79,False,3,/mnt/chenpeijian/autodrive/StreetWorld/lead/3rd_party/navsim_workspace/dataset/maps does not exist!
d4374a032e28535e,False,3,/mnt/chenpeijian/autodrive/StreetWorld/lead/3rd_party/navsim_workspace/dataset/maps does not exist!
d46b1d647640578f,False,3,/mnt/chenpeijian/autodrive/StreetWorld/lead/3rd_party/navsim_workspace/dataset/maps does not exist!
d496c44726c35e33,False,3,/mnt/chenpeijian/autodrive/StreetWorld/lead/3rd_party/navsim_workspace/dataset/maps does not exist!
d4d21ecb8e4058e8,False,3,/mnt/chenpeijian/autodrive/StreetWorld/lead/3rd_party/navsim_workspace/dataset/maps does not exist!
d51cd13cfbe35a4b,False,3,/mnt/chenpeijian/autodrive/StreetWorld/lead/3rd_party/navsim_workspace/dataset/maps does not exist!
d551f73a1e4251aa,False,3,/mnt/chenpeijian/autodrive/StreetWorld/lead/3rd_party/navsim_workspace/dataset/maps does not exist!
d57dda19866556c3,False,3,/mnt/chenpeijian/autodrive/StreetWorld/lead/3rd_party/navsim_workspace/dataset/maps does not exist!
d5d4f1c1a2f0589e,False,3,/mnt/chenpeijian/autodrive/StreetWorld/lead/3rd_party/navsim_workspace/dataset/maps does not exist!
d5fbd3df4a505559,False,3,/mnt/chenpeijian/autodrive/StreetWorld/lead/3rd_party/navsim_workspace/dataset/maps does not exist!
d6353a288d0b545d,False,3,/mnt/chenpeijian/autodrive/StreetWorld/lead/3rd_party/navsim_workspace/dataset/maps does not exist!
d655411faf595661,False,3,/mnt/chenpeijian/autodrive/StreetWorld/lead/3rd_party/navsim_workspace/dataset/maps does not exist!
d6835050c97f528d,False,3,/mnt/chenpeijian/autodrive/StreetWorld/lead/3rd_party/navsim_workspace/dataset/maps does not exist!
d68e0b255e055d35,False,3,/mnt/chenpeijian/autodrive/StreetWorld/lead/3rd_party/navsim_workspace/dataset/maps does not exist!
d6daa3b927f45168,False,3,/mnt/chenpeijian/autodrive/StreetWorld/lead/3rd_party/navsim_workspace/dataset/maps does not exist!
d6feccacc881504a,False,3,/mnt/chenpeijian/autodrive/StreetWorld/lead/3rd_party/navsim_workspace/dataset/maps does not exist!
d719f6e5de715f5a,False,3,/mnt/chenpeijian/autodrive/StreetWorld/lead/3rd_party/navsim_workspace/dataset/maps does not exist!
d754cb22172b5b75,False,3,/mnt/chenpeijian/autodrive/StreetWorld/lead/3rd_party/navsim_workspace/dataset/maps does not exist!
d781ee7dce4a5351,False,3,/mnt/chenpeijian/autodrive/StreetWorld/lead/3rd_party/navsim_workspace/dataset/maps does not exist!
d798fc24805d5f19,False,3,/mnt/chenpeijian/autodrive/StreetWorld/lead/3rd_party/navsim_workspace/dataset/maps does not exist!
d7f6204c325d53fe,False,3,/mnt/chenpeijian/autodrive/StreetWorld/lead/3rd_party/navsim_workspace/dataset/maps does not exist!
d81c4398a40b52b9,False,3,/mnt/chenpeijian/autodrive/StreetWorld/lead/3rd_party/navsim_workspace/dataset/maps does not exist!
d83802157d9858d5,False,3,/mnt/chenpeijian/autodrive/StreetWorld/lead/3rd_party/navsim_workspace/dataset/maps does not exist!
d88a725f8b125d74,False,3,/mnt/chenpeijian/autodrive/StreetWorld/lead/3rd_party/navsim_workspace/dataset/maps does not exist!
d8af5ee176db5d89,False,3,/mnt/chenpeijian/autodrive/StreetWorld/lead/3rd_party/navsim_workspace/dataset/maps does not exist!
d8faa48b75625ac0,False,3,/mnt/chenpeijian/autodrive/StreetWorld/lead/3rd_party/navsim_workspace/dataset/maps does not exist!
d91f0c28683e52da,False,3,/mnt/chenpeijian/autodrive/StreetWorld/lead/3rd_party/navsim_workspace/dataset/maps does not exist!
d94271077f7a5432,False,3,/mnt/chenpeijian/autodrive/StreetWorld/lead/3rd_party/navsim_workspace/dataset/maps does not exist!
d983f3c9756357b2,False,3,/mnt/chenpeijian/autodrive/StreetWorld/lead/3rd_party/navsim_workspace/dataset/maps does not exist!
d9bb15db6f025acb,False,3,/mnt/chenpeijian/autodrive/StreetWorld/lead/3rd_party/navsim_workspace/dataset/maps does not exist!
d9fac9fdd2bd5036,False,3,/mnt/chenpeijian/autodrive/StreetWorld/lead/3rd_party/navsim_workspace/dataset/maps does not exist!
da365ed766db5a6a,False,3,/mnt/chenpeijian/autodrive/StreetWorld/lead/3rd_party/navsim_workspace/dataset/maps does not exist!
da6d3b6810995466,False,3,/mnt/chenpeijian/autodrive/StreetWorld/lead/3rd_party/navsim_workspace/dataset/maps does not exist!
dabc9043dbb9560b,False,3,/mnt/chenpeijian/autodrive/StreetWorld/lead/3rd_party/navsim_workspace/dataset/maps does not exist!
dadda73214d15baf,False,3,/mnt/chenpeijian/autodrive/StreetWorld/lead/3rd_party/navsim_workspace/dataset/maps does not exist!
db1231d931455d2c,False,3,/mnt/chenpeijian/autodrive/StreetWorld/lead/3rd_party/navsim_workspace/dataset/maps does not exist!
db4f9f954c2e597f,False,3,/mnt/chenpeijian/autodrive/StreetWorld/lead/3rd_party/navsim_workspace/dataset/maps does not exist!
db740574ddc053f0,False,3,/mnt/chenpeijian/autodrive/StreetWorld/lead/3rd_party/navsim_workspace/dataset/maps does not exist!
dbb53601c8fb585f,False,3,/mnt/chenpeijian/autodrive/StreetWorld/lead/3rd_party/navsim_workspace/dataset/maps does not exist!
dbfcc3b5aa945597,False,3,/mnt/chenpeijian/autodrive/StreetWorld/lead/3rd_party/navsim_workspace/dataset/maps does not exist!
dc2279179bb25d08,False,3,/mnt/chenpeijian/autodrive/StreetWorld/lead/3rd_party/navsim_workspace/dataset/maps does not exist!
dc8554c53a2a5afc,False,3,/mnt/chenpeijian/autodrive/StreetWorld/lead/3rd_party/navsim_workspace/dataset/maps does not exist!
dc9bf97cb9e151ad,False,3,/mnt/chenpeijian/autodrive/StreetWorld/lead/3rd_party/navsim_workspace/dataset/maps does not exist!
dce07c446c7955aa,False,3,/mnt/chenpeijian/autodrive/StreetWorld/lead/3rd_party/navsim_workspace/dataset/maps does not exist!
dd16377ecfa45fe0,False,3,/mnt/chenpeijian/autodrive/StreetWorld/lead/3rd_party/navsim_workspace/dataset/maps does not exist!
dd282698a1cf543e,False,3,/mnt/chenpeijian/autodrive/StreetWorld/lead/3rd_party/navsim_workspace/dataset/maps does not exist!
dd443a8a8d805e57,False,3,/mnt/chenpeijian/autodrive/StreetWorld/lead/3rd_party/navsim_workspace/dataset/maps does not exist!
dd6f3d80501c5026,False,3,/mnt/chenpeijian/autodrive/StreetWorld/lead/3rd_party/navsim_workspace/dataset/maps does not exist!
dd9b1479609c5c59,False,3,/mnt/chenpeijian/autodrive/StreetWorld/lead/3rd_party/navsim_workspace/dataset/maps does not exist!
ddc7d737df1957cb,False,3,/mnt/chenpeijian/autodrive/StreetWorld/lead/3rd_party/navsim_workspace/dataset/maps does not exist!
dde2ef92aa56546b,False,3,/mnt/chenpeijian/autodrive/StreetWorld/lead/3rd_party/navsim_workspace/dataset/maps does not exist!
de0726643f515304,False,3,/mnt/chenpeijian/autodrive/StreetWorld/lead/3rd_party/navsim_workspace/dataset/maps does not exist!
de28290571ec523a,False,3,/mnt/chenpeijian/autodrive/StreetWorld/lead/3rd_party/navsim_workspace/dataset/maps does not exist!
de49d859c60758e9,False,3,/mnt/chenpeijian/autodrive/StreetWorld/lead/3rd_party/navsim_workspace/dataset/maps does not exist!
de80647014f35dbb,False,3,/mnt/chenpeijian/autodrive/StreetWorld/lead/3rd_party/navsim_workspace/dataset/maps does not exist!
debd166df3a85845,False,3,/mnt/chenpeijian/autodrive/StreetWorld/lead/3rd_party/navsim_workspace/dataset/maps does not exist!
dee481365b265a2d,False,3,/mnt/chenpeijian/autodrive/StreetWorld/lead/3rd_party/navsim_workspace/dataset/maps does not exist!
df020b6bdc1b59c0,False,3,/mnt/chenpeijian/autodrive/StreetWorld/lead/3rd_party/navsim_workspace/dataset/maps does not exist!
df2ed02abeba57fe,False,3,/mnt/chenpeijian/autodrive/StreetWorld/lead/3rd_party/navsim_workspace/dataset/maps does not exist!
df4bbe0b4f6d5312,False,3,/mnt/chenpeijian/autodrive/StreetWorld/lead/3rd_party/navsim_workspace/dataset/maps does not exist!
df7662125da1513f,False,3,/mnt/chenpeijian/autodrive/StreetWorld/lead/3rd_party/navsim_workspace/dataset/maps does not exist!
dfd5770faffa5ba7,False,3,/mnt/chenpeijian/autodrive/StreetWorld/lead/3rd_party/navsim_workspace/dataset/maps does not exist!
e0094ac69a8955fb,False,3,/mnt/chenpeijian/autodrive/StreetWorld/lead/3rd_party/navsim_workspace/dataset/maps does not exist!
e02f26d0eb0152e3,False,3,/mnt/chenpeijian/autodrive/StreetWorld/lead/3rd_party/navsim_workspace/dataset/maps does not exist!
e052a41759445a28,False,3,/mnt/chenpeijian/autodrive/StreetWorld/lead/3rd_party/navsim_workspace/dataset/maps does not exist!
e0865304e2b95eaa,False,3,/mnt/chenpeijian/autodrive/StreetWorld/lead/3rd_party/navsim_workspace/dataset/maps does not exist!
e0b92501aa5051b1,False,3,/mnt/chenpeijian/autodrive/StreetWorld/lead/3rd_party/navsim_workspace/dataset/maps does not exist!
e0e228212a655d7f,False,3,/mnt/chenpeijian/autodrive/StreetWorld/lead/3rd_party/navsim_workspace/dataset/maps does not exist!
e12cd09a8f515c73,False,3,/mnt/chenpeijian/autodrive/StreetWorld/lead/3rd_party/navsim_workspace/dataset/maps does not exist!
e1540b19efec5d97,False,3,/mnt/chenpeijian/autodrive/StreetWorld/lead/3rd_party/navsim_workspace/dataset/maps does not exist!
e18ac69f49cf582f,False,3,/mnt/chenpeijian/autodrive/StreetWorld/lead/3rd_party/navsim_workspace/dataset/maps does not exist!
e1ca840974745c96,False,3,/mnt/chenpeijian/autodrive/StreetWorld/lead/3rd_party/navsim_workspace/dataset/maps does not exist!
e209822e11365182,False,3,/mnt/chenpeijian/autodrive/StreetWorld/lead/3rd_party/navsim_workspace/dataset/maps does not exist!
e2442187de045407,False,3,/mnt/chenpeijian/autodrive/StreetWorld/lead/3rd_party/navsim_workspace/dataset/maps does not exist!
e26de26a56dd5d21,False,3,/mnt/chenpeijian/autodrive/StreetWorld/lead/3rd_party/navsim_workspace/dataset/maps does not exist!
e2c14ab1fbe350b1,False,3,/mnt/chenpeijian/autodrive/StreetWorld/lead/3rd_party/navsim_workspace/dataset/maps does not exist!
e2fe44045eac5b89,False,3,/mnt/chenpeijian/autodrive/StreetWorld/lead/3rd_party/navsim_workspace/dataset/maps does not exist!
e3194cb3328b512f,False,3,/mnt/chenpeijian/autodrive/StreetWorld/lead/3rd_party/navsim_workspace/dataset/maps does not exist!
e360cb69b8a55a47,False,3,/mnt/chenpeijian/autodrive/StreetWorld/lead/3rd_party/navsim_workspace/dataset/maps does not exist!
e393bc5cafe95872,False,3,/mnt/chenpeijian/autodrive/StreetWorld/lead/3rd_party/navsim_workspace/dataset/maps does not exist!
e3d3be1bc77e517e,False,3,/mnt/chenpeijian/autodrive/StreetWorld/lead/3rd_party/navsim_workspace/dataset/maps does not exist!
e40b2bf57fa5576f,False,3,/mnt/chenpeijian/autodrive/StreetWorld/lead/3rd_party/navsim_workspace/dataset/maps does not exist!
e44b06b920d35486,False,3,/mnt/chenpeijian/autodrive/StreetWorld/lead/3rd_party/navsim_workspace/dataset/maps does not exist!
e4673b6cec6b521a,False,3,/mnt/chenpeijian/autodrive/StreetWorld/lead/3rd_party/navsim_workspace/dataset/maps does not exist!
e4b6a49b32545d95,False,3,/mnt/chenpeijian/autodrive/StreetWorld/lead/3rd_party/navsim_workspace/dataset/maps does not exist!
e511376fdf3250e5,False,3,/mnt/chenpeijian/autodrive/StreetWorld/lead/3rd_party/navsim_workspace/dataset/maps does not exist!
e54d150b34215b84,False,3,/mnt/chenpeijian/autodrive/StreetWorld/lead/3rd_party/navsim_workspace/dataset/maps does not exist!
e56891a5170256f1,False,3,/mnt/chenpeijian/autodrive/StreetWorld/lead/3rd_party/navsim_workspace/dataset/maps does not exist!
e59fd69b1be85258,False,3,/mnt/chenpeijian/autodrive/StreetWorld/lead/3rd_party/navsim_workspace/dataset/maps does not exist!
e5caf6d750415ee7,False,3,/mnt/chenpeijian/autodrive/StreetWorld/lead/3rd_party/navsim_workspace/dataset/maps does not exist!
e5e0c85236f95d91,False,3,/mnt/chenpeijian/autodrive/StreetWorld/lead/3rd_party/navsim_workspace/dataset/maps does not exist!
e6025eb182885adb,False,3,/mnt/chenpeijian/autodrive/StreetWorld/lead/3rd_party/navsim_workspace/dataset/maps does not exist!
e62a5092735359ee,False,3,/mnt/chenpeijian/autodrive/StreetWorld/lead/3rd_party/navsim_workspace/dataset/maps does not exist!
e658c60a7b705bea,False,3,/mnt/chenpeijian/autodrive/StreetWorld/lead/3rd_party/navsim_workspace/dataset/maps does not exist!
e694a2cdf01e52b8,False,3,/mnt/chenpeijian/autodrive/StreetWorld/lead/3rd_party/navsim_workspace/dataset/maps does not exist!
e6a94b91b19f5315,False,3,/mnt/chenpeijian/autodrive/StreetWorld/lead/3rd_party/navsim_workspace/dataset/maps does not exist!
e6c8f0c4aaea52d7,False,3,/mnt/chenpeijian/autodrive/StreetWorld/lead/3rd_party/navsim_workspace/dataset/maps does not exist!
e6e4e254f1c55405,False,3,/mnt/chenpeijian/autodrive/StreetWorld/lead/3rd_party/navsim_workspace/dataset/maps does not exist!
e721852571e5573b,False,3,/mnt/chenpeijian/autodrive/StreetWorld/lead/3rd_party/navsim_workspace/dataset/maps does not exist!
e747d6fdc59252f3,False,3,/mnt/chenpeijian/autodrive/StreetWorld/lead/3rd_party/navsim_workspace/dataset/maps does not exist!
e77441c822075f1b,False,3,/mnt/chenpeijian/autodrive/StreetWorld/lead/3rd_party/navsim_workspace/dataset/maps does not exist!
e7a838e8611f56b0,False,3,/mnt/chenpeijian/autodrive/StreetWorld/lead/3rd_party/navsim_workspace/dataset/maps does not exist!
e7c778d603885f57,False,3,/mnt/chenpeijian/autodrive/StreetWorld/lead/3rd_party/navsim_workspace/dataset/maps does not exist!
e814805effdb5b56,False,3,/mnt/chenpeijian/autodrive/StreetWorld/lead/3rd_party/navsim_workspace/dataset/maps does not exist!
e83f4b6e1dd25c90,False,3,/mnt/chenpeijian/autodrive/StreetWorld/lead/3rd_party/navsim_workspace/dataset/maps does not exist!
e8850900bade58f6,False,3,/mnt/chenpeijian/autodrive/StreetWorld/lead/3rd_party/navsim_workspace/dataset/maps does not exist!
e8a004bfab7d5034,False,3,/mnt/chenpeijian/autodrive/StreetWorld/lead/3rd_party/navsim_workspace/dataset/maps does not exist!
e8dd949cee3c5f30,False,3,/mnt/chenpeijian/autodrive/StreetWorld/lead/3rd_party/navsim_workspace/dataset/maps does not exist!
e917a198bd9757a4,False,3,/mnt/chenpeijian/autodrive/StreetWorld/lead/3rd_party/navsim_workspace/dataset/maps does not exist!
e96035d0292956f1,False,3,/mnt/chenpeijian/autodrive/StreetWorld/lead/3rd_party/navsim_workspace/dataset/maps does not exist!
e97db5c7da675b13,False,3,/mnt/chenpeijian/autodrive/StreetWorld/lead/3rd_party/navsim_workspace/dataset/maps does not exist!
e9adc94d4e9c5fbb,False,3,/mnt/chenpeijian/autodrive/StreetWorld/lead/3rd_party/navsim_workspace/dataset/maps does not exist!
e9f927ace9f4542d,False,3,/mnt/chenpeijian/autodrive/StreetWorld/lead/3rd_party/navsim_workspace/dataset/maps does not exist!
ea1c363c888b59c7,False,3,/mnt/chenpeijian/autodrive/StreetWorld/lead/3rd_party/navsim_workspace/dataset/maps does not exist!
ea38508ef0de57c3,False,3,/mnt/chenpeijian/autodrive/StreetWorld/lead/3rd_party/navsim_workspace/dataset/maps does not exist!
ea789512f1be5a47,False,3,/mnt/chenpeijian/autodrive/StreetWorld/lead/3rd_party/navsim_workspace/dataset/maps does not exist!
ea9e97a691b45397,False,3,/mnt/chenpeijian/autodrive/StreetWorld/lead/3rd_party/navsim_workspace/dataset/maps does not exist!
eaf08861a02351a5,False,3,/mnt/chenpeijian/autodrive/StreetWorld/lead/3rd_party/navsim_workspace/dataset/maps does not exist!
eb3c2a16d549564a,False,3,/mnt/chenpeijian/autodrive/StreetWorld/lead/3rd_party/navsim_workspace/dataset/maps does not exist!
eb5ef679c80959fe,False,3,/mnt/chenpeijian/autodrive/StreetWorld/lead/3rd_party/navsim_workspace/dataset/maps does not exist!
eb9827bfdf925815,False,3,/mnt/chenpeijian/autodrive/StreetWorld/lead/3rd_party/navsim_workspace/dataset/maps does not exist!
ebd940b0039e5cd1,False,3,/mnt/chenpeijian/autodrive/StreetWorld/lead/3rd_party/navsim_workspace/dataset/maps does not exist!
ec1dd3d02f035d78,False,3,/mnt/chenpeijian/autodrive/StreetWorld/lead/3rd_party/navsim_workspace/dataset/maps does not exist!
ec60244b07ad5466,False,3,/mnt/chenpeijian/autodrive/StreetWorld/lead/3rd_party/navsim_workspace/dataset/maps does not exist!
ec8eced041bb5ad5,False,3,/mnt/chenpeijian/autodrive/StreetWorld/lead/3rd_party/navsim_workspace/dataset/maps does not exist!
eccba8e0ad6651c3,False,3,/mnt/chenpeijian/autodrive/StreetWorld/lead/3rd_party/navsim_workspace/dataset/maps does not exist!
ecf0448cf58a54fb,False,3,/mnt/chenpeijian/autodrive/StreetWorld/lead/3rd_party/navsim_workspace/dataset/maps does not exist!
ed1ae68f8c0f5f3a,False,3,/mnt/chenpeijian/autodrive/StreetWorld/lead/3rd_party/navsim_workspace/dataset/maps does not exist!
ed534c3b8d86515e,False,3,/mnt/chenpeijian/autodrive/StreetWorld/lead/3rd_party/navsim_workspace/dataset/maps does not exist!
ed8384b107d95d89,False,3,/mnt/chenpeijian/autodrive/StreetWorld/lead/3rd_party/navsim_workspace/dataset/maps does not exist!
ed9f00d292b55607,False,3,/mnt/chenpeijian/autodrive/StreetWorld/lead/3rd_party/navsim_workspace/dataset/maps does not exist!
edeaf2305fa85143,False,3,/mnt/chenpeijian/autodrive/StreetWorld/lead/3rd_party/navsim_workspace/dataset/maps does not exist!
ee545028f8a85e6f,False,3,/mnt/chenpeijian/autodrive/StreetWorld/lead/3rd_party/navsim_workspace/dataset/maps does not exist!
ee835ef3f912599c,False,3,/mnt/chenpeijian/autodrive/StreetWorld/lead/3rd_party/navsim_workspace/dataset/maps does not exist!
ee95e29e1aec53e1,False,3,/mnt/chenpeijian/autodrive/StreetWorld/lead/3rd_party/navsim_workspace/dataset/maps does not exist!
eeafee3118a35987,False,3,/mnt/chenpeijian/autodrive/StreetWorld/lead/3rd_party/navsim_workspace/dataset/maps does not exist!
eee59dd716c05e1b,False,3,/mnt/chenpeijian/autodrive/StreetWorld/lead/3rd_party/navsim_workspace/dataset/maps does not exist!
ef16f9855fe95fda,False,3,/mnt/chenpeijian/autodrive/StreetWorld/lead/3rd_party/navsim_workspace/dataset/maps does not exist!
ef43bbb93f0d50eb,False,3,/mnt/chenpeijian/autodrive/StreetWorld/lead/3rd_party/navsim_workspace/dataset/maps does not exist!
ef7089ecfb0c5028,False,3,/mnt/chenpeijian/autodrive/StreetWorld/lead/3rd_party/navsim_workspace/dataset/maps does not exist!
ef89947a381a50bf,False,3,/mnt/chenpeijian/autodrive/StreetWorld/lead/3rd_party/navsim_workspace/dataset/maps does not exist!
efbfc794e30f528f,False,3,/mnt/chenpeijian/autodrive/StreetWorld/lead/3rd_party/navsim_workspace/dataset/maps does not exist!
efe7a294e40e5508,False,3,/mnt/chenpeijian/autodrive/StreetWorld/lead/3rd_party/navsim_workspace/dataset/maps does not exist!
f025b78e77b25fba,False,3,/mnt/chenpeijian/autodrive/StreetWorld/lead/3rd_party/navsim_workspace/dataset/maps does not exist!
f07e680e53135311,False,3,/mnt/chenpeijian/autodrive/StreetWorld/lead/3rd_party/navsim_workspace/dataset/maps does not exist!
f0b6499b393152be,False,3,/mnt/chenpeijian/autodrive/StreetWorld/lead/3rd_party/navsim_workspace/dataset/maps does not exist!
f1041299a1a059f5,False,3,/mnt/chenpeijian/autodrive/StreetWorld/lead/3rd_party/navsim_workspace/dataset/maps does not exist!
f1494fd9840c5014,False,3,/mnt/chenpeijian/autodrive/StreetWorld/lead/3rd_party/navsim_workspace/dataset/maps does not exist!
f16753eac7825480,False,3,/mnt/chenpeijian/autodrive/StreetWorld/lead/3rd_party/navsim_workspace/dataset/maps does not exist!
f1b71a95642b5da2,False,3,/mnt/chenpeijian/autodrive/StreetWorld/lead/3rd_party/navsim_workspace/dataset/maps does not exist!
f1d33f8016b153ef,False,3,/mnt/chenpeijian/autodrive/StreetWorld/lead/3rd_party/navsim_workspace/dataset/maps does not exist!
f20518f97cb558d4,False,3,/mnt/chenpeijian/autodrive/StreetWorld/lead/3rd_party/navsim_workspace/dataset/maps does not exist!
f2291b8766215c41,False,3,/mnt/chenpeijian/autodrive/StreetWorld/lead/3rd_party/navsim_workspace/dataset/maps does not exist!
f2495a0cce605703,False,3,/mnt/chenpeijian/autodrive/StreetWorld/lead/3rd_party/navsim_workspace/dataset/maps does not exist!
f2644280215250cd,False,3,/mnt/chenpeijian/autodrive/StreetWorld/lead/3rd_party/navsim_workspace/dataset/maps does not exist!
f2a54a0461005d6c,False,3,/mnt/chenpeijian/autodrive/StreetWorld/lead/3rd_party/navsim_workspace/dataset/maps does not exist!
f2e0d7e15fa253f0,False,3,/mnt/chenpeijian/autodrive/StreetWorld/lead/3rd_party/navsim_workspace/dataset/maps does not exist!
f322d71f14a35cfa,False,3,/mnt/chenpeijian/autodrive/StreetWorld/lead/3rd_party/navsim_workspace/dataset/maps does not exist!
f34d9948bdc257ab,False,3,/mnt/chenpeijian/autodrive/StreetWorld/lead/3rd_party/navsim_workspace/dataset/maps does not exist!
f36dbc258c8b5e17,False,3,/mnt/chenpeijian/autodrive/StreetWorld/lead/3rd_party/navsim_workspace/dataset/maps does not exist!
f3872682944e5d13,False,3,/mnt/chenpeijian/autodrive/StreetWorld/lead/3rd_party/navsim_workspace/dataset/maps does not exist!
f3c165d6e31f524d,False,3,/mnt/chenpeijian/autodrive/StreetWorld/lead/3rd_party/navsim_workspace/dataset/maps does not exist!
f3fd7b1cf6055ad5,False,3,/mnt/chenpeijian/autodrive/StreetWorld/lead/3rd_party/navsim_workspace/dataset/maps does not exist!
f41cf739059453a4,False,3,/mnt/chenpeijian/autodrive/StreetWorld/lead/3rd_party/navsim_workspace/dataset/maps does not exist!
f4511c17c15a531f,False,3,/mnt/chenpeijian/autodrive/StreetWorld/lead/3rd_party/navsim_workspace/dataset/maps does not exist!
f49f94b388d8561d,False,3,/mnt/chenpeijian/autodrive/StreetWorld/lead/3rd_party/navsim_workspace/dataset/maps does not exist!
f4eec162c14e5bfa,False,3,/mnt/chenpeijian/autodrive/StreetWorld/lead/3rd_party/navsim_workspace/dataset/maps does not exist!
f518d10b147c5398,False,3,/mnt/chenpeijian/autodrive/StreetWorld/lead/3rd_party/navsim_workspace/dataset/maps does not exist!
f561d19a11375418,False,3,/mnt/chenpeijian/autodrive/StreetWorld/lead/3rd_party/navsim_workspace/dataset/maps does not exist!
f5a6d648a71e5d47,False,3,/mnt/chenpeijian/autodrive/StreetWorld/lead/3rd_party/navsim_workspace/dataset/maps does not exist!
f5cf721a02df5ba1,False,3,/mnt/chenpeijian/autodrive/StreetWorld/lead/3rd_party/navsim_workspace/dataset/maps does not exist!
f5f173ece87c5c11,False,3,/mnt/chenpeijian/autodrive/StreetWorld/lead/3rd_party/navsim_workspace/dataset/maps does not exist!
f620e6d6c13b53b7,False,3,/mnt/chenpeijian/autodrive/StreetWorld/lead/3rd_party/navsim_workspace/dataset/maps does not exist!
f63a2f8e05115d52,False,3,/mnt/chenpeijian/autodrive/StreetWorld/lead/3rd_party/navsim_workspace/dataset/maps does not exist!
f669f89b3272514c,False,3,/mnt/chenpeijian/autodrive/StreetWorld/lead/3rd_party/navsim_workspace/dataset/maps does not exist!
f6ab99e351c95b45,False,3,/mnt/chenpeijian/autodrive/StreetWorld/lead/3rd_party/navsim_workspace/dataset/maps does not exist!
f6d575d8e0a45772,False,3,/mnt/chenpeijian/autodrive/StreetWorld/lead/3rd_party/navsim_workspace/dataset/maps does not exist!
f70c1fa8bbfc5d77,False,3,/mnt/chenpeijian/autodrive/StreetWorld/lead/3rd_party/navsim_workspace/dataset/maps does not exist!
f72ccf055618500a,False,3,/mnt/chenpeijian/autodrive/StreetWorld/lead/3rd_party/navsim_workspace/dataset/maps does not exist!
f749ff64838c5664,False,3,/mnt/chenpeijian/autodrive/StreetWorld/lead/3rd_party/navsim_workspace/dataset/maps does not exist!
f776577c7428592b,False,3,/mnt/chenpeijian/autodrive/StreetWorld/lead/3rd_party/navsim_workspace/dataset/maps does not exist!
f79b805ec2435c98,False,3,/mnt/chenpeijian/autodrive/StreetWorld/lead/3rd_party/navsim_workspace/dataset/maps does not exist!
f7d2b771e8425c20,False,3,/mnt/chenpeijian/autodrive/StreetWorld/lead/3rd_party/navsim_workspace/dataset/maps does not exist!
f820630d5f0a50ed,False,3,/mnt/chenpeijian/autodrive/StreetWorld/lead/3rd_party/navsim_workspace/dataset/maps does not exist!
f874757c4b46591b,False,3,/mnt/chenpeijian/autodrive/StreetWorld/lead/3rd_party/navsim_workspace/dataset/maps does not exist!
f8b524a4e8925503,False,3,/mnt/chenpeijian/autodrive/StreetWorld/lead/3rd_party/navsim_workspace/dataset/maps does not exist!
f8ec4186e4f15c8f,False,3,/mnt/chenpeijian/autodrive/StreetWorld/lead/3rd_party/navsim_workspace/dataset/maps does not exist!
f91ece9be7be56f6,False,3,/mnt/chenpeijian/autodrive/StreetWorld/lead/3rd_party/navsim_workspace/dataset/maps does not exist!
f9532e6ad0b05fbb,False,3,/mnt/chenpeijian/autodrive/StreetWorld/lead/3rd_party/navsim_workspace/dataset/maps does not exist!
f994322c76145318,False,3,/mnt/chenpeijian/autodrive/StreetWorld/lead/3rd_party/navsim_workspace/dataset/maps does not exist!
f9c8ec6aefc05be4,False,3,/mnt/chenpeijian/autodrive/StreetWorld/lead/3rd_party/navsim_workspace/dataset/maps does not exist!
fa1a3ccade2e50bf,False,3,/mnt/chenpeijian/autodrive/StreetWorld/lead/3rd_party/navsim_workspace/dataset/maps does not exist!
fa5edfd430ba550d,False,3,/mnt/chenpeijian/autodrive/StreetWorld/lead/3rd_party/navsim_workspace/dataset/maps does not exist!
fa7793ced9cc559e,False,3,/mnt/chenpeijian/autodrive/StreetWorld/lead/3rd_party/navsim_workspace/dataset/maps does not exist!
fa9e58947ab65890,False,3,/mnt/chenpeijian/autodrive/StreetWorld/lead/3rd_party/navsim_workspace/dataset/maps does not exist!
fae990c38c515aa9,False,3,/mnt/chenpeijian/autodrive/StreetWorld/lead/3rd_party/navsim_workspace/dataset/maps does not exist!
fb1d534ccf82583f,False,3,/mnt/chenpeijian/autodrive/StreetWorld/lead/3rd_party/navsim_workspace/dataset/maps does not exist!
fb2ff1ed5e1b529f,False,3,/mnt/chenpeijian/autodrive/StreetWorld/lead/3rd_party/navsim_workspace/dataset/maps does not exist!
fb54b190735e579f,False,3,/mnt/chenpeijian/autodrive/StreetWorld/lead/3rd_party/navsim_workspace/dataset/maps does not exist!
fb92846550d15dc1,False,3,/mnt/chenpeijian/autodrive/StreetWorld/lead/3rd_party/navsim_workspace/dataset/maps does not exist!
fbe5169b7fc85137,False,3,/mnt/chenpeijian/autodrive/StreetWorld/lead/3rd_party/navsim_workspace/dataset/maps does not exist!
fc0a5277292352d9,False,3,/mnt/chenpeijian/autodrive/StreetWorld/lead/3rd_party/navsim_workspace/dataset/maps does not exist!
fc0fc7649a335d27,False,3,/mnt/chenpeijian/autodrive/StreetWorld/lead/3rd_party/navsim_workspace/dataset/maps does not exist!
fc4982439fef5cb2,False,3,/mnt/chenpeijian/autodrive/StreetWorld/lead/3rd_party/navsim_workspace/dataset/maps does not exist!
fc8de9b657805f00,False,3,/mnt/chenpeijian/autodrive/StreetWorld/lead/3rd_party/navsim_workspace/dataset/maps does not exist!
fcb6bd60c8905c79,False,3,/mnt/chenpeijian/autodrive/StreetWorld/lead/3rd_party/navsim_workspace/dataset/maps does not exist!
fd02cd78f5b55d6f,False,3,/mnt/chenpeijian/autodrive/StreetWorld/lead/3rd_party/navsim_workspace/dataset/maps does not exist!
fd38927a12a152fa,False,3,/mnt/chenpeijian/autodrive/StreetWorld/lead/3rd_party/navsim_workspace/dataset/maps does not exist!
fd765c984c93597f,False,3,/mnt/chenpeijian/autodrive/StreetWorld/lead/3rd_party/navsim_workspace/dataset/maps does not exist!
fd9b227cec3d5c3f,False,3,/mnt/chenpeijian/autodrive/StreetWorld/lead/3rd_party/navsim_workspace/dataset/maps does not exist!
fdc126183c355692,False,3,/mnt/chenpeijian/autodrive/StreetWorld/lead/3rd_party/navsim_workspace/dataset/maps does not exist!
fdde37fbe3d35bef,False,3,/mnt/chenpeijian/autodrive/StreetWorld/lead/3rd_party/navsim_workspace/dataset/maps does not exist!
fe0a6bd36c395735,False,3,/mnt/chenpeijian/autodrive/StreetWorld/lead/3rd_party/navsim_workspace/dataset/maps does not exist!
fe469d42385259e2,False,3,/mnt/chenpeijian/autodrive/StreetWorld/lead/3rd_party/navsim_workspace/dataset/maps does not exist!
fe55e4c568a753a9,False,3,/mnt/chenpeijian/autodrive/StreetWorld/lead/3rd_party/navsim_workspace/dataset/maps does not exist!
fe74f3d6f5ea5283,False,3,/mnt/chenpeijian/autodrive/StreetWorld/lead/3rd_party/navsim_workspace/dataset/maps does not exist!
feb90d2112ec57cf,False,3,/mnt/chenpeijian/autodrive/StreetWorld/lead/3rd_party/navsim_workspace/dataset/maps does not exist!
feff7ece85635a65,False,3,/mnt/chenpeijian/autodrive/StreetWorld/lead/3rd_party/navsim_workspace/dataset/maps does not exist!
ff1a4e51e3f558ce,False,3,/mnt/chenpeijian/autodrive/StreetWorld/lead/3rd_party/navsim_workspace/dataset/maps does not exist!
ff60af032dbd5caa,False,3,/mnt/chenpeijian/autodrive/StreetWorld/lead/3rd_party/navsim_workspace/dataset/maps does not exist!
ff89c9bf77dc58ce,False,3,/mnt/chenpeijian/autodrive/StreetWorld/lead/3rd_party/navsim_workspace/dataset/maps does not exist!
ffb972d89b065422,False,3,/mnt/chenpeijian/autodrive/StreetWorld/lead/3rd_party/navsim_workspace/dataset/maps does not exist!
ffd68c5733d35ebc,False,3,/mnt/chenpeijian/autodrive/StreetWorld/lead/3rd_party/navsim_workspace/dataset/maps does not exist!
fff973197a795e6a,False,3,/mnt/chenpeijian/autodrive/StreetWorld/lead/3rd_party/navsim_workspace/dataset/maps does not exist!
000d6961709c5904,False,4,/mnt/chenpeijian/autodrive/StreetWorld/lead/3rd_party/navsim_workspace/dataset/maps does not exist!
002e450c6cba5895,False,4,/mnt/chenpeijian/autodrive/StreetWorld/lead/3rd_party/navsim_workspace/dataset/maps does not exist!
0059b8e52a3f55e8,False,4,/mnt/chenpeijian/autodrive/StreetWorld/lead/3rd_party/navsim_workspace/dataset/maps does not exist!
008b419a63b75917,False,4,/mnt/chenpeijian/autodrive/StreetWorld/lead/3rd_party/navsim_workspace/dataset/maps does not exist!
00ddbc829ecb563e,False,4,/mnt/chenpeijian/autodrive/StreetWorld/lead/3rd_party/navsim_workspace/dataset/maps does not exist!
01167513b5b55ca1,False,4,/mnt/chenpeijian/autodrive/StreetWorld/lead/3rd_party/navsim_workspace/dataset/maps does not exist!
013456829c0050ce,False,4,/mnt/chenpeijian/autodrive/StreetWorld/lead/3rd_party/navsim_workspace/dataset/maps does not exist!
0146e76ccdba5d9d,False,4,/mnt/chenpeijian/autodrive/StreetWorld/lead/3rd_party/navsim_workspace/dataset/maps does not exist!
0182731334355e48,False,4,/mnt/chenpeijian/autodrive/StreetWorld/lead/3rd_party/navsim_workspace/dataset/maps does not exist!
01add9e74d3c5053,False,4,/mnt/chenpeijian/autodrive/StreetWorld/lead/3rd_party/navsim_workspace/dataset/maps does not exist!
01e4bff700f15523,False,4,/mnt/chenpeijian/autodrive/StreetWorld/lead/3rd_party/navsim_workspace/dataset/maps does not exist!
0202782270ab5a62,False,4,/mnt/chenpeijian/autodrive/StreetWorld/lead/3rd_party/navsim_workspace/dataset/maps does not exist!
02328c7410405c5a,False,4,/mnt/chenpeijian/autodrive/StreetWorld/lead/3rd_party/navsim_workspace/dataset/maps does not exist!
026e84581e0f5044,False,4,/mnt/chenpeijian/autodrive/StreetWorld/lead/3rd_party/navsim_workspace/dataset/maps does not exist!
029a9572e05a5914,False,4,/mnt/chenpeijian/autodrive/StreetWorld/lead/3rd_party/navsim_workspace/dataset/maps does not exist!
02e1537a43d55ab2,False,4,/mnt/chenpeijian/autodrive/StreetWorld/lead/3rd_party/navsim_workspace/dataset/maps does not exist!
02f75336f9f55e4f,False,4,/mnt/chenpeijian/autodrive/StreetWorld/lead/3rd_party/navsim_workspace/dataset/maps does not exist!
03296a9251995268,False,4,/mnt/chenpeijian/autodrive/StreetWorld/lead/3rd_party/navsim_workspace/dataset/maps does not exist!
0370ac4af44a5bfc,False,4,/mnt/chenpeijian/autodrive/StreetWorld/lead/3rd_party/navsim_workspace/dataset/maps does not exist!
038c0a3e665c51d2,False,4,/mnt/chenpeijian/autodrive/StreetWorld/lead/3rd_party/navsim_workspace/dataset/maps does not exist!
03af0c992a5a5ffc,False,4,/mnt/chenpeijian/autodrive/StreetWorld/lead/3rd_party/navsim_workspace/dataset/maps does not exist!
03f248caa9c35a98,False,4,/mnt/chenpeijian/autodrive/StreetWorld/lead/3rd_party/navsim_workspace/dataset/maps does not exist!
0442b2728b8058fd,False,4,/mnt/chenpeijian/autodrive/StreetWorld/lead/3rd_party/navsim_workspace/dataset/maps does not exist!
04605629ea8a50cc,False,4,/mnt/chenpeijian/autodrive/StreetWorld/lead/3rd_party/navsim_workspace/dataset/maps does not exist!
048c19bd1b5954b3,False,4,/mnt/chenpeijian/autodrive/StreetWorld/lead/3rd_party/navsim_workspace/dataset/maps does not exist!
04d0fb4e3ab25115,False,4,/mnt/chenpeijian/autodrive/StreetWorld/lead/3rd_party/navsim_workspace/dataset/maps does not exist!
04f8f8b4cf0c52e7,False,4,/mnt/chenpeijian/autodrive/StreetWorld/lead/3rd_party/navsim_workspace/dataset/maps does not exist!
0536ffc8d9555b0f,False,4,/mnt/chenpeijian/autodrive/StreetWorld/lead/3rd_party/navsim_workspace/dataset/maps does not exist!
0563edc821b6543d,False,4,/mnt/chenpeijian/autodrive/StreetWorld/lead/3rd_party/navsim_workspace/dataset/maps does not exist!
05850e3460015579,False,4,/mnt/chenpeijian/autodrive/StreetWorld/lead/3rd_party/navsim_workspace/dataset/maps does not exist!
0599b72c60335651,False,4,/mnt/chenpeijian/autodrive/StreetWorld/lead/3rd_party/navsim_workspace/dataset/maps does not exist!
05f1a5cbc0905d8e,False,4,/mnt/chenpeijian/autodrive/StreetWorld/lead/3rd_party/navsim_workspace/dataset/maps does not exist!
0616f9723c60524d,False,4,/mnt/chenpeijian/autodrive/StreetWorld/lead/3rd_party/navsim_workspace/dataset/maps does not exist!
064018bfafb05f56,False,4,/mnt/chenpeijian/autodrive/StreetWorld/lead/3rd_party/navsim_workspace/dataset/maps does not exist!
06836a56443a572c,False,4,/mnt/chenpeijian/autodrive/StreetWorld/lead/3rd_party/navsim_workspace/dataset/maps does not exist!
069dab3272205ecb,False,4,/mnt/chenpeijian/autodrive/StreetWorld/lead/3rd_party/navsim_workspace/dataset/maps does not exist!
06d348162e80510a,False,4,/mnt/chenpeijian/autodrive/StreetWorld/lead/3rd_party/navsim_workspace/dataset/maps does not exist!
07064359a6215354,False,4,/mnt/chenpeijian/autodrive/StreetWorld/lead/3rd_party/navsim_workspace/dataset/maps does not exist!
0722adecc3d45ac4,False,4,/mnt/chenpeijian/autodrive/StreetWorld/lead/3rd_party/navsim_workspace/dataset/maps does not exist!
07667a86040c5332,False,4,/mnt/chenpeijian/autodrive/StreetWorld/lead/3rd_party/navsim_workspace/dataset/maps does not exist!
077dd2d55c17560f,False,4,/mnt/chenpeijian/autodrive/StreetWorld/lead/3rd_party/navsim_workspace/dataset/maps does not exist!
07b814bfc2fb565d,False,4,/mnt/chenpeijian/autodrive/StreetWorld/lead/3rd_party/navsim_workspace/dataset/maps does not exist!
07e885122c9b5bd1,False,4,/mnt/chenpeijian/autodrive/StreetWorld/lead/3rd_party/navsim_workspace/dataset/maps does not exist!
082381ecf93c57d6,False,4,/mnt/chenpeijian/autodrive/StreetWorld/lead/3rd_party/navsim_workspace/dataset/maps does not exist!
08684d8a5d675f4a,False,4,/mnt/chenpeijian/autodrive/StreetWorld/lead/3rd_party/navsim_workspace/dataset/maps does not exist!
088cebb101bf5ed6,False,4,/mnt/chenpeijian/autodrive/StreetWorld/lead/3rd_party/navsim_workspace/dataset/maps does not exist!
08b1894421c455ed,False,4,/mnt/chenpeijian/autodrive/StreetWorld/lead/3rd_party/navsim_workspace/dataset/maps does not exist!
08e2e519ac1e5226,False,4,/mnt/chenpeijian/autodrive/StreetWorld/lead/3rd_party/navsim_workspace/dataset/maps does not exist!
090594c37ce256a3,False,4,/mnt/chenpeijian/autodrive/StreetWorld/lead/3rd_party/navsim_workspace/dataset/maps does not exist!
09436f14d3185748,False,4,/mnt/chenpeijian/autodrive/StreetWorld/lead/3rd_party/navsim_workspace/dataset/maps does not exist!
097d35208fcb587c,False,4,/mnt/chenpeijian/autodrive/StreetWorld/lead/3rd_party/navsim_workspace/dataset/maps does not exist!
09a81436114951ab,False,4,/mnt/chenpeijian/autodrive/StreetWorld/lead/3rd_party/navsim_workspace/dataset/maps does not exist!
09d33cf8b87c5ae3,False,4,/mnt/chenpeijian/autodrive/StreetWorld/lead/3rd_party/navsim_workspace/dataset/maps does not exist!
09e2eda76fde54ae,False,4,/mnt/chenpeijian/autodrive/StreetWorld/lead/3rd_party/navsim_workspace/dataset/maps does not exist!
0a2a71c0b34c5f10,False,4,/mnt/chenpeijian/autodrive/StreetWorld/lead/3rd_party/navsim_workspace/dataset/maps does not exist!
0a51eebaccc95c36,False,4,/mnt/chenpeijian/autodrive/StreetWorld/lead/3rd_party/navsim_workspace/dataset/maps does not exist!
0a746c037a905da7,False,4,/mnt/chenpeijian/autodrive/StreetWorld/lead/3rd_party/navsim_workspace/dataset/maps does not exist!
0a99133136835ee9,False,4,/mnt/chenpeijian/autodrive/StreetWorld/lead/3rd_party/navsim_workspace/dataset/maps does not exist!
0ae1539816f55b5f,False,4,/mnt/chenpeijian/autodrive/StreetWorld/lead/3rd_party/navsim_workspace/dataset/maps does not exist!
0af68cc78d085fdb,False,4,/mnt/chenpeijian/autodrive/StreetWorld/lead/3rd_party/navsim_workspace/dataset/maps does not exist!
0b23b3823c4d57da,False,4,/mnt/chenpeijian/autodrive/StreetWorld/lead/3rd_party/navsim_workspace/dataset/maps does not exist!
0b4a7c2ba59e5a8c,False,4,/mnt/chenpeijian/autodrive/StreetWorld/lead/3rd_party/navsim_workspace/dataset/maps does not exist!
0b7ee9446b7f541e,False,4,/mnt/chenpeijian/autodrive/StreetWorld/lead/3rd_party/navsim_workspace/dataset/maps does not exist!
0bbfb35740e25929,False,4,/mnt/chenpeijian/autodrive/StreetWorld/lead/3rd_party/navsim_workspace/dataset/maps does not exist!
0beacadfbc4553ea,False,4,/mnt/chenpeijian/autodrive/StreetWorld/lead/3rd_party/navsim_workspace/dataset/maps does not exist!
0c136e28e54f58b6,False,4,/mnt/chenpeijian/autodrive/StreetWorld/lead/3rd_party/navsim_workspace/dataset/maps does not exist!
0c3f741051575a36,False,4,/mnt/chenpeijian/autodrive/StreetWorld/lead/3rd_party/navsim_workspace/dataset/maps does not exist!
0c625b3536f2553d,False,4,/mnt/chenpeijian/autodrive/StreetWorld/lead/3rd_party/navsim_workspace/dataset/maps does not exist!
0c91824ce1e65b6e,False,4,/mnt/chenpeijian/autodrive/StreetWorld/lead/3rd_party/navsim_workspace/dataset/maps does not exist!
0cd0aaeb35c95094,False,4,/mnt/chenpeijian/autodrive/StreetWorld/lead/3rd_party/navsim_workspace/dataset/maps does not exist!
0d09772186295ff0,False,4,/mnt/chenpeijian/autodrive/StreetWorld/lead/3rd_party/navsim_workspace/dataset/maps does not exist!
0d472b2f14735fd1,False,4,/mnt/chenpeijian/autodrive/StreetWorld/lead/3rd_party/navsim_workspace/dataset/maps does not exist!
0d7cf272469a5a97,False,4,/mnt/chenpeijian/autodrive/StreetWorld/lead/3rd_party/navsim_workspace/dataset/maps does not exist!
0d95350d8f3b516b,False,4,/mnt/chenpeijian/autodrive/StreetWorld/lead/3rd_party/navsim_workspace/dataset/maps does not exist!
0db4879927b35dc0,False,4,/mnt/chenpeijian/autodrive/StreetWorld/lead/3rd_party/navsim_workspace/dataset/maps does not exist!
0ddc4576607e561e,False,4,/mnt/chenpeijian/autodrive/StreetWorld/lead/3rd_party/navsim_workspace/dataset/maps does not exist!
0dfcc232f8445d3f,False,4,/mnt/chenpeijian/autodrive/StreetWorld/lead/3rd_party/navsim_workspace/dataset/maps does not exist!
0e15e43a4c725f49,False,4,/mnt/chenpeijian/autodrive/StreetWorld/lead/3rd_party/navsim_workspace/dataset/maps does not exist!
0e6a9b4fe9ec5443,False,4,/mnt/chenpeijian/autodrive/StreetWorld/lead/3rd_party/navsim_workspace/dataset/maps does not exist!
0e9044c5aec15041,False,4,/mnt/chenpeijian/autodrive/StreetWorld/lead/3rd_party/navsim_workspace/dataset/maps does not exist!
0ebb578555b25ab2,False,4,/mnt/chenpeijian/autodrive/StreetWorld/lead/3rd_party/navsim_workspace/dataset/maps does not exist!
0f186e17ed445c5a,False,4,/mnt/chenpeijian/autodrive/StreetWorld/lead/3rd_party/navsim_workspace/dataset/maps does not exist!
0f3cdfd8866b5915,False,4,/mnt/chenpeijian/autodrive/StreetWorld/lead/3rd_party/navsim_workspace/dataset/maps does not exist!
0f5de425ef3555ff,False,4,/mnt/chenpeijian/autodrive/StreetWorld/lead/3rd_party/navsim_workspace/dataset/maps does not exist!
0f7854f951905e69,False,4,/mnt/chenpeijian/autodrive/StreetWorld/lead/3rd_party/navsim_workspace/dataset/maps does not exist!
0f8b3b73fda650e4,False,4,/mnt/chenpeijian/autodrive/StreetWorld/lead/3rd_party/navsim_workspace/dataset/maps does not exist!
0fa603b5789956f1,False,4,/mnt/chenpeijian/autodrive/StreetWorld/lead/3rd_party/navsim_workspace/dataset/maps does not exist!
0feb5eb464bc52b0,False,4,/mnt/chenpeijian/autodrive/StreetWorld/lead/3rd_party/navsim_workspace/dataset/maps does not exist!
10214bdcdd9c5607,False,4,/mnt/chenpeijian/autodrive/StreetWorld/lead/3rd_party/navsim_workspace/dataset/maps does not exist!
105e820419e05224,False,4,/mnt/chenpeijian/autodrive/StreetWorld/lead/3rd_party/navsim_workspace/dataset/maps does not exist!
1090e431ffef512f,False,4,/mnt/chenpeijian/autodrive/StreetWorld/lead/3rd_party/navsim_workspace/dataset/maps does not exist!
10c1bbbe7d805eba,False,4,/mnt/chenpeijian/autodrive/StreetWorld/lead/3rd_party/navsim_workspace/dataset/maps does not exist!
10fcb2c79add5558,False,4,/mnt/chenpeijian/autodrive/StreetWorld/lead/3rd_party/navsim_workspace/dataset/maps does not exist!
11182a0af9c95c8c,False,4,/mnt/chenpeijian/autodrive/StreetWorld/lead/3rd_party/navsim_workspace/dataset/maps does not exist!
11356a48a75c5e31,False,4,/mnt/chenpeijian/autodrive/StreetWorld/lead/3rd_party/navsim_workspace/dataset/maps does not exist!
116a7c91c85d5b5d,False,4,/mnt/chenpeijian/autodrive/StreetWorld/lead/3rd_party/navsim_workspace/dataset/maps does not exist!
118fa9fa499e5670,False,4,/mnt/chenpeijian/autodrive/StreetWorld/lead/3rd_party/navsim_workspace/dataset/maps does not exist!
11c5f66a6657545d,False,4,/mnt/chenpeijian/autodrive/StreetWorld/lead/3rd_party/navsim_workspace/dataset/maps does not exist!
11ee697033a159a9,False,4,/mnt/chenpeijian/autodrive/StreetWorld/lead/3rd_party/navsim_workspace/dataset/maps does not exist!
12177b43d67d51a7,False,4,/mnt/chenpeijian/autodrive/StreetWorld/lead/3rd_party/navsim_workspace/dataset/maps does not exist!
1252d1484b33558c,False,4,/mnt/chenpeijian/autodrive/StreetWorld/lead/3rd_party/navsim_workspace/dataset/maps does not exist!
12821eee232458b8,False,4,/mnt/chenpeijian/autodrive/StreetWorld/lead/3rd_party/navsim_workspace/dataset/maps does not exist!
12ace39c31df5dd8,False,4,/mnt/chenpeijian/autodrive/StreetWorld/lead/3rd_party/navsim_workspace/dataset/maps does not exist!
12d283af921a5f09,False,4,/mnt/chenpeijian/autodrive/StreetWorld/lead/3rd_party/navsim_workspace/dataset/maps does not exist!
131ab0263b07507c,False,4,/mnt/chenpeijian/autodrive/StreetWorld/lead/3rd_party/navsim_workspace/dataset/maps does not exist!
134651c94f73576f,False,4,/mnt/chenpeijian/autodrive/StreetWorld/lead/3rd_party/navsim_workspace/dataset/maps does not exist!
135899b9eb4f543e,False,4,/mnt/chenpeijian/autodrive/StreetWorld/lead/3rd_party/navsim_workspace/dataset/maps does not exist!
13ba9275e341525b,False,4,/mnt/chenpeijian/autodrive/StreetWorld/lead/3rd_party/navsim_workspace/dataset/maps does not exist!
13d1fc5b0ccd5abb,False,4,/mnt/chenpeijian/autodrive/StreetWorld/lead/3rd_party/navsim_workspace/dataset/maps does not exist!
14128c4b87b15777,False,4,/mnt/chenpeijian/autodrive/StreetWorld/lead/3rd_party/navsim_workspace/dataset/maps does not exist!
1457dddd3ea65845,False,4,/mnt/chenpeijian/autodrive/StreetWorld/lead/3rd_party/navsim_workspace/dataset/maps does not exist!
14b6e7ce317d531f,False,4,/mnt/chenpeijian/autodrive/StreetWorld/lead/3rd_party/navsim_workspace/dataset/maps does not exist!
14d53f85ccc65f23,False,4,/mnt/chenpeijian/autodrive/StreetWorld/lead/3rd_party/navsim_workspace/dataset/maps does not exist!
14f724bc59705bb4,False,4,/mnt/chenpeijian/autodrive/StreetWorld/lead/3rd_party/navsim_workspace/dataset/maps does not exist!
15165972946050eb,False,4,/mnt/chenpeijian/autodrive/StreetWorld/lead/3rd_party/navsim_workspace/dataset/maps does not exist!
15356a2c8fe1529f,False,4,/mnt/chenpeijian/autodrive/StreetWorld/lead/3rd_party/navsim_workspace/dataset/maps does not exist!
154d0d1b363f5501,False,4,/mnt/chenpeijian/autodrive/StreetWorld/lead/3rd_party/navsim_workspace/dataset/maps does not exist!
157ad2289b20545e,False,4,/mnt/chenpeijian/autodrive/StreetWorld/lead/3rd_party/navsim_workspace/dataset/maps does not exist!
15b400ceaa505015,False,4,/mnt/chenpeijian/autodrive/StreetWorld/lead/3rd_party/navsim_workspace/dataset/maps does not exist!
15f1c723f81a50b2,False,4,/mnt/chenpeijian/autodrive/StreetWorld/lead/3rd_party/navsim_workspace/dataset/maps does not exist!
1636385aa7ce5995,False,4,/mnt/chenpeijian/autodrive/StreetWorld/lead/3rd_party/navsim_workspace/dataset/maps does not exist!
1678ddd4a18b5fd8,False,4,/mnt/chenpeijian/autodrive/StreetWorld/lead/3rd_party/navsim_workspace/dataset/maps does not exist!
16aa734bed8a5f81,False,4,/mnt/chenpeijian/autodrive/StreetWorld/lead/3rd_party/navsim_workspace/dataset/maps does not exist!
16d4141f073d52f1,False,4,/mnt/chenpeijian/autodrive/StreetWorld/lead/3rd_party/navsim_workspace/dataset/maps does not exist!
171e0bea742d52d0,False,4,/mnt/chenpeijian/autodrive/StreetWorld/lead/3rd_party/navsim_workspace/dataset/maps does not exist!
174ac6135bf65de9,False,4,/mnt/chenpeijian/autodrive/StreetWorld/lead/3rd_party/navsim_workspace/dataset/maps does not exist!
179a2670a5965eeb,False,4,/mnt/chenpeijian/autodrive/StreetWorld/lead/3rd_party/navsim_workspace/dataset/maps does not exist!
17c882b28a195c3d,False,4,/mnt/chenpeijian/autodrive/StreetWorld/lead/3rd_party/navsim_workspace/dataset/maps does not exist!
1801a3d3fffc57f5,False,4,/mnt/chenpeijian/autodrive/StreetWorld/lead/3rd_party/navsim_workspace/dataset/maps does not exist!
18236bb0b875582d,False,4,/mnt/chenpeijian/autodrive/StreetWorld/lead/3rd_party/navsim_workspace/dataset/maps does not exist!
1835975eaaf65843,False,4,/mnt/chenpeijian/autodrive/StreetWorld/lead/3rd_party/navsim_workspace/dataset/maps does not exist!
18538a3ac6c45eef,False,4,/mnt/chenpeijian/autodrive/StreetWorld/lead/3rd_party/navsim_workspace/dataset/maps does not exist!
189e9c0a20085a38,False,4,/mnt/chenpeijian/autodrive/StreetWorld/lead/3rd_party/navsim_workspace/dataset/maps does not exist!
18d8181124185dfa,False,4,/mnt/chenpeijian/autodrive/StreetWorld/lead/3rd_party/navsim_workspace/dataset/maps does not exist!
19282fb074525def,False,4,/mnt/chenpeijian/autodrive/StreetWorld/lead/3rd_party/navsim_workspace/dataset/maps does not exist!
196cb93444b35dd7,False,4,/mnt/chenpeijian/autodrive/StreetWorld/lead/3rd_party/navsim_workspace/dataset/maps does not exist!
19a52017c000548c,False,4,/mnt/chenpeijian/autodrive/StreetWorld/lead/3rd_party/navsim_workspace/dataset/maps does not exist!
19d3dfdf0d2d5b6f,False,4,/mnt/chenpeijian/autodrive/StreetWorld/lead/3rd_party/navsim_workspace/dataset/maps does not exist!
19f3e77fcd3353c5,False,4,/mnt/chenpeijian/autodrive/StreetWorld/lead/3rd_party/navsim_workspace/dataset/maps does not exist!
1a1aa689c53951ba,False,4,/mnt/chenpeijian/autodrive/StreetWorld/lead/3rd_party/navsim_workspace/dataset/maps does not exist!
1a25d6503c075cc8,False,4,/mnt/chenpeijian/autodrive/StreetWorld/lead/3rd_party/navsim_workspace/dataset/maps does not exist!
1a5f614c9b815e92,False,4,/mnt/chenpeijian/autodrive/StreetWorld/lead/3rd_party/navsim_workspace/dataset/maps does not exist!
1a9a1f65b4cc5d1d,False,4,/mnt/chenpeijian/autodrive/StreetWorld/lead/3rd_party/navsim_workspace/dataset/maps does not exist!
1b0f2e4276945f9a,False,4,/mnt/chenpeijian/autodrive/StreetWorld/lead/3rd_party/navsim_workspace/dataset/maps does not exist!
1b2bf4aef1465325,False,4,/mnt/chenpeijian/autodrive/StreetWorld/lead/3rd_party/navsim_workspace/dataset/maps does not exist!
1b4af0da5a485c17,False,4,/mnt/chenpeijian/autodrive/StreetWorld/lead/3rd_party/navsim_workspace/dataset/maps does not exist!
1b88b298d405518e,False,4,/mnt/chenpeijian/autodrive/StreetWorld/lead/3rd_party/navsim_workspace/dataset/maps does not exist!
1bd8492a6487562f,False,4,/mnt/chenpeijian/autodrive/StreetWorld/lead/3rd_party/navsim_workspace/dataset/maps does not exist!
1bf819f13d1c562f,False,4,/mnt/chenpeijian/autodrive/StreetWorld/lead/3rd_party/navsim_workspace/dataset/maps does not exist!
1c1086a1254c5c9e,False,4,/mnt/chenpeijian/autodrive/StreetWorld/lead/3rd_party/navsim_workspace/dataset/maps does not exist!
1c3e7aa7df415acb,False,4,/mnt/chenpeijian/autodrive/StreetWorld/lead/3rd_party/navsim_workspace/dataset/maps does not exist!
1c64f911576a502d,False,4,/mnt/chenpeijian/autodrive/StreetWorld/lead/3rd_party/navsim_workspace/dataset/maps does not exist!
1ca75f05f31d51cc,False,4,/mnt/chenpeijian/autodrive/StreetWorld/lead/3rd_party/navsim_workspace/dataset/maps does not exist!
1cf59919c4f15605,False,4,/mnt/chenpeijian/autodrive/StreetWorld/lead/3rd_party/navsim_workspace/dataset/maps does not exist!
1d0dfd09b8185201,False,4,/mnt/chenpeijian/autodrive/StreetWorld/lead/3rd_party/navsim_workspace/dataset/maps does not exist!
1d4b518f1b175184,False,4,/mnt/chenpeijian/autodrive/StreetWorld/lead/3rd_party/navsim_workspace/dataset/maps does not exist!
1da6196444e35b0f,False,4,/mnt/chenpeijian/autodrive/StreetWorld/lead/3rd_party/navsim_workspace/dataset/maps does not exist!
1de80c2e4aca5f33,False,4,/mnt/chenpeijian/autodrive/StreetWorld/lead/3rd_party/navsim_workspace/dataset/maps does not exist!
1e09c94f9cfb5fc9,False,4,/mnt/chenpeijian/autodrive/StreetWorld/lead/3rd_party/navsim_workspace/dataset/maps does not exist!
1e4df42d4cea5416,False,4,/mnt/chenpeijian/autodrive/StreetWorld/lead/3rd_party/navsim_workspace/dataset/maps does not exist!
1e80c5febdd25875,False,4,/mnt/chenpeijian/autodrive/StreetWorld/lead/3rd_party/navsim_workspace/dataset/maps does not exist!
1eade5af9ee65696,False,4,/mnt/chenpeijian/autodrive/StreetWorld/lead/3rd_party/navsim_workspace/dataset/maps does not exist!
1ec7ff5bb8cf5477,False,4,/mnt/chenpeijian/autodrive/StreetWorld/lead/3rd_party/navsim_workspace/dataset/maps does not exist!
1ed8702288c15895,False,4,/mnt/chenpeijian/autodrive/StreetWorld/lead/3rd_party/navsim_workspace/dataset/maps does not exist!
1f0f883695f05e6c,False,4,/mnt/chenpeijian/autodrive/StreetWorld/lead/3rd_party/navsim_workspace/dataset/maps does not exist!
1f248c6b5f2f5234,False,4,/mnt/chenpeijian/autodrive/StreetWorld/lead/3rd_party/navsim_workspace/dataset/maps does not exist!
1f54430427975391,False,4,/mnt/chenpeijian/autodrive/StreetWorld/lead/3rd_party/navsim_workspace/dataset/maps does not exist!
1faa10d7c34553d2,False,4,/mnt/chenpeijian/autodrive/StreetWorld/lead/3rd_party/navsim_workspace/dataset/maps does not exist!
1fe2f21f53c05378,False,4,/mnt/chenpeijian/autodrive/StreetWorld/lead/3rd_party/navsim_workspace/dataset/maps does not exist!
200bc08880505a6e,False,4,/mnt/chenpeijian/autodrive/StreetWorld/lead/3rd_party/navsim_workspace/dataset/maps does not exist!
20403b65d87d5e5a,False,4,/mnt/chenpeijian/autodrive/StreetWorld/lead/3rd_party/navsim_workspace/dataset/maps does not exist!
206ccbdfb1e25bf2,False,4,/mnt/chenpeijian/autodrive/StreetWorld/lead/3rd_party/navsim_workspace/dataset/maps does not exist!
20a276a12f2150c5,False,4,/mnt/chenpeijian/autodrive/StreetWorld/lead/3rd_party/navsim_workspace/dataset/maps does not exist!
20d3a5f5b9e6549f,False,4,/mnt/chenpeijian/autodrive/StreetWorld/lead/3rd_party/navsim_workspace/dataset/maps does not exist!
210a2cd8efe051af,False,4,/mnt/chenpeijian/autodrive/StreetWorld/lead/3rd_party/navsim_workspace/dataset/maps does not exist!
2114e7e213c45fc0,False,4,/mnt/chenpeijian/autodrive/StreetWorld/lead/3rd_party/navsim_workspace/dataset/maps does not exist!
213c18fea71457d2,False,4,/mnt/chenpeijian/autodrive/StreetWorld/lead/3rd_party/navsim_workspace/dataset/maps does not exist!
21747e180852591a,False,4,/mnt/chenpeijian/autodrive/StreetWorld/lead/3rd_party/navsim_workspace/dataset/maps does not exist!
21acd3bbf97b5cbe,False,4,/mnt/chenpeijian/autodrive/StreetWorld/lead/3rd_party/navsim_workspace/dataset/maps does not exist!
21c961133b0c52d5,False,4,/mnt/chenpeijian/autodrive/StreetWorld/lead/3rd_party/navsim_workspace/dataset/maps does not exist!
21d6b11a81755b6d,False,4,/mnt/chenpeijian/autodrive/StreetWorld/lead/3rd_party/navsim_workspace/dataset/maps does not exist!
2223b290d60556d5,False,4,/mnt/chenpeijian/autodrive/StreetWorld/lead/3rd_party/navsim_workspace/dataset/maps does not exist!
2256b2a677aa5509,False,4,/mnt/chenpeijian/autodrive/StreetWorld/lead/3rd_party/navsim_workspace/dataset/maps does not exist!
22a0b00bb8ed5ed5,False,4,/mnt/chenpeijian/autodrive/StreetWorld/lead/3rd_party/navsim_workspace/dataset/maps does not exist!
22f1319717ec58f0,False,4,/mnt/chenpeijian/autodrive/StreetWorld/lead/3rd_party/navsim_workspace/dataset/maps does not exist!
2318ebb3b64554fc,False,4,/mnt/chenpeijian/autodrive/StreetWorld/lead/3rd_party/navsim_workspace/dataset/maps does not exist!
23742ff81ee85c96,False,4,/mnt/chenpeijian/autodrive/StreetWorld/lead/3rd_party/navsim_workspace/dataset/maps does not exist!
239705f6ca945846,False,4,/mnt/chenpeijian/autodrive/StreetWorld/lead/3rd_party/navsim_workspace/dataset/maps does not exist!
23d70775af9754e8,False,4,/mnt/chenpeijian/autodrive/StreetWorld/lead/3rd_party/navsim_workspace/dataset/maps does not exist!
23fb1660b6985e05,False,4,/mnt/chenpeijian/autodrive/StreetWorld/lead/3rd_party/navsim_workspace/dataset/maps does not exist!
242d17bd2af15992,False,4,/mnt/chenpeijian/autodrive/StreetWorld/lead/3rd_party/navsim_workspace/dataset/maps does not exist!
247490a783f25c47,False,4,/mnt/chenpeijian/autodrive/StreetWorld/lead/3rd_party/navsim_workspace/dataset/maps does not exist!
249dd85ebaa65b9f,False,4,/mnt/chenpeijian/autodrive/StreetWorld/lead/3rd_party/navsim_workspace/dataset/maps does not exist!
24cad1842cf15f29,False,4,/mnt/chenpeijian/autodrive/StreetWorld/lead/3rd_party/navsim_workspace/dataset/maps does not exist!
24f29711e1a05cb5,False,4,/mnt/chenpeijian/autodrive/StreetWorld/lead/3rd_party/navsim_workspace/dataset/maps does not exist!
2541de938ff15eee,False,4,/mnt/chenpeijian/autodrive/StreetWorld/lead/3rd_party/navsim_workspace/dataset/maps does not exist!
257773cfd41d59d5,False,4,/mnt/chenpeijian/autodrive/StreetWorld/lead/3rd_party/navsim_workspace/dataset/maps does not exist!
25aab48e050659be,False,4,/mnt/chenpeijian/autodrive/StreetWorld/lead/3rd_party/navsim_workspace/dataset/maps does not exist!
25cdf7dee0d25a66,False,4,/mnt/chenpeijian/autodrive/StreetWorld/lead/3rd_party/navsim_workspace/dataset/maps does not exist!
25f4a620bd5f51cc,False,4,/mnt/chenpeijian/autodrive/StreetWorld/lead/3rd_party/navsim_workspace/dataset/maps does not exist!
263ad35a0e975eda,False,4,/mnt/chenpeijian/autodrive/StreetWorld/lead/3rd_party/navsim_workspace/dataset/maps does not exist!
2649eb9e1a445b29,False,4,/mnt/chenpeijian/autodrive/StreetWorld/lead/3rd_party/navsim_workspace/dataset/maps does not exist!
268ab283b4a95126,False,4,/mnt/chenpeijian/autodrive/StreetWorld/lead/3rd_party/navsim_workspace/dataset/maps does not exist!
26a1ceab4d455a77,False,4,/mnt/chenpeijian/autodrive/StreetWorld/lead/3rd_party/navsim_workspace/dataset/maps does not exist!
26ca54769df65193,False,4,/mnt/chenpeijian/autodrive/StreetWorld/lead/3rd_party/navsim_workspace/dataset/maps does not exist!
26f3ef1a426f57be,False,4,/mnt/chenpeijian/autodrive/StreetWorld/lead/3rd_party/navsim_workspace/dataset/maps does not exist!
274fc7077c1b55d4,False,4,/mnt/chenpeijian/autodrive/StreetWorld/lead/3rd_party/navsim_workspace/dataset/maps does not exist!
27725219ce8a55ff,False,4,/mnt/chenpeijian/autodrive/StreetWorld/lead/3rd_party/navsim_workspace/dataset/maps does not exist!
2783db04f9b05383,False,4,/mnt/chenpeijian/autodrive/StreetWorld/lead/3rd_party/navsim_workspace/dataset/maps does not exist!
27c0f4e2b49b5c08,False,4,/mnt/chenpeijian/autodrive/StreetWorld/lead/3rd_party/navsim_workspace/dataset/maps does not exist!
27f3c1e778bf5748,False,4,/mnt/chenpeijian/autodrive/StreetWorld/lead/3rd_party/navsim_workspace/dataset/maps does not exist!
28113a97a08b5ff1,False,4,/mnt/chenpeijian/autodrive/StreetWorld/lead/3rd_party/navsim_workspace/dataset/maps does not exist!
28345af8c4505291,False,4,/mnt/chenpeijian/autodrive/StreetWorld/lead/3rd_party/navsim_workspace/dataset/maps does not exist!
2861c47f508652e8,False,4,/mnt/chenpeijian/autodrive/StreetWorld/lead/3rd_party/navsim_workspace/dataset/maps does not exist!
28b94453e1cd578f,False,4,/mnt/chenpeijian/autodrive/StreetWorld/lead/3rd_party/navsim_workspace/dataset/maps does not exist!
29051d7805db50d0,False,4,/mnt/chenpeijian/autodrive/StreetWorld/lead/3rd_party/navsim_workspace/dataset/maps does not exist!
291ac232cc94582a,False,4,/mnt/chenpeijian/autodrive/StreetWorld/lead/3rd_party/navsim_workspace/dataset/maps does not exist!
2942d4fb604d5b5f,False,4,/mnt/chenpeijian/autodrive/StreetWorld/lead/3rd_party/navsim_workspace/dataset/maps does not exist!
295e5c491ca35642,False,4,/mnt/chenpeijian/autodrive/StreetWorld/lead/3rd_party/navsim_workspace/dataset/maps does not exist!
298fff3a2ae95293,False,4,/mnt/chenpeijian/autodrive/StreetWorld/lead/3rd_party/navsim_workspace/dataset/maps does not exist!
29b743b5bdd1527e,False,4,/mnt/chenpeijian/autodrive/StreetWorld/lead/3rd_party/navsim_workspace/dataset/maps does not exist!
29c9d694a2a15357,False,4,/mnt/chenpeijian/autodrive/StreetWorld/lead/3rd_party/navsim_workspace/dataset/maps does not exist!
2a08c81705d755c7,False,4,/mnt/chenpeijian/autodrive/StreetWorld/lead/3rd_party/navsim_workspace/dataset/maps does not exist!
2a3ab48ae28f5e90,False,4,/mnt/chenpeijian/autodrive/StreetWorld/lead/3rd_party/navsim_workspace/dataset/maps does not exist!
2a5fea3ae25e5cdd,False,4,/mnt/chenpeijian/autodrive/StreetWorld/lead/3rd_party/navsim_workspace/dataset/maps does not exist!
2a7b12a784c351c3,False,4,/mnt/chenpeijian/autodrive/StreetWorld/lead/3rd_party/navsim_workspace/dataset/maps does not exist!
2ac5f9fae5a95215,False,4,/mnt/chenpeijian/autodrive/StreetWorld/lead/3rd_party/navsim_workspace/dataset/maps does not exist!
2b006c0fae365892,False,4,/mnt/chenpeijian/autodrive/StreetWorld/lead/3rd_party/navsim_workspace/dataset/maps does not exist!
2b352a08cb3b59ea,False,4,/mnt/chenpeijian/autodrive/StreetWorld/lead/3rd_party/navsim_workspace/dataset/maps does not exist!
2b641a3ecff5580e,False,4,/mnt/chenpeijian/autodrive/StreetWorld/lead/3rd_party/navsim_workspace/dataset/maps does not exist!
2bce4431c5da5d1f,False,4,/mnt/chenpeijian/autodrive/StreetWorld/lead/3rd_party/navsim_workspace/dataset/maps does not exist!
2c120899a8d05979,False,4,/mnt/chenpeijian/autodrive/StreetWorld/lead/3rd_party/navsim_workspace/dataset/maps does not exist!
2c43056133655292,False,4,/mnt/chenpeijian/autodrive/StreetWorld/lead/3rd_party/navsim_workspace/dataset/maps does not exist!
2c90fc5cc8905562,False,4,/mnt/chenpeijian/autodrive/StreetWorld/lead/3rd_party/navsim_workspace/dataset/maps does not exist!
2cae5f08e11a5dbd,False,4,/mnt/chenpeijian/autodrive/StreetWorld/lead/3rd_party/navsim_workspace/dataset/maps does not exist!
2cd1545c4c835ead,False,4,/mnt/chenpeijian/autodrive/StreetWorld/lead/3rd_party/navsim_workspace/dataset/maps does not exist!
2d1b94bfdcd35217,False,4,/mnt/chenpeijian/autodrive/StreetWorld/lead/3rd_party/navsim_workspace/dataset/maps does not exist!
2d365fc1fbd35aab,False,4,/mnt/chenpeijian/autodrive/StreetWorld/lead/3rd_party/navsim_workspace/dataset/maps does not exist!
2d6a7d3813ef54e0,False,4,/mnt/chenpeijian/autodrive/StreetWorld/lead/3rd_party/navsim_workspace/dataset/maps does not exist!
2da6f8c86c135473,False,4,/mnt/chenpeijian/autodrive/StreetWorld/lead/3rd_party/navsim_workspace/dataset/maps does not exist!
2dd7293bcb445815,False,4,/mnt/chenpeijian/autodrive/StreetWorld/lead/3rd_party/navsim_workspace/dataset/maps does not exist!
2e0a31d833765412,False,4,/mnt/chenpeijian/autodrive/StreetWorld/lead/3rd_party/navsim_workspace/dataset/maps does not exist!
2e54d786ec095896,False,4,/mnt/chenpeijian/autodrive/StreetWorld/lead/3rd_party/navsim_workspace/dataset/maps does not exist!
2e883a72b2895d7c,False,4,/mnt/chenpeijian/autodrive/StreetWorld/lead/3rd_party/navsim_workspace/dataset/maps does not exist!
2eb7c4dc6ec65123,False,4,/mnt/chenpeijian/autodrive/StreetWorld/lead/3rd_party/navsim_workspace/dataset/maps does not exist!
2ef80fbe7233514a,False,4,/mnt/chenpeijian/autodrive/StreetWorld/lead/3rd_party/navsim_workspace/dataset/maps does not exist!
2f3cd5f3b7ee59cc,False,4,/mnt/chenpeijian/autodrive/StreetWorld/lead/3rd_party/navsim_workspace/dataset/maps does not exist!
2f7190c1da685537,False,4,/mnt/chenpeijian/autodrive/StreetWorld/lead/3rd_party/navsim_workspace/dataset/maps does not exist!
2fb759c52be35681,False,4,/mnt/chenpeijian/autodrive/StreetWorld/lead/3rd_party/navsim_workspace/dataset/maps does not exist!
2ff39958d9f35279,False,4,/mnt/chenpeijian/autodrive/StreetWorld/lead/3rd_party/navsim_workspace/dataset/maps does not exist!
302d9a7758625a37,False,4,/mnt/chenpeijian/autodrive/StreetWorld/lead/3rd_party/navsim_workspace/dataset/maps does not exist!
304be364cb4050ce,False,4,/mnt/chenpeijian/autodrive/StreetWorld/lead/3rd_party/navsim_workspace/dataset/maps does not exist!
3078139bae8e592d,False,4,/mnt/chenpeijian/autodrive/StreetWorld/lead/3rd_party/navsim_workspace/dataset/maps does not exist!
30a0f5cf9ab95eee,False,4,/mnt/chenpeijian/autodrive/StreetWorld/lead/3rd_party/navsim_workspace/dataset/maps does not exist!
30dafbb048775d29,False,4,/mnt/chenpeijian/autodrive/StreetWorld/lead/3rd_party/navsim_workspace/dataset/maps does not exist!
310d65ad9aee5366,False,4,/mnt/chenpeijian/autodrive/StreetWorld/lead/3rd_party/navsim_workspace/dataset/maps does not exist!
313756e5fc655c0e,False,4,/mnt/chenpeijian/autodrive/StreetWorld/lead/3rd_party/navsim_workspace/dataset/maps does not exist!
3154180ecf9a5e67,False,4,/mnt/chenpeijian/autodrive/StreetWorld/lead/3rd_party/navsim_workspace/dataset/maps does not exist!
3187a6d159fb51d8,False,4,/mnt/chenpeijian/autodrive/StreetWorld/lead/3rd_party/navsim_workspace/dataset/maps does not exist!
31cdd1b336305b1a,False,4,/mnt/chenpeijian/autodrive/StreetWorld/lead/3rd_party/navsim_workspace/dataset/maps does not exist!
32189cc0a3bf535a,False,4,/mnt/chenpeijian/autodrive/StreetWorld/lead/3rd_party/navsim_workspace/dataset/maps does not exist!
3251e54ebe415e5c,False,4,/mnt/chenpeijian/autodrive/StreetWorld/lead/3rd_party/navsim_workspace/dataset/maps does not exist!
326bf8cbf6375f03,False,4,/mnt/chenpeijian/autodrive/StreetWorld/lead/3rd_party/navsim_workspace/dataset/maps does not exist!
32bbb5bfdd515d19,False,4,/mnt/chenpeijian/autodrive/StreetWorld/lead/3rd_party/navsim_workspace/dataset/maps does not exist!
32e5d7e804c65214,False,4,/mnt/chenpeijian/autodrive/StreetWorld/lead/3rd_party/navsim_workspace/dataset/maps does not exist!
330fe55520e351fb,False,4,/mnt/chenpeijian/autodrive/StreetWorld/lead/3rd_party/navsim_workspace/dataset/maps does not exist!
3336f42a7e175d0b,False,4,/mnt/chenpeijian/autodrive/StreetWorld/lead/3rd_party/navsim_workspace/dataset/maps does not exist!
3361cb5b061556d0,False,4,/mnt/chenpeijian/autodrive/StreetWorld/lead/3rd_party/navsim_workspace/dataset/maps does not exist!
33947554006251e9,False,4,/mnt/chenpeijian/autodrive/StreetWorld/lead/3rd_party/navsim_workspace/dataset/maps does not exist!
33bfb486ff965e4b,False,4,/mnt/chenpeijian/autodrive/StreetWorld/lead/3rd_party/navsim_workspace/dataset/maps does not exist!
33c848df67305ec1,False,4,/mnt/chenpeijian/autodrive/StreetWorld/lead/3rd_party/navsim_workspace/dataset/maps does not exist!
33f9f166f07350f1,False,4,/mnt/chenpeijian/autodrive/StreetWorld/lead/3rd_party/navsim_workspace/dataset/maps does not exist!
342953cadb9f57b2,False,4,/mnt/chenpeijian/autodrive/StreetWorld/lead/3rd_party/navsim_workspace/dataset/maps does not exist!
346e3a62c61e50df,False,4,/mnt/chenpeijian/autodrive/StreetWorld/lead/3rd_party/navsim_workspace/dataset/maps does not exist!
349606982fb252ae,False,4,/mnt/chenpeijian/autodrive/StreetWorld/lead/3rd_party/navsim_workspace/dataset/maps does not exist!
34b812e4de1a536b,False,4,/mnt/chenpeijian/autodrive/StreetWorld/lead/3rd_party/navsim_workspace/dataset/maps does not exist!
34f2427ba79a587b,False,4,/mnt/chenpeijian/autodrive/StreetWorld/lead/3rd_party/navsim_workspace/dataset/maps does not exist!
351226f263825b4b,False,4,/mnt/chenpeijian/autodrive/StreetWorld/lead/3rd_party/navsim_workspace/dataset/maps does not exist!
353988b87d995f68,False,4,/mnt/chenpeijian/autodrive/StreetWorld/lead/3rd_party/navsim_workspace/dataset/maps does not exist!
355dadd64723531e,False,4,/mnt/chenpeijian/autodrive/StreetWorld/lead/3rd_party/navsim_workspace/dataset/maps does not exist!
35b84fa433f0583f,False,4,/mnt/chenpeijian/autodrive/StreetWorld/lead/3rd_party/navsim_workspace/dataset/maps does not exist!
35e4b04bab1058d5,False,4,/mnt/chenpeijian/autodrive/StreetWorld/lead/3rd_party/navsim_workspace/dataset/maps does not exist!
35fb7e0858ae5bc8,False,4,/mnt/chenpeijian/autodrive/StreetWorld/lead/3rd_party/navsim_workspace/dataset/maps does not exist!
3623049267d35a95,False,4,/mnt/chenpeijian/autodrive/StreetWorld/lead/3rd_party/navsim_workspace/dataset/maps does not exist!
367967cea49c5dda,False,4,/mnt/chenpeijian/autodrive/StreetWorld/lead/3rd_party/navsim_workspace/dataset/maps does not exist!
36be99da12575896,False,4,/mnt/chenpeijian/autodrive/StreetWorld/lead/3rd_party/navsim_workspace/dataset/maps does not exist!
36e789a0e4035ad7,False,4,/mnt/chenpeijian/autodrive/StreetWorld/lead/3rd_party/navsim_workspace/dataset/maps does not exist!
37102588c8ac59ef,False,4,/mnt/chenpeijian/autodrive/StreetWorld/lead/3rd_party/navsim_workspace/dataset/maps does not exist!
373abe824b3052a0,False,4,/mnt/chenpeijian/autodrive/StreetWorld/lead/3rd_party/navsim_workspace/dataset/maps does not exist!
3761f5d0d74d55eb,False,4,/mnt/chenpeijian/autodrive/StreetWorld/lead/3rd_party/navsim_workspace/dataset/maps does not exist!
378d79a6bf715912,False,4,/mnt/chenpeijian/autodrive/StreetWorld/lead/3rd_party/navsim_workspace/dataset/maps does not exist!
37c8a00c76905ffe,False,4,/mnt/chenpeijian/autodrive/StreetWorld/lead/3rd_party/navsim_workspace/dataset/maps does not exist!
385e44b3382350f1,False,4,/mnt/chenpeijian/autodrive/StreetWorld/lead/3rd_party/navsim_workspace/dataset/maps does not exist!
3882f317a3f55e29,False,4,/mnt/chenpeijian/autodrive/StreetWorld/lead/3rd_party/navsim_workspace/dataset/maps does not exist!
38afc409029551e0,False,4,/mnt/chenpeijian/autodrive/StreetWorld/lead/3rd_party/navsim_workspace/dataset/maps does not exist!
38c390af2fac51e0,False,4,/mnt/chenpeijian/autodrive/StreetWorld/lead/3rd_party/navsim_workspace/dataset/maps does not exist!
38f3b89b93ba5032,False,4,/mnt/chenpeijian/autodrive/StreetWorld/lead/3rd_party/navsim_workspace/dataset/maps does not exist!
3931a353a1f6520d,False,4,/mnt/chenpeijian/autodrive/StreetWorld/lead/3rd_party/navsim_workspace/dataset/maps does not exist!
396a8c19c4ac58f3,False,4,/mnt/chenpeijian/autodrive/StreetWorld/lead/3rd_party/navsim_workspace/dataset/maps does not exist!
397c45f99a265c17,False,4,/mnt/chenpeijian/autodrive/StreetWorld/lead/3rd_party/navsim_workspace/dataset/maps does not exist!
39b5d00781925b16,False,4,/mnt/chenpeijian/autodrive/StreetWorld/lead/3rd_party/navsim_workspace/dataset/maps does not exist!
39dba8a42eaa5ea0,False,4,/mnt/chenpeijian/autodrive/StreetWorld/lead/3rd_party/navsim_workspace/dataset/maps does not exist!
3a14515e4e305499,False,4,/mnt/chenpeijian/autodrive/StreetWorld/lead/3rd_party/navsim_workspace/dataset/maps does not exist!
3a4b7b872e3452ac,False,4,/mnt/chenpeijian/autodrive/StreetWorld/lead/3rd_party/navsim_workspace/dataset/maps does not exist!
3a8cbc5f12e25e1f,False,4,/mnt/chenpeijian/autodrive/StreetWorld/lead/3rd_party/navsim_workspace/dataset/maps does not exist!
3ae3cf56296b5861,False,4,/mnt/chenpeijian/autodrive/StreetWorld/lead/3rd_party/navsim_workspace/dataset/maps does not exist!
3afb7780247f51bb,False,4,/mnt/chenpeijian/autodrive/StreetWorld/lead/3rd_party/navsim_workspace/dataset/maps does not exist!
3b0d2b5f50f752c7,False,4,/mnt/chenpeijian/autodrive/StreetWorld/lead/3rd_party/navsim_workspace/dataset/maps does not exist!
3b3e36e9d816563c,False,4,/mnt/chenpeijian/autodrive/StreetWorld/lead/3rd_party/navsim_workspace/dataset/maps does not exist!
3b56d2b022d25026,False,4,/mnt/chenpeijian/autodrive/StreetWorld/lead/3rd_party/navsim_workspace/dataset/maps does not exist!
3b8bc6ec37105767,False,4,/mnt/chenpeijian/autodrive/StreetWorld/lead/3rd_party/navsim_workspace/dataset/maps does not exist!
3baa70a146f055d2,False,4,/mnt/chenpeijian/autodrive/StreetWorld/lead/3rd_party/navsim_workspace/dataset/maps does not exist!
3bc4c087ab1a50a3,False,4,/mnt/chenpeijian/autodrive/StreetWorld/lead/3rd_party/navsim_workspace/dataset/maps does not exist!
3be6682bde7d5548,False,4,/mnt/chenpeijian/autodrive/StreetWorld/lead/3rd_party/navsim_workspace/dataset/maps does not exist!
3c0e4d6b508d5e10,False,4,/mnt/chenpeijian/autodrive/StreetWorld/lead/3rd_party/navsim_workspace/dataset/maps does not exist!
3c3991ec8d7a5507,False,4,/mnt/chenpeijian/autodrive/StreetWorld/lead/3rd_party/navsim_workspace/dataset/maps does not exist!
3c7319cc63ab58c9,False,4,/mnt/chenpeijian/autodrive/StreetWorld/lead/3rd_party/navsim_workspace/dataset/maps does not exist!
3c99fcb4ef8c5382,False,4,/mnt/chenpeijian/autodrive/StreetWorld/lead/3rd_party/navsim_workspace/dataset/maps does not exist!
3ce3c32cb4655d3d,False,4,/mnt/chenpeijian/autodrive/StreetWorld/lead/3rd_party/navsim_workspace/dataset/maps does not exist!
3d04f4c65587562b,False,4,/mnt/chenpeijian/autodrive/StreetWorld/lead/3rd_party/navsim_workspace/dataset/maps does not exist!
3d2f4a8fb8b55572,False,4,/mnt/chenpeijian/autodrive/StreetWorld/lead/3rd_party/navsim_workspace/dataset/maps does not exist!
3d5103c659255a72,False,4,/mnt/chenpeijian/autodrive/StreetWorld/lead/3rd_party/navsim_workspace/dataset/maps does not exist!
3d744662757d5ca2,False,4,/mnt/chenpeijian/autodrive/StreetWorld/lead/3rd_party/navsim_workspace/dataset/maps does not exist!
3dcc0fdcb0395855,False,4,/mnt/chenpeijian/autodrive/StreetWorld/lead/3rd_party/navsim_workspace/dataset/maps does not exist!
3e09a3c33726545c,False,4,/mnt/chenpeijian/autodrive/StreetWorld/lead/3rd_party/navsim_workspace/dataset/maps does not exist!
3e41024d080454b5,False,4,/mnt/chenpeijian/autodrive/StreetWorld/lead/3rd_party/navsim_workspace/dataset/maps does not exist!
3e6526b2f7755050,False,4,/mnt/chenpeijian/autodrive/StreetWorld/lead/3rd_party/navsim_workspace/dataset/maps does not exist!
3e941f8f03c1512d,False,4,/mnt/chenpeijian/autodrive/StreetWorld/lead/3rd_party/navsim_workspace/dataset/maps does not exist!
3ec484ccad125e99,False,4,/mnt/chenpeijian/autodrive/StreetWorld/lead/3rd_party/navsim_workspace/dataset/maps does not exist!
3f11b8c2347f5714,False,4,/mnt/chenpeijian/autodrive/StreetWorld/lead/3rd_party/navsim_workspace/dataset/maps does not exist!
3f38262eb4d55376,False,4,/mnt/chenpeijian/autodrive/StreetWorld/lead/3rd_party/navsim_workspace/dataset/maps does not exist!
3f664a7d5f5e5bba,False,4,/mnt/chenpeijian/autodrive/StreetWorld/lead/3rd_party/navsim_workspace/dataset/maps does not exist!
3fa4c6924d3c55ab,False,4,/mnt/chenpeijian/autodrive/StreetWorld/lead/3rd_party/navsim_workspace/dataset/maps does not exist!
3fca9a087e505470,False,4,/mnt/chenpeijian/autodrive/StreetWorld/lead/3rd_party/navsim_workspace/dataset/maps does not exist!
3ff5c9a5bd155bb2,False,4,/mnt/chenpeijian/autodrive/StreetWorld/lead/3rd_party/navsim_workspace/dataset/maps does not exist!
4024c1a4953e57a7,False,4,/mnt/chenpeijian/autodrive/StreetWorld/lead/3rd_party/navsim_workspace/dataset/maps does not exist!
404a7bf372cb5eac,False,4,/mnt/chenpeijian/autodrive/StreetWorld/lead/3rd_party/navsim_workspace/dataset/maps does not exist!
407bc420086a58f6,False,4,/mnt/chenpeijian/autodrive/StreetWorld/lead/3rd_party/navsim_workspace/dataset/maps does not exist!
40c083a3c4ff5b45,False,4,/mnt/chenpeijian/autodrive/StreetWorld/lead/3rd_party/navsim_workspace/dataset/maps does not exist!
40df19739f215995,False,4,/mnt/chenpeijian/autodrive/StreetWorld/lead/3rd_party/navsim_workspace/dataset/maps does not exist!
411ce5449bda5b1d,False,4,/mnt/chenpeijian/autodrive/StreetWorld/lead/3rd_party/navsim_workspace/dataset/maps does not exist!
41598eaa4cef5f77,False,4,/mnt/chenpeijian/autodrive/StreetWorld/lead/3rd_party/navsim_workspace/dataset/maps does not exist!
418c618fc266506b,False,4,/mnt/chenpeijian/autodrive/StreetWorld/lead/3rd_party/navsim_workspace/dataset/maps does not exist!
41bf372d03d95267,False,4,/mnt/chenpeijian/autodrive/StreetWorld/lead/3rd_party/navsim_workspace/dataset/maps does not exist!
41f3712a30b956e6,False,4,/mnt/chenpeijian/autodrive/StreetWorld/lead/3rd_party/navsim_workspace/dataset/maps does not exist!
4231dc0eadd75a2d,False,4,/mnt/chenpeijian/autodrive/StreetWorld/lead/3rd_party/navsim_workspace/dataset/maps does not exist!
427ee2e0d1c05699,False,4,/mnt/chenpeijian/autodrive/StreetWorld/lead/3rd_party/navsim_workspace/dataset/maps does not exist!
42a04da3bc0351e1,False,4,/mnt/chenpeijian/autodrive/StreetWorld/lead/3rd_party/navsim_workspace/dataset/maps does not exist!
42d1bc19fbc35965,False,4,/mnt/chenpeijian/autodrive/StreetWorld/lead/3rd_party/navsim_workspace/dataset/maps does not exist!
43066c8c8e325fcf,False,4,/mnt/chenpeijian/autodrive/StreetWorld/lead/3rd_party/navsim_workspace/dataset/maps does not exist!
432598c0bda65445,False,4,/mnt/chenpeijian/autodrive/StreetWorld/lead/3rd_party/navsim_workspace/dataset/maps does not exist!
43440ae761cd5a8e,False,4,/mnt/chenpeijian/autodrive/StreetWorld/lead/3rd_party/navsim_workspace/dataset/maps does not exist!
436728a1202a5ae6,False,4,/mnt/chenpeijian/autodrive/StreetWorld/lead/3rd_party/navsim_workspace/dataset/maps does not exist!
43a4f01072795345,False,4,/mnt/chenpeijian/autodrive/StreetWorld/lead/3rd_party/navsim_workspace/dataset/maps does not exist!
43cc094e7af0518e,False,4,/mnt/chenpeijian/autodrive/StreetWorld/lead/3rd_party/navsim_workspace/dataset/maps does not exist!
4421e25bf73a553b,False,4,/mnt/chenpeijian/autodrive/StreetWorld/lead/3rd_party/navsim_workspace/dataset/maps does not exist!
447a983c9fc45077,False,4,/mnt/chenpeijian/autodrive/StreetWorld/lead/3rd_party/navsim_workspace/dataset/maps does not exist!
44a82a16cdbc5813,False,4,/mnt/chenpeijian/autodrive/StreetWorld/lead/3rd_party/navsim_workspace/dataset/maps does not exist!
44f75400f3a15c14,False,4,/mnt/chenpeijian/autodrive/StreetWorld/lead/3rd_party/navsim_workspace/dataset/maps does not exist!
45102df6530d59e8,False,4,/mnt/chenpeijian/autodrive/StreetWorld/lead/3rd_party/navsim_workspace/dataset/maps does not exist!
4543b41a1fec5a97,False,4,/mnt/chenpeijian/autodrive/StreetWorld/lead/3rd_party/navsim_workspace/dataset/maps does not exist!
4566a3d9b5e95d9b,False,4,/mnt/chenpeijian/autodrive/StreetWorld/lead/3rd_party/navsim_workspace/dataset/maps does not exist!
45b494315ca85268,False,4,/mnt/chenpeijian/autodrive/StreetWorld/lead/3rd_party/navsim_workspace/dataset/maps does not exist!
45e8b10f95925c47,False,4,/mnt/chenpeijian/autodrive/StreetWorld/lead/3rd_party/navsim_workspace/dataset/maps does not exist!
465d879f0b205c8f,False,4,/mnt/chenpeijian/autodrive/StreetWorld/lead/3rd_party/navsim_workspace/dataset/maps does not exist!
46a9bf6f100c5e0a,False,4,/mnt/chenpeijian/autodrive/StreetWorld/lead/3rd_party/navsim_workspace/dataset/maps does not exist!
46e5a6cf37de5493,False,4,/mnt/chenpeijian/autodrive/StreetWorld/lead/3rd_party/navsim_workspace/dataset/maps does not exist!
472472b9f03a5b8f,False,4,/mnt/chenpeijian/autodrive/StreetWorld/lead/3rd_party/navsim_workspace/dataset/maps does not exist!
4750f239602d5627,False,4,/mnt/chenpeijian/autodrive/StreetWorld/lead/3rd_party/navsim_workspace/dataset/maps does not exist!
476c5597de1b5455,False,4,/mnt/chenpeijian/autodrive/StreetWorld/lead/3rd_party/navsim_workspace/dataset/maps does not exist!
47c92818d9005eea,False,4,/mnt/chenpeijian/autodrive/StreetWorld/lead/3rd_party/navsim_workspace/dataset/maps does not exist!
47f76d2da48f57ba,False,4,/mnt/chenpeijian/autodrive/StreetWorld/lead/3rd_party/navsim_workspace/dataset/maps does not exist!
482601c870805c11,False,4,/mnt/chenpeijian/autodrive/StreetWorld/lead/3rd_party/navsim_workspace/dataset/maps does not exist!
484acea96ad3506a,False,4,/mnt/chenpeijian/autodrive/StreetWorld/lead/3rd_party/navsim_workspace/dataset/maps does not exist!
48762908e4705b55,False,4,/mnt/chenpeijian/autodrive/StreetWorld/lead/3rd_party/navsim_workspace/dataset/maps does not exist!
48a547f135595df8,False,4,/mnt/chenpeijian/autodrive/StreetWorld/lead/3rd_party/navsim_workspace/dataset/maps does not exist!
48e14ad3c65c5156,False,4,/mnt/chenpeijian/autodrive/StreetWorld/lead/3rd_party/navsim_workspace/dataset/maps does not exist!
4900cab7493059e2,False,4,/mnt/chenpeijian/autodrive/StreetWorld/lead/3rd_party/navsim_workspace/dataset/maps does not exist!
4925a678992c5726,False,4,/mnt/chenpeijian/autodrive/StreetWorld/lead/3rd_party/navsim_workspace/dataset/maps does not exist!
4972962184a75fa7,False,4,/mnt/chenpeijian/autodrive/StreetWorld/lead/3rd_party/navsim_workspace/dataset/maps does not exist!
49ae6840ff7f5e91,False,4,/mnt/chenpeijian/autodrive/StreetWorld/lead/3rd_party/navsim_workspace/dataset/maps does not exist!
49d00c5507175e01,False,4,/mnt/chenpeijian/autodrive/StreetWorld/lead/3rd_party/navsim_workspace/dataset/maps does not exist!
49f69d3d75b65659,False,4,/mnt/chenpeijian/autodrive/StreetWorld/lead/3rd_party/navsim_workspace/dataset/maps does not exist!
4a29aee6f5bd5073,False,4,/mnt/chenpeijian/autodrive/StreetWorld/lead/3rd_party/navsim_workspace/dataset/maps does not exist!
4a55d9d08b7752e8,False,4,/mnt/chenpeijian/autodrive/StreetWorld/lead/3rd_party/navsim_workspace/dataset/maps does not exist!
4a7fd1bd37ed5463,False,4,/mnt/chenpeijian/autodrive/StreetWorld/lead/3rd_party/navsim_workspace/dataset/maps does not exist!
4abad0cd5fee5f43,False,4,/mnt/chenpeijian/autodrive/StreetWorld/lead/3rd_party/navsim_workspace/dataset/maps does not exist!
4acd373578e357d1,False,4,/mnt/chenpeijian/autodrive/StreetWorld/lead/3rd_party/navsim_workspace/dataset/maps does not exist!
4afad5f528f45dfe,False,4,/mnt/chenpeijian/autodrive/StreetWorld/lead/3rd_party/navsim_workspace/dataset/maps does not exist!
4b3d6fc60b815701,False,4,/mnt/chenpeijian/autodrive/StreetWorld/lead/3rd_party/navsim_workspace/dataset/maps does not exist!
4b5846fcc3725b95,False,4,/mnt/chenpeijian/autodrive/StreetWorld/lead/3rd_party/navsim_workspace/dataset/maps does not exist!
4b6b5bac92ae5f56,False,4,/mnt/chenpeijian/autodrive/StreetWorld/lead/3rd_party/navsim_workspace/dataset/maps does not exist!
4b9402651fd85547,False,4,/mnt/chenpeijian/autodrive/StreetWorld/lead/3rd_party/navsim_workspace/dataset/maps does not exist!
4bb645483bf4594a,False,4,/mnt/chenpeijian/autodrive/StreetWorld/lead/3rd_party/navsim_workspace/dataset/maps does not exist!
4bda94d100d65f0d,False,4,/mnt/chenpeijian/autodrive/StreetWorld/lead/3rd_party/navsim_workspace/dataset/maps does not exist!
4c111cf640f258b4,False,4,/mnt/chenpeijian/autodrive/StreetWorld/lead/3rd_party/navsim_workspace/dataset/maps does not exist!
4c5c196977b255f5,False,4,/mnt/chenpeijian/autodrive/StreetWorld/lead/3rd_party/navsim_workspace/dataset/maps does not exist!
4cb4fba2908b5dbb,False,4,/mnt/chenpeijian/autodrive/StreetWorld/lead/3rd_party/navsim_workspace/dataset/maps does not exist!
4ccda56c15a55d57,False,4,/mnt/chenpeijian/autodrive/StreetWorld/lead/3rd_party/navsim_workspace/dataset/maps does not exist!
4ceb0bc19e0f57d5,False,4,/mnt/chenpeijian/autodrive/StreetWorld/lead/3rd_party/navsim_workspace/dataset/maps does not exist!
4d0c174b077e5603,False,4,/mnt/chenpeijian/autodrive/StreetWorld/lead/3rd_party/navsim_workspace/dataset/maps does not exist!
4d2fceb0b30f59cd,False,4,/mnt/chenpeijian/autodrive/StreetWorld/lead/3rd_party/navsim_workspace/dataset/maps does not exist!
4d50c69f430850a0,False,4,/mnt/chenpeijian/autodrive/StreetWorld/lead/3rd_party/navsim_workspace/dataset/maps does not exist!
4d88ae43c2f55d96,False,4,/mnt/chenpeijian/autodrive/StreetWorld/lead/3rd_party/navsim_workspace/dataset/maps does not exist!
4db50b60ca1f57f1,False,4,/mnt/chenpeijian/autodrive/StreetWorld/lead/3rd_party/navsim_workspace/dataset/maps does not exist!
4dd55e4b78955eca,False,4,/mnt/chenpeijian/autodrive/StreetWorld/lead/3rd_party/navsim_workspace/dataset/maps does not exist!
4de864abe4f255bd,False,4,/mnt/chenpeijian/autodrive/StreetWorld/lead/3rd_party/navsim_workspace/dataset/maps does not exist!
4e2c083182d75cc1,False,4,/mnt/chenpeijian/autodrive/StreetWorld/lead/3rd_party/navsim_workspace/dataset/maps does not exist!
4e52fd2c46fa5a3f,False,4,/mnt/chenpeijian/autodrive/StreetWorld/lead/3rd_party/navsim_workspace/dataset/maps does not exist!
4e9b792f30975e78,False,4,/mnt/chenpeijian/autodrive/StreetWorld/lead/3rd_party/navsim_workspace/dataset/maps does not exist!
4ee4ab24a93f5375,False,4,/mnt/chenpeijian/autodrive/StreetWorld/lead/3rd_party/navsim_workspace/dataset/maps does not exist!
4f37ec7f0ac75960,False,4,/mnt/chenpeijian/autodrive/StreetWorld/lead/3rd_party/navsim_workspace/dataset/maps does not exist!
4f67484c73e2503a,False,4,/mnt/chenpeijian/autodrive/StreetWorld/lead/3rd_party/navsim_workspace/dataset/maps does not exist!
4f8fc653ac98588e,False,4,/mnt/chenpeijian/autodrive/StreetWorld/lead/3rd_party/navsim_workspace/dataset/maps does not exist!
4fc373052fb55899,False,4,/mnt/chenpeijian/autodrive/StreetWorld/lead/3rd_party/navsim_workspace/dataset/maps does not exist!
5012cae5e4fc57a1,False,4,/mnt/chenpeijian/autodrive/StreetWorld/lead/3rd_party/navsim_workspace/dataset/maps does not exist!
5027a61161365407,False,4,/mnt/chenpeijian/autodrive/StreetWorld/lead/3rd_party/navsim_workspace/dataset/maps does not exist!
50676507e4e2554f,False,4,/mnt/chenpeijian/autodrive/StreetWorld/lead/3rd_party/navsim_workspace/dataset/maps does not exist!
5085749584aa5377,False,4,/mnt/chenpeijian/autodrive/StreetWorld/lead/3rd_party/navsim_workspace/dataset/maps does not exist!
50aa287e430e5ab3,False,4,/mnt/chenpeijian/autodrive/StreetWorld/lead/3rd_party/navsim_workspace/dataset/maps does not exist!
50eebed7d9655bb5,False,4,/mnt/chenpeijian/autodrive/StreetWorld/lead/3rd_party/navsim_workspace/dataset/maps does not exist!
513ac26c90be51d0,False,4,/mnt/chenpeijian/autodrive/StreetWorld/lead/3rd_party/navsim_workspace/dataset/maps does not exist!
5167871fd80b575d,False,4,/mnt/chenpeijian/autodrive/StreetWorld/lead/3rd_party/navsim_workspace/dataset/maps does not exist!
51bf8103b6cd5b4c,False,4,/mnt/chenpeijian/autodrive/StreetWorld/lead/3rd_party/navsim_workspace/dataset/maps does not exist!
52094c2441105f4d,False,4,/mnt/chenpeijian/autodrive/StreetWorld/lead/3rd_party/navsim_workspace/dataset/maps does not exist!
522894525b4e5168,False,4,/mnt/chenpeijian/autodrive/StreetWorld/lead/3rd_party/navsim_workspace/dataset/maps does not exist!
524ca5715b155976,False,4,/mnt/chenpeijian/autodrive/StreetWorld/lead/3rd_party/navsim_workspace/dataset/maps does not exist!
52761f4f68355373,False,4,/mnt/chenpeijian/autodrive/StreetWorld/lead/3rd_party/navsim_workspace/dataset/maps does not exist!
52ab5e0a4e075cad,False,4,/mnt/chenpeijian/autodrive/StreetWorld/lead/3rd_party/navsim_workspace/dataset/maps does not exist!
52c6827af61d5b87,False,4,/mnt/chenpeijian/autodrive/StreetWorld/lead/3rd_party/navsim_workspace/dataset/maps does not exist!
52e0d1590e0e529d,False,4,/mnt/chenpeijian/autodrive/StreetWorld/lead/3rd_party/navsim_workspace/dataset/maps does not exist!
52fb49766a14554c,False,4,/mnt/chenpeijian/autodrive/StreetWorld/lead/3rd_party/navsim_workspace/dataset/maps does not exist!
533c27383d335f4f,False,4,/mnt/chenpeijian/autodrive/StreetWorld/lead/3rd_party/navsim_workspace/dataset/maps does not exist!
5350c9f947cb5482,False,4,/mnt/chenpeijian/autodrive/StreetWorld/lead/3rd_party/navsim_workspace/dataset/maps does not exist!
537935a8e7b653f2,False,4,/mnt/chenpeijian/autodrive/StreetWorld/lead/3rd_party/navsim_workspace/dataset/maps does not exist!
53c908f42e685998,False,4,/mnt/chenpeijian/autodrive/StreetWorld/lead/3rd_party/navsim_workspace/dataset/maps does not exist!
540098f126795a8c,False,4,/mnt/chenpeijian/autodrive/StreetWorld/lead/3rd_party/navsim_workspace/dataset/maps does not exist!
542304e2baf25357,False,4,/mnt/chenpeijian/autodrive/StreetWorld/lead/3rd_party/navsim_workspace/dataset/maps does not exist!
5469a6a592ef55d0,False,4,/mnt/chenpeijian/autodrive/StreetWorld/lead/3rd_party/navsim_workspace/dataset/maps does not exist!
54a48973672c5352,False,4,/mnt/chenpeijian/autodrive/StreetWorld/lead/3rd_party/navsim_workspace/dataset/maps does not exist!
54b907a5a03b51ef,False,4,/mnt/chenpeijian/autodrive/StreetWorld/lead/3rd_party/navsim_workspace/dataset/maps does not exist!
54e1cb577c0a5f7e,False,4,/mnt/chenpeijian/autodrive/StreetWorld/lead/3rd_party/navsim_workspace/dataset/maps does not exist!
5503e65e815a58c7,False,4,/mnt/chenpeijian/autodrive/StreetWorld/lead/3rd_party/navsim_workspace/dataset/maps does not exist!
5521dd071ee95c1a,False,4,/mnt/chenpeijian/autodrive/StreetWorld/lead/3rd_party/navsim_workspace/dataset/maps does not exist!
5568ad08c60d510f,False,4,/mnt/chenpeijian/autodrive/StreetWorld/lead/3rd_party/navsim_workspace/dataset/maps does not exist!
5593db2f64115fbf,False,4,/mnt/chenpeijian/autodrive/StreetWorld/lead/3rd_party/navsim_workspace/dataset/maps does not exist!
55a584a116ec5e6d,False,4,/mnt/chenpeijian/autodrive/StreetWorld/lead/3rd_party/navsim_workspace/dataset/maps does not exist!
55d6a50a401f52f7,False,4,/mnt/chenpeijian/autodrive/StreetWorld/lead/3rd_party/navsim_workspace/dataset/maps does not exist!
562e11865ef75220,False,4,/mnt/chenpeijian/autodrive/StreetWorld/lead/3rd_party/navsim_workspace/dataset/maps does not exist!
565e485cbedb506f,False,4,/mnt/chenpeijian/autodrive/StreetWorld/lead/3rd_party/navsim_workspace/dataset/maps does not exist!
5671f9e107965dc3,False,4,/mnt/chenpeijian/autodrive/StreetWorld/lead/3rd_party/navsim_workspace/dataset/maps does not exist!
5691c7c24fdd5e16,False,4,/mnt/chenpeijian/autodrive/StreetWorld/lead/3rd_party/navsim_workspace/dataset/maps does not exist!
56acc09e62b45e21,False,4,/mnt/chenpeijian/autodrive/StreetWorld/lead/3rd_party/navsim_workspace/dataset/maps does not exist!
56e1329f01d95164,False,4,/mnt/chenpeijian/autodrive/StreetWorld/lead/3rd_party/navsim_workspace/dataset/maps does not exist!
575317389c085760,False,4,/mnt/chenpeijian/autodrive/StreetWorld/lead/3rd_party/navsim_workspace/dataset/maps does not exist!
578fc7fcef215f0f,False,4,/mnt/chenpeijian/autodrive/StreetWorld/lead/3rd_party/navsim_workspace/dataset/maps does not exist!
57b2cc25579a5885,False,4,/mnt/chenpeijian/autodrive/StreetWorld/lead/3rd_party/navsim_workspace/dataset/maps does not exist!
57fc7e48f73a5218,False,4,/mnt/chenpeijian/autodrive/StreetWorld/lead/3rd_party/navsim_workspace/dataset/maps does not exist!
581b5ae61b1c569d,False,4,/mnt/chenpeijian/autodrive/StreetWorld/lead/3rd_party/navsim_workspace/dataset/maps does not exist!
584c0bd68dbb55e9,False,4,/mnt/chenpeijian/autodrive/StreetWorld/lead/3rd_party/navsim_workspace/dataset/maps does not exist!
586c5b66ad8158ee,False,4,/mnt/chenpeijian/autodrive/StreetWorld/lead/3rd_party/navsim_workspace/dataset/maps does not exist!
589acfd69c38539a,False,4,/mnt/chenpeijian/autodrive/StreetWorld/lead/3rd_party/navsim_workspace/dataset/maps does not exist!
58b6d3046d18508e,False,4,/mnt/chenpeijian/autodrive/StreetWorld/lead/3rd_party/navsim_workspace/dataset/maps does not exist!
59159c92e5d9571d,False,4,/mnt/chenpeijian/autodrive/StreetWorld/lead/3rd_party/navsim_workspace/dataset/maps does not exist!
59402b7bd60b5da7,False,4,/mnt/chenpeijian/autodrive/StreetWorld/lead/3rd_party/navsim_workspace/dataset/maps does not exist!
595909c413ac56dd,False,4,/mnt/chenpeijian/autodrive/StreetWorld/lead/3rd_party/navsim_workspace/dataset/maps does not exist!
597f506bb5fd5a83,False,4,/mnt/chenpeijian/autodrive/StreetWorld/lead/3rd_party/navsim_workspace/dataset/maps does not exist!
59a1d448fbdf53f6,False,4,/mnt/chenpeijian/autodrive/StreetWorld/lead/3rd_party/navsim_workspace/dataset/maps does not exist!
59c3714116c25a7c,False,4,/mnt/chenpeijian/autodrive/StreetWorld/lead/3rd_party/navsim_workspace/dataset/maps does not exist!
59f118e966905d1e,False,4,/mnt/chenpeijian/autodrive/StreetWorld/lead/3rd_party/navsim_workspace/dataset/maps does not exist!
5a1f551705995574,False,4,/mnt/chenpeijian/autodrive/StreetWorld/lead/3rd_party/navsim_workspace/dataset/maps does not exist!
5a454b4d1c535366,False,4,/mnt/chenpeijian/autodrive/StreetWorld/lead/3rd_party/navsim_workspace/dataset/maps does not exist!
5a7acfd6f26553f9,False,4,/mnt/chenpeijian/autodrive/StreetWorld/lead/3rd_party/navsim_workspace/dataset/maps does not exist!
5aa4b6dc8f0759b5,False,4,/mnt/chenpeijian/autodrive/StreetWorld/lead/3rd_party/navsim_workspace/dataset/maps does not exist!
5abe25231fd05639,False,4,/mnt/chenpeijian/autodrive/StreetWorld/lead/3rd_party/navsim_workspace/dataset/maps does not exist!
5ae3a0ab54a950d7,False,4,/mnt/chenpeijian/autodrive/StreetWorld/lead/3rd_party/navsim_workspace/dataset/maps does not exist!
5b20163cab175e68,False,4,/mnt/chenpeijian/autodrive/StreetWorld/lead/3rd_party/navsim_workspace/dataset/maps does not exist!
5b3f41f636aa5136,False,4,/mnt/chenpeijian/autodrive/StreetWorld/lead/3rd_party/navsim_workspace/dataset/maps does not exist!
5b7d7e1a42c95cd7,False,4,/mnt/chenpeijian/autodrive/StreetWorld/lead/3rd_party/navsim_workspace/dataset/maps does not exist!
5bc7217fee5c5fc5,False,4,/mnt/chenpeijian/autodrive/StreetWorld/lead/3rd_party/navsim_workspace/dataset/maps does not exist!
5c162b0d30f35b55,False,4,/mnt/chenpeijian/autodrive/StreetWorld/lead/3rd_party/navsim_workspace/dataset/maps does not exist!
5c5f0c06d7035bb7,False,4,/mnt/chenpeijian/autodrive/StreetWorld/lead/3rd_party/navsim_workspace/dataset/maps does not exist!
5c9d51dc830453c5,False,4,/mnt/chenpeijian/autodrive/StreetWorld/lead/3rd_party/navsim_workspace/dataset/maps does not exist!
5cdca96b002d5331,False,4,/mnt/chenpeijian/autodrive/StreetWorld/lead/3rd_party/navsim_workspace/dataset/maps does not exist!
5d004fb36ca95fa0,False,4,/mnt/chenpeijian/autodrive/StreetWorld/lead/3rd_party/navsim_workspace/dataset/maps does not exist!
5d5d1442b83d5c5c,False,4,/mnt/chenpeijian/autodrive/StreetWorld/lead/3rd_party/navsim_workspace/dataset/maps does not exist!
5d7fa55b96075e5c,False,4,/mnt/chenpeijian/autodrive/StreetWorld/lead/3rd_party/navsim_workspace/dataset/maps does not exist!
5dca8b6e3d2a5c2d,False,4,/mnt/chenpeijian/autodrive/StreetWorld/lead/3rd_party/navsim_workspace/dataset/maps does not exist!
5e25570a2f725a17,False,4,/mnt/chenpeijian/autodrive/StreetWorld/lead/3rd_party/navsim_workspace/dataset/maps does not exist!
5e5a77fb1990565b,False,4,/mnt/chenpeijian/autodrive/StreetWorld/lead/3rd_party/navsim_workspace/dataset/maps does not exist!
5ea36cebd2575b16,False,4,/mnt/chenpeijian/autodrive/StreetWorld/lead/3rd_party/navsim_workspace/dataset/maps does not exist!
5f09264f730f5366,False,4,/mnt/chenpeijian/autodrive/StreetWorld/lead/3rd_party/navsim_workspace/dataset/maps does not exist!
5f78b2fcada85eef,False,4,/mnt/chenpeijian/autodrive/StreetWorld/lead/3rd_party/navsim_workspace/dataset/maps does not exist!
5fe40d882c3b545f,False,4,/mnt/chenpeijian/autodrive/StreetWorld/lead/3rd_party/navsim_workspace/dataset/maps does not exist!
6012210b020c53a9,False,4,/mnt/chenpeijian/autodrive/StreetWorld/lead/3rd_party/navsim_workspace/dataset/maps does not exist!
603d4a913f315a41,False,4,/mnt/chenpeijian/autodrive/StreetWorld/lead/3rd_party/navsim_workspace/dataset/maps does not exist!
6062e3ace278511a,False,4,/mnt/chenpeijian/autodrive/StreetWorld/lead/3rd_party/navsim_workspace/dataset/maps does not exist!
60826aa0bcfc5225,False,4,/mnt/chenpeijian/autodrive/StreetWorld/lead/3rd_party/navsim_workspace/dataset/maps does not exist!
60a560bfff6f528b,False,4,/mnt/chenpeijian/autodrive/StreetWorld/lead/3rd_party/navsim_workspace/dataset/maps does not exist!
60e35d8a323b5b5f,False,4,/mnt/chenpeijian/autodrive/StreetWorld/lead/3rd_party/navsim_workspace/dataset/maps does not exist!
60fbe2351f325132,False,4,/mnt/chenpeijian/autodrive/StreetWorld/lead/3rd_party/navsim_workspace/dataset/maps does not exist!
611a1729dd145afb,False,4,/mnt/chenpeijian/autodrive/StreetWorld/lead/3rd_party/navsim_workspace/dataset/maps does not exist!
612903ce91a2507c,False,4,/mnt/chenpeijian/autodrive/StreetWorld/lead/3rd_party/navsim_workspace/dataset/maps does not exist!
614a0b6a482455af,False,4,/mnt/chenpeijian/autodrive/StreetWorld/lead/3rd_party/navsim_workspace/dataset/maps does not exist!
6157148c5fa25838,False,4,/mnt/chenpeijian/autodrive/StreetWorld/lead/3rd_party/navsim_workspace/dataset/maps does not exist!
616fa9b07f5653ef,False,4,/mnt/chenpeijian/autodrive/StreetWorld/lead/3rd_party/navsim_workspace/dataset/maps does not exist!
618e368153135092,False,4,/mnt/chenpeijian/autodrive/StreetWorld/lead/3rd_party/navsim_workspace/dataset/maps does not exist!
61b108df4a5f53fb,False,4,/mnt/chenpeijian/autodrive/StreetWorld/lead/3rd_party/navsim_workspace/dataset/maps does not exist!
61c675d850d75cd1,False,4,/mnt/chenpeijian/autodrive/StreetWorld/lead/3rd_party/navsim_workspace/dataset/maps does not exist!
62013ac84b3a57e5,False,4,/mnt/chenpeijian/autodrive/StreetWorld/lead/3rd_party/navsim_workspace/dataset/maps does not exist!
6227e5b0f0d4592e,False,4,/mnt/chenpeijian/autodrive/StreetWorld/lead/3rd_party/navsim_workspace/dataset/maps does not exist!
62462203db6b5ba5,False,4,/mnt/chenpeijian/autodrive/StreetWorld/lead/3rd_party/navsim_workspace/dataset/maps does not exist!
625804443c0555ac,False,4,/mnt/chenpeijian/autodrive/StreetWorld/lead/3rd_party/navsim_workspace/dataset/maps does not exist!
6292d2ef6730548d,False,4,/mnt/chenpeijian/autodrive/StreetWorld/lead/3rd_party/navsim_workspace/dataset/maps does not exist!
62a97d527fd45916,False,4,/mnt/chenpeijian/autodrive/StreetWorld/lead/3rd_party/navsim_workspace/dataset/maps does not exist!
62eac0a6b7e05fbf,False,4,/mnt/chenpeijian/autodrive/StreetWorld/lead/3rd_party/navsim_workspace/dataset/maps does not exist!
6316ea076a0e597f,False,4,/mnt/chenpeijian/autodrive/StreetWorld/lead/3rd_party/navsim_workspace/dataset/maps does not exist!
6350e3b4ec0a59dc,False,4,/mnt/chenpeijian/autodrive/StreetWorld/lead/3rd_party/navsim_workspace/dataset/maps does not exist!
6363aa6d3d715e03,False,4,/mnt/chenpeijian/autodrive/StreetWorld/lead/3rd_party/navsim_workspace/dataset/maps does not exist!
6389fb6f9d675e3b,False,4,/mnt/chenpeijian/autodrive/StreetWorld/lead/3rd_party/navsim_workspace/dataset/maps does not exist!
63a48cda986b569b,False,4,/mnt/chenpeijian/autodrive/StreetWorld/lead/3rd_party/navsim_workspace/dataset/maps does not exist!
63c33ef5af265f74,False,4,/mnt/chenpeijian/autodrive/StreetWorld/lead/3rd_party/navsim_workspace/dataset/maps does not exist!
6404a27bddb85488,False,4,/mnt/chenpeijian/autodrive/StreetWorld/lead/3rd_party/navsim_workspace/dataset/maps does not exist!
644b16fd65f956b8,False,4,/mnt/chenpeijian/autodrive/StreetWorld/lead/3rd_party/navsim_workspace/dataset/maps does not exist!
647a42b4e5075f16,False,4,/mnt/chenpeijian/autodrive/StreetWorld/lead/3rd_party/navsim_workspace/dataset/maps does not exist!
648b875dc34259c2,False,4,/mnt/chenpeijian/autodrive/StreetWorld/lead/3rd_party/navsim_workspace/dataset/maps does not exist!
64a417561b53530f,False,4,/mnt/chenpeijian/autodrive/StreetWorld/lead/3rd_party/navsim_workspace/dataset/maps does not exist!
64f47c2f2c7754cb,False,4,/mnt/chenpeijian/autodrive/StreetWorld/lead/3rd_party/navsim_workspace/dataset/maps does not exist!
65271f4c14985330,False,4,/mnt/chenpeijian/autodrive/StreetWorld/lead/3rd_party/navsim_workspace/dataset/maps does not exist!
6544f1c9668c58c3,False,4,/mnt/chenpeijian/autodrive/StreetWorld/lead/3rd_party/navsim_workspace/dataset/maps does not exist!
65612a858cc756b3,False,4,/mnt/chenpeijian/autodrive/StreetWorld/lead/3rd_party/navsim_workspace/dataset/maps does not exist!
65b16bfce348521f,False,4,/mnt/chenpeijian/autodrive/StreetWorld/lead/3rd_party/navsim_workspace/dataset/maps does not exist!
65d2b64fb7375094,False,4,/mnt/chenpeijian/autodrive/StreetWorld/lead/3rd_party/navsim_workspace/dataset/maps does not exist!
660e14c77a1c550b,False,4,/mnt/chenpeijian/autodrive/StreetWorld/lead/3rd_party/navsim_workspace/dataset/maps does not exist!
661d0a5bf2735f03,False,4,/mnt/chenpeijian/autodrive/StreetWorld/lead/3rd_party/navsim_workspace/dataset/maps does not exist!
6639fa7905a3599b,False,4,/mnt/chenpeijian/autodrive/StreetWorld/lead/3rd_party/navsim_workspace/dataset/maps does not exist!
666e41a5d36c50cc,False,4,/mnt/chenpeijian/autodrive/StreetWorld/lead/3rd_party/navsim_workspace/dataset/maps does not exist!
66908680155c550a,False,4,/mnt/chenpeijian/autodrive/StreetWorld/lead/3rd_party/navsim_workspace/dataset/maps does not exist!
66b9427f41385b55,False,4,/mnt/chenpeijian/autodrive/StreetWorld/lead/3rd_party/navsim_workspace/dataset/maps does not exist!
66dca10d8f315889,False,4,/mnt/chenpeijian/autodrive/StreetWorld/lead/3rd_party/navsim_workspace/dataset/maps does not exist!
66fff80a93805b34,False,4,/mnt/chenpeijian/autodrive/StreetWorld/lead/3rd_party/navsim_workspace/dataset/maps does not exist!
67339e7fe4135722,False,4,/mnt/chenpeijian/autodrive/StreetWorld/lead/3rd_party/navsim_workspace/dataset/maps does not exist!
674ebcb39a4d528f,False,4,/mnt/chenpeijian/autodrive/StreetWorld/lead/3rd_party/navsim_workspace/dataset/maps does not exist!
6782b9c3686f58f3,False,4,/mnt/chenpeijian/autodrive/StreetWorld/lead/3rd_party/navsim_workspace/dataset/maps does not exist!
67d74f48ba2a548e,False,4,/mnt/chenpeijian/autodrive/StreetWorld/lead/3rd_party/navsim_workspace/dataset/maps does not exist!
680f4753a59c5a24,False,4,/mnt/chenpeijian/autodrive/StreetWorld/lead/3rd_party/navsim_workspace/dataset/maps does not exist!
6829197915d25514,False,4,/mnt/chenpeijian/autodrive/StreetWorld/lead/3rd_party/navsim_workspace/dataset/maps does not exist!
68513836ad24543b,False,4,/mnt/chenpeijian/autodrive/StreetWorld/lead/3rd_party/navsim_workspace/dataset/maps does not exist!
687dc7e79cf65570,False,4,/mnt/chenpeijian/autodrive/StreetWorld/lead/3rd_party/navsim_workspace/dataset/maps does not exist!
6894aab92b0058dd,False,4,/mnt/chenpeijian/autodrive/StreetWorld/lead/3rd_party/navsim_workspace/dataset/maps does not exist!
68ba851239655c3a,False,4,/mnt/chenpeijian/autodrive/StreetWorld/lead/3rd_party/navsim_workspace/dataset/maps does not exist!
68d4846662cd53c3,False,4,/mnt/chenpeijian/autodrive/StreetWorld/lead/3rd_party/navsim_workspace/dataset/maps does not exist!
690e07e19bf55c7c,False,4,/mnt/chenpeijian/autodrive/StreetWorld/lead/3rd_party/navsim_workspace/dataset/maps does not exist!
6919975cab1c5345,False,4,/mnt/chenpeijian/autodrive/StreetWorld/lead/3rd_party/navsim_workspace/dataset/maps does not exist!
69575edb6db5507f,False,4,/mnt/chenpeijian/autodrive/StreetWorld/lead/3rd_party/navsim_workspace/dataset/maps does not exist!
697882c22eb65ca7,False,4,/mnt/chenpeijian/autodrive/StreetWorld/lead/3rd_party/navsim_workspace/dataset/maps does not exist!
69a4cff1f35655ff,False,4,/mnt/chenpeijian/autodrive/StreetWorld/lead/3rd_party/navsim_workspace/dataset/maps does not exist!
69bcdc8c577252f4,False,4,/mnt/chenpeijian/autodrive/StreetWorld/lead/3rd_party/navsim_workspace/dataset/maps does not exist!
69dcc80901db5a29,False,4,/mnt/chenpeijian/autodrive/StreetWorld/lead/3rd_party/navsim_workspace/dataset/maps does not exist!
69ed5efe731251d0,False,4,/mnt/chenpeijian/autodrive/StreetWorld/lead/3rd_party/navsim_workspace/dataset/maps does not exist!
6a2adb1da8dd53f3,False,4,/mnt/chenpeijian/autodrive/StreetWorld/lead/3rd_party/navsim_workspace/dataset/maps does not exist!
6a5d6dff67a45a95,False,4,/mnt/chenpeijian/autodrive/StreetWorld/lead/3rd_party/navsim_workspace/dataset/maps does not exist!
6a934e9ad62352ee,False,4,/mnt/chenpeijian/autodrive/StreetWorld/lead/3rd_party/navsim_workspace/dataset/maps does not exist!
6aaf052582e35b0c,False,4,/mnt/chenpeijian/autodrive/StreetWorld/lead/3rd_party/navsim_workspace/dataset/maps does not exist!
6b0d21782a3b5a22,False,4,/mnt/chenpeijian/autodrive/StreetWorld/lead/3rd_party/navsim_workspace/dataset/maps does not exist!
6b50fb6bf8265936,False,4,/mnt/chenpeijian/autodrive/StreetWorld/lead/3rd_party/navsim_workspace/dataset/maps does not exist!
6b8774b008675f8d,False,4,/mnt/chenpeijian/autodrive/StreetWorld/lead/3rd_party/navsim_workspace/dataset/maps does not exist!
6ba5ed2f323f53e2,False,4,/mnt/chenpeijian/autodrive/StreetWorld/lead/3rd_party/navsim_workspace/dataset/maps does not exist!
6be41ab63cf05b6e,False,4,/mnt/chenpeijian/autodrive/StreetWorld/lead/3rd_party/navsim_workspace/dataset/maps does not exist!
6c3a055d6ac15aa9,False,4,/mnt/chenpeijian/autodrive/StreetWorld/lead/3rd_party/navsim_workspace/dataset/maps does not exist!
6c81fef5b490580a,False,4,/mnt/chenpeijian/autodrive/StreetWorld/lead/3rd_party/navsim_workspace/dataset/maps does not exist!
6c9e40634f705f56,False,4,/mnt/chenpeijian/autodrive/StreetWorld/lead/3rd_party/navsim_workspace/dataset/maps does not exist!
6ce0bfddedef5981,False,4,/mnt/chenpeijian/autodrive/StreetWorld/lead/3rd_party/navsim_workspace/dataset/maps does not exist!
6d3db8abd9ad52eb,False,4,/mnt/chenpeijian/autodrive/StreetWorld/lead/3rd_party/navsim_workspace/dataset/maps does not exist!
6d66b095f93750f7,False,4,/mnt/chenpeijian/autodrive/StreetWorld/lead/3rd_party/navsim_workspace/dataset/maps does not exist!
6d83f0adc26e5ee5,False,4,/mnt/chenpeijian/autodrive/StreetWorld/lead/3rd_party/navsim_workspace/dataset/maps does not exist!
6d9b7998b38a52a3,False,4,/mnt/chenpeijian/autodrive/StreetWorld/lead/3rd_party/navsim_workspace/dataset/maps does not exist!
6dcd43697e01597d,False,4,/mnt/chenpeijian/autodrive/StreetWorld/lead/3rd_party/navsim_workspace/dataset/maps does not exist!
6df712116b7353cc,False,4,/mnt/chenpeijian/autodrive/StreetWorld/lead/3rd_party/navsim_workspace/dataset/maps does not exist!
6e3c7a34388e5ae3,False,4,/mnt/chenpeijian/autodrive/StreetWorld/lead/3rd_party/navsim_workspace/dataset/maps does not exist!
6e821a856fe45177,False,4,/mnt/chenpeijian/autodrive/StreetWorld/lead/3rd_party/navsim_workspace/dataset/maps does not exist!
6eac1c0e2bbd57bb,False,4,/mnt/chenpeijian/autodrive/StreetWorld/lead/3rd_party/navsim_workspace/dataset/maps does not exist!
6ed328b05b54553e,False,4,/mnt/chenpeijian/autodrive/StreetWorld/lead/3rd_party/navsim_workspace/dataset/maps does not exist!
6f0e15842e1b5924,False,4,/mnt/chenpeijian/autodrive/StreetWorld/lead/3rd_party/navsim_workspace/dataset/maps does not exist!
6f2f0885518356ef,False,4,/mnt/chenpeijian/autodrive/StreetWorld/lead/3rd_party/navsim_workspace/dataset/maps does not exist!
6f6d4e85ebdb5013,False,4,/mnt/chenpeijian/autodrive/StreetWorld/lead/3rd_party/navsim_workspace/dataset/maps does not exist!
6f8a5e89c0325aa8,False,4,/mnt/chenpeijian/autodrive/StreetWorld/lead/3rd_party/navsim_workspace/dataset/maps does not exist!
6fc2a1e0a7915147,False,4,/mnt/chenpeijian/autodrive/StreetWorld/lead/3rd_party/navsim_workspace/dataset/maps does not exist!
6ff86f7f95cb502a,False,4,/mnt/chenpeijian/autodrive/StreetWorld/lead/3rd_party/navsim_workspace/dataset/maps does not exist!
702320a088cf5d53,False,4,/mnt/chenpeijian/autodrive/StreetWorld/lead/3rd_party/navsim_workspace/dataset/maps does not exist!
70645140f08352ca,False,4,/mnt/chenpeijian/autodrive/StreetWorld/lead/3rd_party/navsim_workspace/dataset/maps does not exist!
70ac542a408b5b93,False,4,/mnt/chenpeijian/autodrive/StreetWorld/lead/3rd_party/navsim_workspace/dataset/maps does not exist!
70bf5f0d100d580f,False,4,/mnt/chenpeijian/autodrive/StreetWorld/lead/3rd_party/navsim_workspace/dataset/maps does not exist!
70f3a3d098bf5381,False,4,/mnt/chenpeijian/autodrive/StreetWorld/lead/3rd_party/navsim_workspace/dataset/maps does not exist!
712475eda7975c99,False,4,/mnt/chenpeijian/autodrive/StreetWorld/lead/3rd_party/navsim_workspace/dataset/maps does not exist!
7145c064885a53c4,False,4,/mnt/chenpeijian/autodrive/StreetWorld/lead/3rd_party/navsim_workspace/dataset/maps does not exist!
7178178922315ef7,False,4,/mnt/chenpeijian/autodrive/StreetWorld/lead/3rd_party/navsim_workspace/dataset/maps does not exist!
71adcc94aa6856a6,False,4,/mnt/chenpeijian/autodrive/StreetWorld/lead/3rd_party/navsim_workspace/dataset/maps does not exist!
71fefe3bc0f0591e,False,4,/mnt/chenpeijian/autodrive/StreetWorld/lead/3rd_party/navsim_workspace/dataset/maps does not exist!
725b2a708c8e55f1,False,4,/mnt/chenpeijian/autodrive/StreetWorld/lead/3rd_party/navsim_workspace/dataset/maps does not exist!
72808a9b1e7f5f15,False,4,/mnt/chenpeijian/autodrive/StreetWorld/lead/3rd_party/navsim_workspace/dataset/maps does not exist!
72a9c8aa9d1a580c,False,4,/mnt/chenpeijian/autodrive/StreetWorld/lead/3rd_party/navsim_workspace/dataset/maps does not exist!
72cccfbb9c6f5e9e,False,4,/mnt/chenpeijian/autodrive/StreetWorld/lead/3rd_party/navsim_workspace/dataset/maps does not exist!
7316c116f05d57a5,False,4,/mnt/chenpeijian/autodrive/StreetWorld/lead/3rd_party/navsim_workspace/dataset/maps does not exist!
7335659408525112,False,4,/mnt/chenpeijian/autodrive/StreetWorld/lead/3rd_party/navsim_workspace/dataset/maps does not exist!
7385c74727eb53b5,False,4,/mnt/chenpeijian/autodrive/StreetWorld/lead/3rd_party/navsim_workspace/dataset/maps does not exist!
73bf16c0312158a2,False,4,/mnt/chenpeijian/autodrive/StreetWorld/lead/3rd_party/navsim_workspace/dataset/maps does not exist!
73f2ce543024548e,False,4,/mnt/chenpeijian/autodrive/StreetWorld/lead/3rd_party/navsim_workspace/dataset/maps does not exist!
7427658d61b55fb8,False,4,/mnt/chenpeijian/autodrive/StreetWorld/lead/3rd_party/navsim_workspace/dataset/maps does not exist!
74707039ce5550d1,False,4,/mnt/chenpeijian/autodrive/StreetWorld/lead/3rd_party/navsim_workspace/dataset/maps does not exist!
74a397722f465751,False,4,/mnt/chenpeijian/autodrive/StreetWorld/lead/3rd_party/navsim_workspace/dataset/maps does not exist!
74cdabf6dd8e5052,False,4,/mnt/chenpeijian/autodrive/StreetWorld/lead/3rd_party/navsim_workspace/dataset/maps does not exist!
750b8c926ffd5895,False,4,/mnt/chenpeijian/autodrive/StreetWorld/lead/3rd_party/navsim_workspace/dataset/maps does not exist!
75570ebf4f3551c1,False,4,/mnt/chenpeijian/autodrive/StreetWorld/lead/3rd_party/navsim_workspace/dataset/maps does not exist!
75857e1f177b5af4,False,4,/mnt/chenpeijian/autodrive/StreetWorld/lead/3rd_party/navsim_workspace/dataset/maps does not exist!
75b312bbd4e25c17,False,4,/mnt/chenpeijian/autodrive/StreetWorld/lead/3rd_party/navsim_workspace/dataset/maps does not exist!
75d9973be85e50f0,False,4,/mnt/chenpeijian/autodrive/StreetWorld/lead/3rd_party/navsim_workspace/dataset/maps does not exist!
7602fcbad344586a,False,4,/mnt/chenpeijian/autodrive/StreetWorld/lead/3rd_party/navsim_workspace/dataset/maps does not exist!
763821f100605f76,False,4,/mnt/chenpeijian/autodrive/StreetWorld/lead/3rd_party/navsim_workspace/dataset/maps does not exist!
76664d864c4d5595,False,4,/mnt/chenpeijian/autodrive/StreetWorld/lead/3rd_party/navsim_workspace/dataset/maps does not exist!
769b9c472f935b0c,False,4,/mnt/chenpeijian/autodrive/StreetWorld/lead/3rd_party/navsim_workspace/dataset/maps does not exist!
76b708c365e45536,False,4,/mnt/chenpeijian/autodrive/StreetWorld/lead/3rd_party/navsim_workspace/dataset/maps does not exist!
77071a33907c58f2,False,4,/mnt/chenpeijian/autodrive/StreetWorld/lead/3rd_party/navsim_workspace/dataset/maps does not exist!
77218354c5c25657,False,4,/mnt/chenpeijian/autodrive/StreetWorld/lead/3rd_party/navsim_workspace/dataset/maps does not exist!
774160714b7e5ca4,False,4,/mnt/chenpeijian/autodrive/StreetWorld/lead/3rd_party/navsim_workspace/dataset/maps does not exist!
7755fb23f28f5b2f,False,4,/mnt/chenpeijian/autodrive/StreetWorld/lead/3rd_party/navsim_workspace/dataset/maps does not exist!
7767ce3fbd5f5f50,False,4,/mnt/chenpeijian/autodrive/StreetWorld/lead/3rd_party/navsim_workspace/dataset/maps does not exist!
7786cc7e34a05294,False,4,/mnt/chenpeijian/autodrive/StreetWorld/lead/3rd_party/navsim_workspace/dataset/maps does not exist!
77c3cf2f4a1a5f31,False,4,/mnt/chenpeijian/autodrive/StreetWorld/lead/3rd_party/navsim_workspace/dataset/maps does not exist!
77ee60147e0e55b7,False,4,/mnt/chenpeijian/autodrive/StreetWorld/lead/3rd_party/navsim_workspace/dataset/maps does not exist!
782f0fff66145718,False,4,/mnt/chenpeijian/autodrive/StreetWorld/lead/3rd_party/navsim_workspace/dataset/maps does not exist!
786f447064055cfd,False,4,/mnt/chenpeijian/autodrive/StreetWorld/lead/3rd_party/navsim_workspace/dataset/maps does not exist!
78adf1b8ed315c4f,False,4,/mnt/chenpeijian/autodrive/StreetWorld/lead/3rd_party/navsim_workspace/dataset/maps does not exist!
78e3ba9d36dc59a0,False,4,/mnt/chenpeijian/autodrive/StreetWorld/lead/3rd_party/navsim_workspace/dataset/maps does not exist!
7900996a42f35f67,False,4,/mnt/chenpeijian/autodrive/StreetWorld/lead/3rd_party/navsim_workspace/dataset/maps does not exist!
795696bd00095944,False,4,/mnt/chenpeijian/autodrive/StreetWorld/lead/3rd_party/navsim_workspace/dataset/maps does not exist!
7964bed69f7e597e,False,4,/mnt/chenpeijian/autodrive/StreetWorld/lead/3rd_party/navsim_workspace/dataset/maps does not exist!
79984c4826f653fd,False,4,/mnt/chenpeijian/autodrive/StreetWorld/lead/3rd_party/navsim_workspace/dataset/maps does not exist!
79cfc07ef4645c81,False,4,/mnt/chenpeijian/autodrive/StreetWorld/lead/3rd_party/navsim_workspace/dataset/maps does not exist!
79e7ccb136775266,False,4,/mnt/chenpeijian/autodrive/StreetWorld/lead/3rd_party/navsim_workspace/dataset/maps does not exist!
7a1b61727c255889,False,4,/mnt/chenpeijian/autodrive/StreetWorld/lead/3rd_party/navsim_workspace/dataset/maps does not exist!
7a64a496ba815aa8,False,4,/mnt/chenpeijian/autodrive/StreetWorld/lead/3rd_party/navsim_workspace/dataset/maps does not exist!
7ac6ec682a515136,False,4,/mnt/chenpeijian/autodrive/StreetWorld/lead/3rd_party/navsim_workspace/dataset/maps does not exist!
7b22018666ac5b0e,False,4,/mnt/chenpeijian/autodrive/StreetWorld/lead/3rd_party/navsim_workspace/dataset/maps does not exist!
7b4a9abdf718584b,False,4,/mnt/chenpeijian/autodrive/StreetWorld/lead/3rd_party/navsim_workspace/dataset/maps does not exist!
7b7a36c1491a54e2,False,4,/mnt/chenpeijian/autodrive/StreetWorld/lead/3rd_party/navsim_workspace/dataset/maps does not exist!
7bbacd116bd75f85,False,4,/mnt/chenpeijian/autodrive/StreetWorld/lead/3rd_party/navsim_workspace/dataset/maps does not exist!
7be1e4f2c85e50a8,False,4,/mnt/chenpeijian/autodrive/StreetWorld/lead/3rd_party/navsim_workspace/dataset/maps does not exist!
7c42db62ed515a8c,False,4,/mnt/chenpeijian/autodrive/StreetWorld/lead/3rd_party/navsim_workspace/dataset/maps does not exist!
7c7ce7ea08b15930,False,4,/mnt/chenpeijian/autodrive/StreetWorld/lead/3rd_party/navsim_workspace/dataset/maps does not exist!
7cbf7bab041151e1,False,4,/mnt/chenpeijian/autodrive/StreetWorld/lead/3rd_party/navsim_workspace/dataset/maps does not exist!
7cead15dfaab593e,False,4,/mnt/chenpeijian/autodrive/StreetWorld/lead/3rd_party/navsim_workspace/dataset/maps does not exist!
7d368be282b85528,False,4,/mnt/chenpeijian/autodrive/StreetWorld/lead/3rd_party/navsim_workspace/dataset/maps does not exist!
7d51b80c3aa25109,False,4,/mnt/chenpeijian/autodrive/StreetWorld/lead/3rd_party/navsim_workspace/dataset/maps does not exist!
7d6a50d3acb55383,False,4,/mnt/chenpeijian/autodrive/StreetWorld/lead/3rd_party/navsim_workspace/dataset/maps does not exist!
7d80c95c24645b06,False,4,/mnt/chenpeijian/autodrive/StreetWorld/lead/3rd_party/navsim_workspace/dataset/maps does not exist!
7dae0a8be0545755,False,4,/mnt/chenpeijian/autodrive/StreetWorld/lead/3rd_party/navsim_workspace/dataset/maps does not exist!
7defd0c32cd8546a,False,4,/mnt/chenpeijian/autodrive/StreetWorld/lead/3rd_party/navsim_workspace/dataset/maps does not exist!
7e21aeb3afc2592b,False,4,/mnt/chenpeijian/autodrive/StreetWorld/lead/3rd_party/navsim_workspace/dataset/maps does not exist!
7e6d49b500545236,False,4,/mnt/chenpeijian/autodrive/StreetWorld/lead/3rd_party/navsim_workspace/dataset/maps does not exist!
7e8979818a51520e,False,4,/mnt/chenpeijian/autodrive/StreetWorld/lead/3rd_party/navsim_workspace/dataset/maps does not exist!
7eb19d771c975618,False,4,/mnt/chenpeijian/autodrive/StreetWorld/lead/3rd_party/navsim_workspace/dataset/maps does not exist!
7edc6539f71a5a79,False,4,/mnt/chenpeijian/autodrive/StreetWorld/lead/3rd_party/navsim_workspace/dataset/maps does not exist!
7f02ca014f7253db,False,4,/mnt/chenpeijian/autodrive/StreetWorld/lead/3rd_party/navsim_workspace/dataset/maps does not exist!
7f2934ac111854f5,False,4,/mnt/chenpeijian/autodrive/StreetWorld/lead/3rd_party/navsim_workspace/dataset/maps does not exist!
7f9c22da74d35642,False,4,/mnt/chenpeijian/autodrive/StreetWorld/lead/3rd_party/navsim_workspace/dataset/maps does not exist!
7fae2ae6ad895261,False,4,/mnt/chenpeijian/autodrive/StreetWorld/lead/3rd_party/navsim_workspace/dataset/maps does not exist!
7fc46d2957805648,False,4,/mnt/chenpeijian/autodrive/StreetWorld/lead/3rd_party/navsim_workspace/dataset/maps does not exist!
7fd97ff49f5b5761,False,4,/mnt/chenpeijian/autodrive/StreetWorld/lead/3rd_party/navsim_workspace/dataset/maps does not exist!
8013f74ddcf055db,False,4,/mnt/chenpeijian/autodrive/StreetWorld/lead/3rd_party/navsim_workspace/dataset/maps does not exist!
8062fe1c1def5111,False,4,/mnt/chenpeijian/autodrive/StreetWorld/lead/3rd_party/navsim_workspace/dataset/maps does not exist!
807c1ce92e235b11,False,4,/mnt/chenpeijian/autodrive/StreetWorld/lead/3rd_party/navsim_workspace/dataset/maps does not exist!
80c159e90ae755f3,False,4,/mnt/chenpeijian/autodrive/StreetWorld/lead/3rd_party/navsim_workspace/dataset/maps does not exist!
80fb7c16b92856a3,False,4,/mnt/chenpeijian/autodrive/StreetWorld/lead/3rd_party/navsim_workspace/dataset/maps does not exist!
8127022f9d745e8c,False,4,/mnt/chenpeijian/autodrive/StreetWorld/lead/3rd_party/navsim_workspace/dataset/maps does not exist!
814a2807af5f51f7,False,4,/mnt/chenpeijian/autodrive/StreetWorld/lead/3rd_party/navsim_workspace/dataset/maps does not exist!
816a869e91ae5d17,False,4,/mnt/chenpeijian/autodrive/StreetWorld/lead/3rd_party/navsim_workspace/dataset/maps does not exist!
81a726148d245594,False,4,/mnt/chenpeijian/autodrive/StreetWorld/lead/3rd_party/navsim_workspace/dataset/maps does not exist!
81d6a870aab05080,False,4,/mnt/chenpeijian/autodrive/StreetWorld/lead/3rd_party/navsim_workspace/dataset/maps does not exist!
8208f7794645559d,False,4,/mnt/chenpeijian/autodrive/StreetWorld/lead/3rd_party/navsim_workspace/dataset/maps does not exist!
822d92ab3f13502b,False,4,/mnt/chenpeijian/autodrive/StreetWorld/lead/3rd_party/navsim_workspace/dataset/maps does not exist!
82551627c2415e8e,False,4,/mnt/chenpeijian/autodrive/StreetWorld/lead/3rd_party/navsim_workspace/dataset/maps does not exist!
82ab50d6b3ef5a43,False,4,/mnt/chenpeijian/autodrive/StreetWorld/lead/3rd_party/navsim_workspace/dataset/maps does not exist!
82bebb2c1ca55736,False,4,/mnt/chenpeijian/autodrive/StreetWorld/lead/3rd_party/navsim_workspace/dataset/maps does not exist!
82ee38a271b15bb1,False,4,/mnt/chenpeijian/autodrive/StreetWorld/lead/3rd_party/navsim_workspace/dataset/maps does not exist!
83280d03b9995f85,False,4,/mnt/chenpeijian/autodrive/StreetWorld/lead/3rd_party/navsim_workspace/dataset/maps does not exist!
8350f9ff4dcf5e4b,False,4,/mnt/chenpeijian/autodrive/StreetWorld/lead/3rd_party/navsim_workspace/dataset/maps does not exist!
83873a51bef051ac,False,4,/mnt/chenpeijian/autodrive/StreetWorld/lead/3rd_party/navsim_workspace/dataset/maps does not exist!
83aba0a1454c59e4,False,4,/mnt/chenpeijian/autodrive/StreetWorld/lead/3rd_party/navsim_workspace/dataset/maps does not exist!
83d03e995ce55e9b,False,4,/mnt/chenpeijian/autodrive/StreetWorld/lead/3rd_party/navsim_workspace/dataset/maps does not exist!
83e895f722575452,False,4,/mnt/chenpeijian/autodrive/StreetWorld/lead/3rd_party/navsim_workspace/dataset/maps does not exist!
84136b2623ef5618,False,4,/mnt/chenpeijian/autodrive/StreetWorld/lead/3rd_party/navsim_workspace/dataset/maps does not exist!
84409129e8075bca,False,4,/mnt/chenpeijian/autodrive/StreetWorld/lead/3rd_party/navsim_workspace/dataset/maps does not exist!
8470cdca41255e20,False,4,/mnt/chenpeijian/autodrive/StreetWorld/lead/3rd_party/navsim_workspace/dataset/maps does not exist!
84aa4100e3cc59c4,False,4,/mnt/chenpeijian/autodrive/StreetWorld/lead/3rd_party/navsim_workspace/dataset/maps does not exist!
84ec7e450e205d8f,False,4,/mnt/chenpeijian/autodrive/StreetWorld/lead/3rd_party/navsim_workspace/dataset/maps does not exist!
85185d3ba8b35890,False,4,/mnt/chenpeijian/autodrive/StreetWorld/lead/3rd_party/navsim_workspace/dataset/maps does not exist!
8551466c8066505e,False,4,/mnt/chenpeijian/autodrive/StreetWorld/lead/3rd_party/navsim_workspace/dataset/maps does not exist!
85936ccd1b405f4c,False,4,/mnt/chenpeijian/autodrive/StreetWorld/lead/3rd_party/navsim_workspace/dataset/maps does not exist!
85b599a5e238576a,False,4,/mnt/chenpeijian/autodrive/StreetWorld/lead/3rd_party/navsim_workspace/dataset/maps does not exist!
86018dbae1485c1c,False,4,/mnt/chenpeijian/autodrive/StreetWorld/lead/3rd_party/navsim_workspace/dataset/maps does not exist!
8625ec015e075c02,False,4,/mnt/chenpeijian/autodrive/StreetWorld/lead/3rd_party/navsim_workspace/dataset/maps does not exist!
864e62539b8c58f9,False,4,/mnt/chenpeijian/autodrive/StreetWorld/lead/3rd_party/navsim_workspace/dataset/maps does not exist!
866e7ca97d3c5548,False,4,/mnt/chenpeijian/autodrive/StreetWorld/lead/3rd_party/navsim_workspace/dataset/maps does not exist!
868e70f831cb551c,False,4,/mnt/chenpeijian/autodrive/StreetWorld/lead/3rd_party/navsim_workspace/dataset/maps does not exist!
86c897328378504d,False,4,/mnt/chenpeijian/autodrive/StreetWorld/lead/3rd_party/navsim_workspace/dataset/maps does not exist!
86e394f2cb345082,False,4,/mnt/chenpeijian/autodrive/StreetWorld/lead/3rd_party/navsim_workspace/dataset/maps does not exist!
8704f4971e305ed3,False,4,/mnt/chenpeijian/autodrive/StreetWorld/lead/3rd_party/navsim_workspace/dataset/maps does not exist!
8723bbb08b8e5cc8,False,4,/mnt/chenpeijian/autodrive/StreetWorld/lead/3rd_party/navsim_workspace/dataset/maps does not exist!
876aec35f98a5280,False,4,/mnt/chenpeijian/autodrive/StreetWorld/lead/3rd_party/navsim_workspace/dataset/maps does not exist!
87929fb304eb5bcc,False,4,/mnt/chenpeijian/autodrive/StreetWorld/lead/3rd_party/navsim_workspace/dataset/maps does not exist!
87a4e023d9315796,False,4,/mnt/chenpeijian/autodrive/StreetWorld/lead/3rd_party/navsim_workspace/dataset/maps does not exist!
87b468bcdad158c2,False,4,/mnt/chenpeijian/autodrive/StreetWorld/lead/3rd_party/navsim_workspace/dataset/maps does not exist!
87dc5db673bd5b2b,False,4,/mnt/chenpeijian/autodrive/StreetWorld/lead/3rd_party/navsim_workspace/dataset/maps does not exist!
88126672803f56a3,False,4,/mnt/chenpeijian/autodrive/StreetWorld/lead/3rd_party/navsim_workspace/dataset/maps does not exist!
88538f4b41cc5d4a,False,4,/mnt/chenpeijian/autodrive/StreetWorld/lead/3rd_party/navsim_workspace/dataset/maps does not exist!
8875d7f59f045de3,False,4,/mnt/chenpeijian/autodrive/StreetWorld/lead/3rd_party/navsim_workspace/dataset/maps does not exist!
889aac2576295c91,False,4,/mnt/chenpeijian/autodrive/StreetWorld/lead/3rd_party/navsim_workspace/dataset/maps does not exist!
88e453ca4644586f,False,4,/mnt/chenpeijian/autodrive/StreetWorld/lead/3rd_party/navsim_workspace/dataset/maps does not exist!
893455c02e16508b,False,4,/mnt/chenpeijian/autodrive/StreetWorld/lead/3rd_party/navsim_workspace/dataset/maps does not exist!
8984fe1857e057b3,False,4,/mnt/chenpeijian/autodrive/StreetWorld/lead/3rd_party/navsim_workspace/dataset/maps does not exist!
89e9fbdf25415d68,False,4,/mnt/chenpeijian/autodrive/StreetWorld/lead/3rd_party/navsim_workspace/dataset/maps does not exist!
8a2c1d34f9df5213,False,4,/mnt/chenpeijian/autodrive/StreetWorld/lead/3rd_party/navsim_workspace/dataset/maps does not exist!
8a6717a888fe55f9,False,4,/mnt/chenpeijian/autodrive/StreetWorld/lead/3rd_party/navsim_workspace/dataset/maps does not exist!
8a8bf2275db85432,False,4,/mnt/chenpeijian/autodrive/StreetWorld/lead/3rd_party/navsim_workspace/dataset/maps does not exist!
8aaf40c869ca574f,False,4,/mnt/chenpeijian/autodrive/StreetWorld/lead/3rd_party/navsim_workspace/dataset/maps does not exist!
8b10128072e6539f,False,4,/mnt/chenpeijian/autodrive/StreetWorld/lead/3rd_party/navsim_workspace/dataset/maps does not exist!
8b2b4c67ddcf5c36,False,4,/mnt/chenpeijian/autodrive/StreetWorld/lead/3rd_party/navsim_workspace/dataset/maps does not exist!
8b57a471e74e573f,False,4,/mnt/chenpeijian/autodrive/StreetWorld/lead/3rd_party/navsim_workspace/dataset/maps does not exist!
8b788f2715985cee,False,4,/mnt/chenpeijian/autodrive/StreetWorld/lead/3rd_party/navsim_workspace/dataset/maps does not exist!
8b93118c77d25b5d,False,4,/mnt/chenpeijian/autodrive/StreetWorld/lead/3rd_party/navsim_workspace/dataset/maps does not exist!
8bc0584436b25488,False,4,/mnt/chenpeijian/autodrive/StreetWorld/lead/3rd_party/navsim_workspace/dataset/maps does not exist!
8bebc6662b36505f,False,4,/mnt/chenpeijian/autodrive/StreetWorld/lead/3rd_party/navsim_workspace/dataset/maps does not exist!
8c527efc3b3b5fa0,False,4,/mnt/chenpeijian/autodrive/StreetWorld/lead/3rd_party/navsim_workspace/dataset/maps does not exist!
8c6c4c4b507c5eb1,False,4,/mnt/chenpeijian/autodrive/StreetWorld/lead/3rd_party/navsim_workspace/dataset/maps does not exist!
8c9cbf03c46b5ddc,False,4,/mnt/chenpeijian/autodrive/StreetWorld/lead/3rd_party/navsim_workspace/dataset/maps does not exist!
8cba6cacb16d5acc,False,4,/mnt/chenpeijian/autodrive/StreetWorld/lead/3rd_party/navsim_workspace/dataset/maps does not exist!
8ce2cf49a1955788,False,4,/mnt/chenpeijian/autodrive/StreetWorld/lead/3rd_party/navsim_workspace/dataset/maps does not exist!
8d06ea883e7853a9,False,4,/mnt/chenpeijian/autodrive/StreetWorld/lead/3rd_party/navsim_workspace/dataset/maps does not exist!
8d27ff75eeb1559e,False,4,/mnt/chenpeijian/autodrive/StreetWorld/lead/3rd_party/navsim_workspace/dataset/maps does not exist!
8d62f19202505230,False,4,/mnt/chenpeijian/autodrive/StreetWorld/lead/3rd_party/navsim_workspace/dataset/maps does not exist!
8d86cfd038145f2a,False,4,/mnt/chenpeijian/autodrive/StreetWorld/lead/3rd_party/navsim_workspace/dataset/maps does not exist!
8db7275969855f22,False,4,/mnt/chenpeijian/autodrive/StreetWorld/lead/3rd_party/navsim_workspace/dataset/maps does not exist!
8de4253bc36f54df,False,4,/mnt/chenpeijian/autodrive/StreetWorld/lead/3rd_party/navsim_workspace/dataset/maps does not exist!
8e04fd5e1613597a,False,4,/mnt/chenpeijian/autodrive/StreetWorld/lead/3rd_party/navsim_workspace/dataset/maps does not exist!
8e511022e0e95a13,False,4,/mnt/chenpeijian/autodrive/StreetWorld/lead/3rd_party/navsim_workspace/dataset/maps does not exist!
8e8b2b62eff65719,False,4,/mnt/chenpeijian/autodrive/StreetWorld/lead/3rd_party/navsim_workspace/dataset/maps does not exist!
8eb6e6b220755d3b,False,4,/mnt/chenpeijian/autodrive/StreetWorld/lead/3rd_party/navsim_workspace/dataset/maps does not exist!
8f224f01713a5376,False,4,/mnt/chenpeijian/autodrive/StreetWorld/lead/3rd_party/navsim_workspace/dataset/maps does not exist!
8f60912c624e5f5f,False,4,/mnt/chenpeijian/autodrive/StreetWorld/lead/3rd_party/navsim_workspace/dataset/maps does not exist!
8f9712da66485b70,False,4,/mnt/chenpeijian/autodrive/StreetWorld/lead/3rd_party/navsim_workspace/dataset/maps does not exist!
8fc671c2e6c05780,False,4,/mnt/chenpeijian/autodrive/StreetWorld/lead/3rd_party/navsim_workspace/dataset/maps does not exist!
8ff50d5fa36956fa,False,4,/mnt/chenpeijian/autodrive/StreetWorld/lead/3rd_party/navsim_workspace/dataset/maps does not exist!
9017962112f85d62,False,4,/mnt/chenpeijian/autodrive/StreetWorld/lead/3rd_party/navsim_workspace/dataset/maps does not exist!
906587437cf95447,False,4,/mnt/chenpeijian/autodrive/StreetWorld/lead/3rd_party/navsim_workspace/dataset/maps does not exist!
9090d50c08b05715,False,4,/mnt/chenpeijian/autodrive/StreetWorld/lead/3rd_party/navsim_workspace/dataset/maps does not exist!
90e387c7930d56de,False,4,/mnt/chenpeijian/autodrive/StreetWorld/lead/3rd_party/navsim_workspace/dataset/maps does not exist!
910c4dd3f1ec51b1,False,4,/mnt/chenpeijian/autodrive/StreetWorld/lead/3rd_party/navsim_workspace/dataset/maps does not exist!
9147938e42675685,False,4,/mnt/chenpeijian/autodrive/StreetWorld/lead/3rd_party/navsim_workspace/dataset/maps does not exist!
91795d835c905882,False,4,/mnt/chenpeijian/autodrive/StreetWorld/lead/3rd_party/navsim_workspace/dataset/maps does not exist!
91afe72955de5b85,False,4,/mnt/chenpeijian/autodrive/StreetWorld/lead/3rd_party/navsim_workspace/dataset/maps does not exist!
91e06c22962d53bb,False,4,/mnt/chenpeijian/autodrive/StreetWorld/lead/3rd_party/navsim_workspace/dataset/maps does not exist!
9215943615c45afd,False,4,/mnt/chenpeijian/autodrive/StreetWorld/lead/3rd_party/navsim_workspace/dataset/maps does not exist!
9248ce20618c5513,False,4,/mnt/chenpeijian/autodrive/StreetWorld/lead/3rd_party/navsim_workspace/dataset/maps does not exist!
927aa2c8ef7d5b5c,False,4,/mnt/chenpeijian/autodrive/StreetWorld/lead/3rd_party/navsim_workspace/dataset/maps does not exist!
92c38e520e515a8a,False,4,/mnt/chenpeijian/autodrive/StreetWorld/lead/3rd_party/navsim_workspace/dataset/maps does not exist!
92e7b3a7f4d054f3,False,4,/mnt/chenpeijian/autodrive/StreetWorld/lead/3rd_party/navsim_workspace/dataset/maps does not exist!
9311d9a2409c5224,False,4,/mnt/chenpeijian/autodrive/StreetWorld/lead/3rd_party/navsim_workspace/dataset/maps does not exist!
932f0bf1d23b5ba7,False,4,/mnt/chenpeijian/autodrive/StreetWorld/lead/3rd_party/navsim_workspace/dataset/maps does not exist!
93512ae1de725307,False,4,/mnt/chenpeijian/autodrive/StreetWorld/lead/3rd_party/navsim_workspace/dataset/maps does not exist!
9389ef5de0935e29,False,4,/mnt/chenpeijian/autodrive/StreetWorld/lead/3rd_party/navsim_workspace/dataset/maps does not exist!
93a5e1de2d185374,False,4,/mnt/chenpeijian/autodrive/StreetWorld/lead/3rd_party/navsim_workspace/dataset/maps does not exist!
93ca181d363358eb,False,4,/mnt/chenpeijian/autodrive/StreetWorld/lead/3rd_party/navsim_workspace/dataset/maps does not exist!
9406203fdb815e58,False,4,/mnt/chenpeijian/autodrive/StreetWorld/lead/3rd_party/navsim_workspace/dataset/maps does not exist!
942df6bcc0c65bf9,False,4,/mnt/chenpeijian/autodrive/StreetWorld/lead/3rd_party/navsim_workspace/dataset/maps does not exist!
9464277f29025ad8,False,4,/mnt/chenpeijian/autodrive/StreetWorld/lead/3rd_party/navsim_workspace/dataset/maps does not exist!
947b3794a3275a2c,False,4,/mnt/chenpeijian/autodrive/StreetWorld/lead/3rd_party/navsim_workspace/dataset/maps does not exist!
9483bda6b31259bd,False,4,/mnt/chenpeijian/autodrive/StreetWorld/lead/3rd_party/navsim_workspace/dataset/maps does not exist!
94ae12c4703950be,False,4,/mnt/chenpeijian/autodrive/StreetWorld/lead/3rd_party/navsim_workspace/dataset/maps does not exist!
94e8a92d53635c38,False,4,/mnt/chenpeijian/autodrive/StreetWorld/lead/3rd_party/navsim_workspace/dataset/maps does not exist!
952c1875f64057b9,False,4,/mnt/chenpeijian/autodrive/StreetWorld/lead/3rd_party/navsim_workspace/dataset/maps does not exist!
95528bd014555540,False,4,/mnt/chenpeijian/autodrive/StreetWorld/lead/3rd_party/navsim_workspace/dataset/maps does not exist!
9580cc2199c55666,False,4,/mnt/chenpeijian/autodrive/StreetWorld/lead/3rd_party/navsim_workspace/dataset/maps does not exist!
95c5cd4c17d9594a,False,4,/mnt/chenpeijian/autodrive/StreetWorld/lead/3rd_party/navsim_workspace/dataset/maps does not exist!
95f42de7bd075f88,False,4,/mnt/chenpeijian/autodrive/StreetWorld/lead/3rd_party/navsim_workspace/dataset/maps does not exist!
9630074ccab7581e,False,4,/mnt/chenpeijian/autodrive/StreetWorld/lead/3rd_party/navsim_workspace/dataset/maps does not exist!
96588474ccef5f60,False,4,/mnt/chenpeijian/autodrive/StreetWorld/lead/3rd_party/navsim_workspace/dataset/maps does not exist!
969198fbd19d59b1,False,4,/mnt/chenpeijian/autodrive/StreetWorld/lead/3rd_party/navsim_workspace/dataset/maps does not exist!
96af2f9a0f9352ab,False,4,/mnt/chenpeijian/autodrive/StreetWorld/lead/3rd_party/navsim_workspace/dataset/maps does not exist!
96d8920289b55395,False,4,/mnt/chenpeijian/autodrive/StreetWorld/lead/3rd_party/navsim_workspace/dataset/maps does not exist!
970cfee3bc7d5e3d,False,4,/mnt/chenpeijian/autodrive/StreetWorld/lead/3rd_party/navsim_workspace/dataset/maps does not exist!
974041ac230056eb,False,4,/mnt/chenpeijian/autodrive/StreetWorld/lead/3rd_party/navsim_workspace/dataset/maps does not exist!
977f40bd144b59e9,False,4,/mnt/chenpeijian/autodrive/StreetWorld/lead/3rd_party/navsim_workspace/dataset/maps does not exist!
97b9989fa3675cab,False,4,/mnt/chenpeijian/autodrive/StreetWorld/lead/3rd_party/navsim_workspace/dataset/maps does not exist!
97fcdcd35af7563b,False,4,/mnt/chenpeijian/autodrive/StreetWorld/lead/3rd_party/navsim_workspace/dataset/maps does not exist!
982bd8015c9352f5,False,4,/mnt/chenpeijian/autodrive/StreetWorld/lead/3rd_party/navsim_workspace/dataset/maps does not exist!
984c4c329ba05bd2,False,4,/mnt/chenpeijian/autodrive/StreetWorld/lead/3rd_party/navsim_workspace/dataset/maps does not exist!
986cc16cb2295630,False,4,/mnt/chenpeijian/autodrive/StreetWorld/lead/3rd_party/navsim_workspace/dataset/maps does not exist!
989aefa473b75a2a,False,4,/mnt/chenpeijian/autodrive/StreetWorld/lead/3rd_party/navsim_workspace/dataset/maps does not exist!
98c050c637ca5909,False,4,/mnt/chenpeijian/autodrive/StreetWorld/lead/3rd_party/navsim_workspace/dataset/maps does not exist!
991f13bf4e7f590e,False,4,/mnt/chenpeijian/autodrive/StreetWorld/lead/3rd_party/navsim_workspace/dataset/maps does not exist!
995f8bcf61f95fad,False,4,/mnt/chenpeijian/autodrive/StreetWorld/lead/3rd_party/navsim_workspace/dataset/maps does not exist!
998c6c28d1475e78,False,4,/mnt/chenpeijian/autodrive/StreetWorld/lead/3rd_party/navsim_workspace/dataset/maps does not exist!
9a00d37375a95d7e,False,4,/mnt/chenpeijian/autodrive/StreetWorld/lead/3rd_party/navsim_workspace/dataset/maps does not exist!
9a24a904a324581d,False,4,/mnt/chenpeijian/autodrive/StreetWorld/lead/3rd_party/navsim_workspace/dataset/maps does not exist!
9a524d13e6795a95,False,4,/mnt/chenpeijian/autodrive/StreetWorld/lead/3rd_party/navsim_workspace/dataset/maps does not exist!
9a89dccc70835d69,False,4,/mnt/chenpeijian/autodrive/StreetWorld/lead/3rd_party/navsim_workspace/dataset/maps does not exist!
9ab7d16dd4a6551f,False,4,/mnt/chenpeijian/autodrive/StreetWorld/lead/3rd_party/navsim_workspace/dataset/maps does not exist!
9b16e4fea2c25446,False,4,/mnt/chenpeijian/autodrive/StreetWorld/lead/3rd_party/navsim_workspace/dataset/maps does not exist!
9b4a82c95856552f,False,4,/mnt/chenpeijian/autodrive/StreetWorld/lead/3rd_party/navsim_workspace/dataset/maps does not exist!
9b7eb62d80db55e7,False,4,/mnt/chenpeijian/autodrive/StreetWorld/lead/3rd_party/navsim_workspace/dataset/maps does not exist!
9baf3c1d42b25070,False,4,/mnt/chenpeijian/autodrive/StreetWorld/lead/3rd_party/navsim_workspace/dataset/maps does not exist!
9bbf6e2211fb56d9,False,4,/mnt/chenpeijian/autodrive/StreetWorld/lead/3rd_party/navsim_workspace/dataset/maps does not exist!
9bebc9f8507c5cf4,False,4,/mnt/chenpeijian/autodrive/StreetWorld/lead/3rd_party/navsim_workspace/dataset/maps does not exist!
9c1e4098a32a5432,False,4,/mnt/chenpeijian/autodrive/StreetWorld/lead/3rd_party/navsim_workspace/dataset/maps does not exist!
9c45919236c051c0,False,4,/mnt/chenpeijian/autodrive/StreetWorld/lead/3rd_party/navsim_workspace/dataset/maps does not exist!
9c7fe79bcaed5bae,False,4,/mnt/chenpeijian/autodrive/StreetWorld/lead/3rd_party/navsim_workspace/dataset/maps does not exist!
9cb247f1ef445fb9,False,4,/mnt/chenpeijian/autodrive/StreetWorld/lead/3rd_party/navsim_workspace/dataset/maps does not exist!
9d13fadd8afc5833,False,4,/mnt/chenpeijian/autodrive/StreetWorld/lead/3rd_party/navsim_workspace/dataset/maps does not exist!
9d626ce291e85889,False,4,/mnt/chenpeijian/autodrive/StreetWorld/lead/3rd_party/navsim_workspace/dataset/maps does not exist!
9d864c15bf7d5414,False,4,/mnt/chenpeijian/autodrive/StreetWorld/lead/3rd_party/navsim_workspace/dataset/maps does not exist!
9dcc18a23f4d57d8,False,4,/mnt/chenpeijian/autodrive/StreetWorld/lead/3rd_party/navsim_workspace/dataset/maps does not exist!
9e04987475e85dd5,False,4,/mnt/chenpeijian/autodrive/StreetWorld/lead/3rd_party/navsim_workspace/dataset/maps does not exist!
9e20b3d7da855668,False,4,/mnt/chenpeijian/autodrive/StreetWorld/lead/3rd_party/navsim_workspace/dataset/maps does not exist!
9e4c1639be465a8a,False,4,/mnt/chenpeijian/autodrive/StreetWorld/lead/3rd_party/navsim_workspace/dataset/maps does not exist!
9e7ae0e0f04255fa,False,4,/mnt/chenpeijian/autodrive/StreetWorld/lead/3rd_party/navsim_workspace/dataset/maps does not exist!
9eb02188c5505fe1,False,4,/mnt/chenpeijian/autodrive/StreetWorld/lead/3rd_party/navsim_workspace/dataset/maps does not exist!
9ee3c3a666d35a5c,False,4,/mnt/chenpeijian/autodrive/StreetWorld/lead/3rd_party/navsim_workspace/dataset/maps does not exist!
9f1b6ff3a4865c8a,False,4,/mnt/chenpeijian/autodrive/StreetWorld/lead/3rd_party/navsim_workspace/dataset/maps does not exist!
9f521d00c3ef55b7,False,4,/mnt/chenpeijian/autodrive/StreetWorld/lead/3rd_party/navsim_workspace/dataset/maps does not exist!
9fa75f1d5863570b,False,4,/mnt/chenpeijian/autodrive/StreetWorld/lead/3rd_party/navsim_workspace/dataset/maps does not exist!
9fd28a8f6fd85254,False,4,/mnt/chenpeijian/autodrive/StreetWorld/lead/3rd_party/navsim_workspace/dataset/maps does not exist!
a02d58c7e9ee50f5,False,4,/mnt/chenpeijian/autodrive/StreetWorld/lead/3rd_party/navsim_workspace/dataset/maps does not exist!
a06715f1cb8358c0,False,4,/mnt/chenpeijian/autodrive/StreetWorld/lead/3rd_party/navsim_workspace/dataset/maps does not exist!
a075b9f46b7b5831,False,4,/mnt/chenpeijian/autodrive/StreetWorld/lead/3rd_party/navsim_workspace/dataset/maps does not exist!
a0b0528663735dbd,False,4,/mnt/chenpeijian/autodrive/StreetWorld/lead/3rd_party/navsim_workspace/dataset/maps does not exist!
a0d88b07304b5398,False,4,/mnt/chenpeijian/autodrive/StreetWorld/lead/3rd_party/navsim_workspace/dataset/maps does not exist!
a12c7f84ebd25b1e,False,4,/mnt/chenpeijian/autodrive/StreetWorld/lead/3rd_party/navsim_workspace/dataset/maps does not exist!
a15ed2f3e39c5c0d,False,4,/mnt/chenpeijian/autodrive/StreetWorld/lead/3rd_party/navsim_workspace/dataset/maps does not exist!
a19a97133a285e39,False,4,/mnt/chenpeijian/autodrive/StreetWorld/lead/3rd_party/navsim_workspace/dataset/maps does not exist!
a1d7b6056b4b5566,False,4,/mnt/chenpeijian/autodrive/StreetWorld/lead/3rd_party/navsim_workspace/dataset/maps does not exist!
a20beaedf66b59f3,False,4,/mnt/chenpeijian/autodrive/StreetWorld/lead/3rd_party/navsim_workspace/dataset/maps does not exist!
a25711b4fdcc50df,False,4,/mnt/chenpeijian/autodrive/StreetWorld/lead/3rd_party/navsim_workspace/dataset/maps does not exist!
a28e921b642a5936,False,4,/mnt/chenpeijian/autodrive/StreetWorld/lead/3rd_party/navsim_workspace/dataset/maps does not exist!
a2cbf7c347a45c6e,False,4,/mnt/chenpeijian/autodrive/StreetWorld/lead/3rd_party/navsim_workspace/dataset/maps does not exist!
a2fe72b034765149,False,4,/mnt/chenpeijian/autodrive/StreetWorld/lead/3rd_party/navsim_workspace/dataset/maps does not exist!
a34e53ca202b5fa3,False,4,/mnt/chenpeijian/autodrive/StreetWorld/lead/3rd_party/navsim_workspace/dataset/maps does not exist!
a3882e6ae8635832,False,4,/mnt/chenpeijian/autodrive/StreetWorld/lead/3rd_party/navsim_workspace/dataset/maps does not exist!
a3a47ea11a5e5939,False,4,/mnt/chenpeijian/autodrive/StreetWorld/lead/3rd_party/navsim_workspace/dataset/maps does not exist!
a3ece675f714527b,False,4,/mnt/chenpeijian/autodrive/StreetWorld/lead/3rd_party/navsim_workspace/dataset/maps does not exist!
a4213d4e327c5b6e,False,4,/mnt/chenpeijian/autodrive/StreetWorld/lead/3rd_party/navsim_workspace/dataset/maps does not exist!
a4525819e5c25936,False,4,/mnt/chenpeijian/autodrive/StreetWorld/lead/3rd_party/navsim_workspace/dataset/maps does not exist!
a4a08c828e87562c,False,4,/mnt/chenpeijian/autodrive/StreetWorld/lead/3rd_party/navsim_workspace/dataset/maps does not exist!
a4d55f73b8ad51b9,False,4,/mnt/chenpeijian/autodrive/StreetWorld/lead/3rd_party/navsim_workspace/dataset/maps does not exist!
a541237b06645d49,False,4,/mnt/chenpeijian/autodrive/StreetWorld/lead/3rd_party/navsim_workspace/dataset/maps does not exist!
a58d5374dae0552a,False,4,/mnt/chenpeijian/autodrive/StreetWorld/lead/3rd_party/navsim_workspace/dataset/maps does not exist!
a5b6e054384c586c,False,4,/mnt/chenpeijian/autodrive/StreetWorld/lead/3rd_party/navsim_workspace/dataset/maps does not exist!
a5ddad9bbb505316,False,4,/mnt/chenpeijian/autodrive/StreetWorld/lead/3rd_party/navsim_workspace/dataset/maps does not exist!
a60e8e8afe675063,False,4,/mnt/chenpeijian/autodrive/StreetWorld/lead/3rd_party/navsim_workspace/dataset/maps does not exist!
a61ba5902ded5c56,False,4,/mnt/chenpeijian/autodrive/StreetWorld/lead/3rd_party/navsim_workspace/dataset/maps does not exist!
a65539b18da350df,False,4,/mnt/chenpeijian/autodrive/StreetWorld/lead/3rd_party/navsim_workspace/dataset/maps does not exist!
a67f68a6c9e85668,False,4,/mnt/chenpeijian/autodrive/StreetWorld/lead/3rd_party/navsim_workspace/dataset/maps does not exist!
a6b518a433065727,False,4,/mnt/chenpeijian/autodrive/StreetWorld/lead/3rd_party/navsim_workspace/dataset/maps does not exist!
a6fd750fe57d5bb9,False,4,/mnt/chenpeijian/autodrive/StreetWorld/lead/3rd_party/navsim_workspace/dataset/maps does not exist!
a7409a64ac2b5a94,False,4,/mnt/chenpeijian/autodrive/StreetWorld/lead/3rd_party/navsim_workspace/dataset/maps does not exist!
a77872c55f1b52a1,False,4,/mnt/chenpeijian/autodrive/StreetWorld/lead/3rd_party/navsim_workspace/dataset/maps does not exist!
a7c6cc3a1840584f,False,4,/mnt/chenpeijian/autodrive/StreetWorld/lead/3rd_party/navsim_workspace/dataset/maps does not exist!
a7eeec2ad80b58a1,False,4,/mnt/chenpeijian/autodrive/StreetWorld/lead/3rd_party/navsim_workspace/dataset/maps does not exist!
a8245437ee3d5dd7,False,4,/mnt/chenpeijian/autodrive/StreetWorld/lead/3rd_party/navsim_workspace/dataset/maps does not exist!
a85c442c31bc557f,False,4,/mnt/chenpeijian/autodrive/StreetWorld/lead/3rd_party/navsim_workspace/dataset/maps does not exist!
a89c8c3249975dc9,False,4,/mnt/chenpeijian/autodrive/StreetWorld/lead/3rd_party/navsim_workspace/dataset/maps does not exist!
a8c4188597da52a2,False,4,/mnt/chenpeijian/autodrive/StreetWorld/lead/3rd_party/navsim_workspace/dataset/maps does not exist!
a8df71513975500b,False,4,/mnt/chenpeijian/autodrive/StreetWorld/lead/3rd_party/navsim_workspace/dataset/maps does not exist!
a916c0c016825703,False,4,/mnt/chenpeijian/autodrive/StreetWorld/lead/3rd_party/navsim_workspace/dataset/maps does not exist!
a93fa498bfbf5fb8,False,4,/mnt/chenpeijian/autodrive/StreetWorld/lead/3rd_party/navsim_workspace/dataset/maps does not exist!
a984f0459c1055d5,False,4,/mnt/chenpeijian/autodrive/StreetWorld/lead/3rd_party/navsim_workspace/dataset/maps does not exist!
a99338e1112e5f65,False,4,/mnt/chenpeijian/autodrive/StreetWorld/lead/3rd_party/navsim_workspace/dataset/maps does not exist!
a9c27d1fdee5599e,False,4,/mnt/chenpeijian/autodrive/StreetWorld/lead/3rd_party/navsim_workspace/dataset/maps does not exist!
a9fc9ff67fef5b5c,False,4,/mnt/chenpeijian/autodrive/StreetWorld/lead/3rd_party/navsim_workspace/dataset/maps does not exist!
aa2918eb684351bd,False,4,/mnt/chenpeijian/autodrive/StreetWorld/lead/3rd_party/navsim_workspace/dataset/maps does not exist!
aa4ec42ec7425de0,False,4,/mnt/chenpeijian/autodrive/StreetWorld/lead/3rd_party/navsim_workspace/dataset/maps does not exist!
aa843e4d6d3b5fc3,False,4,/mnt/chenpeijian/autodrive/StreetWorld/lead/3rd_party/navsim_workspace/dataset/maps does not exist!
aadb2479ded750e4,False,4,/mnt/chenpeijian/autodrive/StreetWorld/lead/3rd_party/navsim_workspace/dataset/maps does not exist!
ab01e3ce19875471,False,4,/mnt/chenpeijian/autodrive/StreetWorld/lead/3rd_party/navsim_workspace/dataset/maps does not exist!
ab40048b88b257c3,False,4,/mnt/chenpeijian/autodrive/StreetWorld/lead/3rd_party/navsim_workspace/dataset/maps does not exist!
ab6e020759565f9f,False,4,/mnt/chenpeijian/autodrive/StreetWorld/lead/3rd_party/navsim_workspace/dataset/maps does not exist!
ab88e1b94ce953bf,False,4,/mnt/chenpeijian/autodrive/StreetWorld/lead/3rd_party/navsim_workspace/dataset/maps does not exist!
aba7212ffa3458b6,False,4,/mnt/chenpeijian/autodrive/StreetWorld/lead/3rd_party/navsim_workspace/dataset/maps does not exist!
abdc7a57df4a56cd,False,4,/mnt/chenpeijian/autodrive/StreetWorld/lead/3rd_party/navsim_workspace/dataset/maps does not exist!
ac0fb7997f4e5106,False,4,/mnt/chenpeijian/autodrive/StreetWorld/lead/3rd_party/navsim_workspace/dataset/maps does not exist!
ac2f5c84d6fc5cdf,False,4,/mnt/chenpeijian/autodrive/StreetWorld/lead/3rd_party/navsim_workspace/dataset/maps does not exist!
ac4c20c8dd0a5e68,False,4,/mnt/chenpeijian/autodrive/StreetWorld/lead/3rd_party/navsim_workspace/dataset/maps does not exist!
ac73220f793d522e,False,4,/mnt/chenpeijian/autodrive/StreetWorld/lead/3rd_party/navsim_workspace/dataset/maps does not exist!
ace74ef421f8514f,False,4,/mnt/chenpeijian/autodrive/StreetWorld/lead/3rd_party/navsim_workspace/dataset/maps does not exist!
ad2ceb40a046543c,False,4,/mnt/chenpeijian/autodrive/StreetWorld/lead/3rd_party/navsim_workspace/dataset/maps does not exist!
ad54eadf72625631,False,4,/mnt/chenpeijian/autodrive/StreetWorld/lead/3rd_party/navsim_workspace/dataset/maps does not exist!
ad84af7b33615884,False,4,/mnt/chenpeijian/autodrive/StreetWorld/lead/3rd_party/navsim_workspace/dataset/maps does not exist!
ada396669cec56ef,False,4,/mnt/chenpeijian/autodrive/StreetWorld/lead/3rd_party/navsim_workspace/dataset/maps does not exist!
ade66429cb58544c,False,4,/mnt/chenpeijian/autodrive/StreetWorld/lead/3rd_party/navsim_workspace/dataset/maps does not exist!
ae05160436d45a62,False,4,/mnt/chenpeijian/autodrive/StreetWorld/lead/3rd_party/navsim_workspace/dataset/maps does not exist!
ae1ac5ca165a5b5c,False,4,/mnt/chenpeijian/autodrive/StreetWorld/lead/3rd_party/navsim_workspace/dataset/maps does not exist!
ae7fdaafe2c250e6,False,4,/mnt/chenpeijian/autodrive/StreetWorld/lead/3rd_party/navsim_workspace/dataset/maps does not exist!
aed7c50719f959a1,False,4,/mnt/chenpeijian/autodrive/StreetWorld/lead/3rd_party/navsim_workspace/dataset/maps does not exist!
aef8ab04144650cd,False,4,/mnt/chenpeijian/autodrive/StreetWorld/lead/3rd_party/navsim_workspace/dataset/maps does not exist!
af3ca613840a5058,False,4,/mnt/chenpeijian/autodrive/StreetWorld/lead/3rd_party/navsim_workspace/dataset/maps does not exist!
af98af49fda35a8c,False,4,/mnt/chenpeijian/autodrive/StreetWorld/lead/3rd_party/navsim_workspace/dataset/maps does not exist!
afbf26b6d3bb5bee,False,4,/mnt/chenpeijian/autodrive/StreetWorld/lead/3rd_party/navsim_workspace/dataset/maps does not exist!
afe269451bc757e1,False,4,/mnt/chenpeijian/autodrive/StreetWorld/lead/3rd_party/navsim_workspace/dataset/maps does not exist!
b0070f55eda95848,False,4,/mnt/chenpeijian/autodrive/StreetWorld/lead/3rd_party/navsim_workspace/dataset/maps does not exist!
b036f9ef53cd5536,False,4,/mnt/chenpeijian/autodrive/StreetWorld/lead/3rd_party/navsim_workspace/dataset/maps does not exist!
b069ef19c0ba5887,False,4,/mnt/chenpeijian/autodrive/StreetWorld/lead/3rd_party/navsim_workspace/dataset/maps does not exist!
b0a6370d836a59ed,False,4,/mnt/chenpeijian/autodrive/StreetWorld/lead/3rd_party/navsim_workspace/dataset/maps does not exist!
b0cc2b2b400d5661,False,4,/mnt/chenpeijian/autodrive/StreetWorld/lead/3rd_party/navsim_workspace/dataset/maps does not exist!
b11eb5c328075b94,False,4,/mnt/chenpeijian/autodrive/StreetWorld/lead/3rd_party/navsim_workspace/dataset/maps does not exist!
b1464f6c01dc545f,False,4,/mnt/chenpeijian/autodrive/StreetWorld/lead/3rd_party/navsim_workspace/dataset/maps does not exist!
b172a207771456f1,False,4,/mnt/chenpeijian/autodrive/StreetWorld/lead/3rd_party/navsim_workspace/dataset/maps does not exist!
b1906c6b8b8f5f56,False,4,/mnt/chenpeijian/autodrive/StreetWorld/lead/3rd_party/navsim_workspace/dataset/maps does not exist!
b1b2eb47b045566c,False,4,/mnt/chenpeijian/autodrive/StreetWorld/lead/3rd_party/navsim_workspace/dataset/maps does not exist!
b1e0acd51fbf5895,False,4,/mnt/chenpeijian/autodrive/StreetWorld/lead/3rd_party/navsim_workspace/dataset/maps does not exist!
b219a12536715748,False,4,/mnt/chenpeijian/autodrive/StreetWorld/lead/3rd_party/navsim_workspace/dataset/maps does not exist!
b27841ee318f5d92,False,4,/mnt/chenpeijian/autodrive/StreetWorld/lead/3rd_party/navsim_workspace/dataset/maps does not exist!
b2abc819ebf45c11,False,4,/mnt/chenpeijian/autodrive/StreetWorld/lead/3rd_party/navsim_workspace/dataset/maps does not exist!
b2def33d6adc50fc,False,4,/mnt/chenpeijian/autodrive/StreetWorld/lead/3rd_party/navsim_workspace/dataset/maps does not exist!
b2f336de7d295a8b,False,4,/mnt/chenpeijian/autodrive/StreetWorld/lead/3rd_party/navsim_workspace/dataset/maps does not exist!
b30ee22eca0a57ef,False,4,/mnt/chenpeijian/autodrive/StreetWorld/lead/3rd_party/navsim_workspace/dataset/maps does not exist!
b3509fd31f495cfb,False,4,/mnt/chenpeijian/autodrive/StreetWorld/lead/3rd_party/navsim_workspace/dataset/maps does not exist!
b389efc36b545908,False,4,/mnt/chenpeijian/autodrive/StreetWorld/lead/3rd_party/navsim_workspace/dataset/maps does not exist!
b3aebfbff38e596f,False,4,/mnt/chenpeijian/autodrive/StreetWorld/lead/3rd_party/navsim_workspace/dataset/maps does not exist!
b411a654aa215f1b,False,4,/mnt/chenpeijian/autodrive/StreetWorld/lead/3rd_party/navsim_workspace/dataset/maps does not exist!
b435be7b7b1b5dd4,False,4,/mnt/chenpeijian/autodrive/StreetWorld/lead/3rd_party/navsim_workspace/dataset/maps does not exist!
b4561c216e6c5e21,False,4,/mnt/chenpeijian/autodrive/StreetWorld/lead/3rd_party/navsim_workspace/dataset/maps does not exist!
b47df4a21c515394,False,4,/mnt/chenpeijian/autodrive/StreetWorld/lead/3rd_party/navsim_workspace/dataset/maps does not exist!
b4afab5329e95368,False,4,/mnt/chenpeijian/autodrive/StreetWorld/lead/3rd_party/navsim_workspace/dataset/maps does not exist!
b4d9c8edfbda58dc,False,4,/mnt/chenpeijian/autodrive/StreetWorld/lead/3rd_party/navsim_workspace/dataset/maps does not exist!
b5025be9867f503e,False,4,/mnt/chenpeijian/autodrive/StreetWorld/lead/3rd_party/navsim_workspace/dataset/maps does not exist!
b5271c19eef859ed,False,4,/mnt/chenpeijian/autodrive/StreetWorld/lead/3rd_party/navsim_workspace/dataset/maps does not exist!
b55cc20818705801,False,4,/mnt/chenpeijian/autodrive/StreetWorld/lead/3rd_party/navsim_workspace/dataset/maps does not exist!
b5b0ab149f9055db,False,4,/mnt/chenpeijian/autodrive/StreetWorld/lead/3rd_party/navsim_workspace/dataset/maps does not exist!
b5be2c625dcf54e2,False,4,/mnt/chenpeijian/autodrive/StreetWorld/lead/3rd_party/navsim_workspace/dataset/maps does not exist!
b5e7acb62778580b,False,4,/mnt/chenpeijian/autodrive/StreetWorld/lead/3rd_party/navsim_workspace/dataset/maps does not exist!
b60b509ee8ba5197,False,4,/mnt/chenpeijian/autodrive/StreetWorld/lead/3rd_party/navsim_workspace/dataset/maps does not exist!
b6247a5245a5554f,False,4,/mnt/chenpeijian/autodrive/StreetWorld/lead/3rd_party/navsim_workspace/dataset/maps does not exist!
b641f849bdd55fd7,False,4,/mnt/chenpeijian/autodrive/StreetWorld/lead/3rd_party/navsim_workspace/dataset/maps does not exist!
b66db24cee7957a2,False,4,/mnt/chenpeijian/autodrive/StreetWorld/lead/3rd_party/navsim_workspace/dataset/maps does not exist!
b6968f154bfb5a5d,False,4,/mnt/chenpeijian/autodrive/StreetWorld/lead/3rd_party/navsim_workspace/dataset/maps does not exist!
b711cfd42ac55706,False,4,/mnt/chenpeijian/autodrive/StreetWorld/lead/3rd_party/navsim_workspace/dataset/maps does not exist!
b7598f311c365e95,False,4,/mnt/chenpeijian/autodrive/StreetWorld/lead/3rd_party/navsim_workspace/dataset/maps does not exist!
b77b4b6eb149553f,False,4,/mnt/chenpeijian/autodrive/StreetWorld/lead/3rd_party/navsim_workspace/dataset/maps does not exist!
b7c1448b395e56c6,False,4,/mnt/chenpeijian/autodrive/StreetWorld/lead/3rd_party/navsim_workspace/dataset/maps does not exist!
b7dc33b2e9195867,False,4,/mnt/chenpeijian/autodrive/StreetWorld/lead/3rd_party/navsim_workspace/dataset/maps does not exist!
b7f26baef02d54ea,False,4,/mnt/chenpeijian/autodrive/StreetWorld/lead/3rd_party/navsim_workspace/dataset/maps does not exist!
b826ee4aedc95b0c,False,4,/mnt/chenpeijian/autodrive/StreetWorld/lead/3rd_party/navsim_workspace/dataset/maps does not exist!
b8434dfe0fbf56f0,False,4,/mnt/chenpeijian/autodrive/StreetWorld/lead/3rd_party/navsim_workspace/dataset/maps does not exist!
b86152f6ab29580e,False,4,/mnt/chenpeijian/autodrive/StreetWorld/lead/3rd_party/navsim_workspace/dataset/maps does not exist!
b87e9553091a5216,False,4,/mnt/chenpeijian/autodrive/StreetWorld/lead/3rd_party/navsim_workspace/dataset/maps does not exist!
b8a1d133723f5897,False,4,/mnt/chenpeijian/autodrive/StreetWorld/lead/3rd_party/navsim_workspace/dataset/maps does not exist!
b8cc094c43575a31,False,4,/mnt/chenpeijian/autodrive/StreetWorld/lead/3rd_party/navsim_workspace/dataset/maps does not exist!
b90086e468f05378,False,4,/mnt/chenpeijian/autodrive/StreetWorld/lead/3rd_party/navsim_workspace/dataset/maps does not exist!
b93262812f855475,False,4,/mnt/chenpeijian/autodrive/StreetWorld/lead/3rd_party/navsim_workspace/dataset/maps does not exist!
b961186653e45dc2,False,4,/mnt/chenpeijian/autodrive/StreetWorld/lead/3rd_party/navsim_workspace/dataset/maps does not exist!
b999dd3826b058a7,False,4,/mnt/chenpeijian/autodrive/StreetWorld/lead/3rd_party/navsim_workspace/dataset/maps does not exist!
b9e5b11ac3745f8c,False,4,/mnt/chenpeijian/autodrive/StreetWorld/lead/3rd_party/navsim_workspace/dataset/maps does not exist!
ba2ebab05dfd523e,False,4,/mnt/chenpeijian/autodrive/StreetWorld/lead/3rd_party/navsim_workspace/dataset/maps does not exist!
ba6136583b6254e2,False,4,/mnt/chenpeijian/autodrive/StreetWorld/lead/3rd_party/navsim_workspace/dataset/maps does not exist!
ba82b67601605dd3,False,4,/mnt/chenpeijian/autodrive/StreetWorld/lead/3rd_party/navsim_workspace/dataset/maps does not exist!
ba9ec722d0e05e2c,False,4,/mnt/chenpeijian/autodrive/StreetWorld/lead/3rd_party/navsim_workspace/dataset/maps does not exist!
baef20f6b33e594e,False,4,/mnt/chenpeijian/autodrive/StreetWorld/lead/3rd_party/navsim_workspace/dataset/maps does not exist!
bb25cbb49f9157ae,False,4,/mnt/chenpeijian/autodrive/StreetWorld/lead/3rd_party/navsim_workspace/dataset/maps does not exist!
bb5b44d240945ed0,False,4,/mnt/chenpeijian/autodrive/StreetWorld/lead/3rd_party/navsim_workspace/dataset/maps does not exist!
bbc1735031c25ff7,False,4,/mnt/chenpeijian/autodrive/StreetWorld/lead/3rd_party/navsim_workspace/dataset/maps does not exist!
bc2314763cfc545d,False,4,/mnt/chenpeijian/autodrive/StreetWorld/lead/3rd_party/navsim_workspace/dataset/maps does not exist!
bc427a4503535af2,False,4,/mnt/chenpeijian/autodrive/StreetWorld/lead/3rd_party/navsim_workspace/dataset/maps does not exist!
bc85f0c7a2305ef5,False,4,/mnt/chenpeijian/autodrive/StreetWorld/lead/3rd_party/navsim_workspace/dataset/maps does not exist!
bc949c2045ca5537,False,4,/mnt/chenpeijian/autodrive/StreetWorld/lead/3rd_party/navsim_workspace/dataset/maps does not exist!
bcac47f590d854a7,False,4,/mnt/chenpeijian/autodrive/StreetWorld/lead/3rd_party/navsim_workspace/dataset/maps does not exist!
bcf92cdb596a5fa2,False,4,/mnt/chenpeijian/autodrive/StreetWorld/lead/3rd_party/navsim_workspace/dataset/maps does not exist!
bd3312be2419553c,False,4,/mnt/chenpeijian/autodrive/StreetWorld/lead/3rd_party/navsim_workspace/dataset/maps does not exist!
bd4dac2ccde55c08,False,4,/mnt/chenpeijian/autodrive/StreetWorld/lead/3rd_party/navsim_workspace/dataset/maps does not exist!
bd9abb7104dc5408,False,4,/mnt/chenpeijian/autodrive/StreetWorld/lead/3rd_party/navsim_workspace/dataset/maps does not exist!
bdc6855188a351ca,False,4,/mnt/chenpeijian/autodrive/StreetWorld/lead/3rd_party/navsim_workspace/dataset/maps does not exist!
bdff1d80a75e5307,False,4,/mnt/chenpeijian/autodrive/StreetWorld/lead/3rd_party/navsim_workspace/dataset/maps does not exist!
be1ef67efd445f45,False,4,/mnt/chenpeijian/autodrive/StreetWorld/lead/3rd_party/navsim_workspace/dataset/maps does not exist!
be6f90f06bc35be3,False,4,/mnt/chenpeijian/autodrive/StreetWorld/lead/3rd_party/navsim_workspace/dataset/maps does not exist!
be9298a106f552af,False,4,/mnt/chenpeijian/autodrive/StreetWorld/lead/3rd_party/navsim_workspace/dataset/maps does not exist!
bed7a2c445315bb7,False,4,/mnt/chenpeijian/autodrive/StreetWorld/lead/3rd_party/navsim_workspace/dataset/maps does not exist!
bef748e412f85c64,False,4,/mnt/chenpeijian/autodrive/StreetWorld/lead/3rd_party/navsim_workspace/dataset/maps does not exist!
bf1db71f1cc35b98,False,4,/mnt/chenpeijian/autodrive/StreetWorld/lead/3rd_party/navsim_workspace/dataset/maps does not exist!
bf4c97f6024b5029,False,4,/mnt/chenpeijian/autodrive/StreetWorld/lead/3rd_party/navsim_workspace/dataset/maps does not exist!
bf7e92340c6454a2,False,4,/mnt/chenpeijian/autodrive/StreetWorld/lead/3rd_party/navsim_workspace/dataset/maps does not exist!
bf929b24f13b5c37,False,4,/mnt/chenpeijian/autodrive/StreetWorld/lead/3rd_party/navsim_workspace/dataset/maps does not exist!
bfdf115b602357a0,False,4,/mnt/chenpeijian/autodrive/StreetWorld/lead/3rd_party/navsim_workspace/dataset/maps does not exist!
c020f63dbf0d59a6,False,4,/mnt/chenpeijian/autodrive/StreetWorld/lead/3rd_party/navsim_workspace/dataset/maps does not exist!
c056dcf1096258a4,False,4,/mnt/chenpeijian/autodrive/StreetWorld/lead/3rd_party/navsim_workspace/dataset/maps does not exist!
c07f609f83b85dd6,False,4,/mnt/chenpeijian/autodrive/StreetWorld/lead/3rd_party/navsim_workspace/dataset/maps does not exist!
c09cdf83367d5d3f,False,4,/mnt/chenpeijian/autodrive/StreetWorld/lead/3rd_party/navsim_workspace/dataset/maps does not exist!
c0ccba48004c5eba,False,4,/mnt/chenpeijian/autodrive/StreetWorld/lead/3rd_party/navsim_workspace/dataset/maps does not exist!
c0fb4281da785582,False,4,/mnt/chenpeijian/autodrive/StreetWorld/lead/3rd_party/navsim_workspace/dataset/maps does not exist!
c126718a51d85fbd,False,4,/mnt/chenpeijian/autodrive/StreetWorld/lead/3rd_party/navsim_workspace/dataset/maps does not exist!
c16d549602375cc0,False,4,/mnt/chenpeijian/autodrive/StreetWorld/lead/3rd_party/navsim_workspace/dataset/maps does not exist!
c1e0af56e9eb50b8,False,4,/mnt/chenpeijian/autodrive/StreetWorld/lead/3rd_party/navsim_workspace/dataset/maps does not exist!
c1f91d06e8285351,False,4,/mnt/chenpeijian/autodrive/StreetWorld/lead/3rd_party/navsim_workspace/dataset/maps does not exist!
c227b95266d75371,False,4,/mnt/chenpeijian/autodrive/StreetWorld/lead/3rd_party/navsim_workspace/dataset/maps does not exist!
c2735759fe9957a5,False,4,/mnt/chenpeijian/autodrive/StreetWorld/lead/3rd_party/navsim_workspace/dataset/maps does not exist!
c2915f2ac7f55f97,False,4,/mnt/chenpeijian/autodrive/StreetWorld/lead/3rd_party/navsim_workspace/dataset/maps does not exist!
c2b5ebf8ace851ea,False,4,/mnt/chenpeijian/autodrive/StreetWorld/lead/3rd_party/navsim_workspace/dataset/maps does not exist!
c2f9c48979255481,False,4,/mnt/chenpeijian/autodrive/StreetWorld/lead/3rd_party/navsim_workspace/dataset/maps does not exist!
c354c8cf3c975581,False,4,/mnt/chenpeijian/autodrive/StreetWorld/lead/3rd_party/navsim_workspace/dataset/maps does not exist!
c38eb1a738745b1e,False,4,/mnt/chenpeijian/autodrive/StreetWorld/lead/3rd_party/navsim_workspace/dataset/maps does not exist!
c3a9557ccfb5517c,False,4,/mnt/chenpeijian/autodrive/StreetWorld/lead/3rd_party/navsim_workspace/dataset/maps does not exist!
c40e41ba1a285e0d,False,4,/mnt/chenpeijian/autodrive/StreetWorld/lead/3rd_party/navsim_workspace/dataset/maps does not exist!
c4284fce4a2f5213,False,4,/mnt/chenpeijian/autodrive/StreetWorld/lead/3rd_party/navsim_workspace/dataset/maps does not exist!
c484b85e7b07535c,False,4,/mnt/chenpeijian/autodrive/StreetWorld/lead/3rd_party/navsim_workspace/dataset/maps does not exist!
c4b85436e314515b,False,4,/mnt/chenpeijian/autodrive/StreetWorld/lead/3rd_party/navsim_workspace/dataset/maps does not exist!
c4fad4d040a75b90,False,4,/mnt/chenpeijian/autodrive/StreetWorld/lead/3rd_party/navsim_workspace/dataset/maps does not exist!
c51ec68aa4fe5f05,False,4,/mnt/chenpeijian/autodrive/StreetWorld/lead/3rd_party/navsim_workspace/dataset/maps does not exist!
c5408aef4f3a538b,False,4,/mnt/chenpeijian/autodrive/StreetWorld/lead/3rd_party/navsim_workspace/dataset/maps does not exist!
c5972dc8ab5c5f70,False,4,/mnt/chenpeijian/autodrive/StreetWorld/lead/3rd_party/navsim_workspace/dataset/maps does not exist!
c5d626fc4b6c5efb,False,4,/mnt/chenpeijian/autodrive/StreetWorld/lead/3rd_party/navsim_workspace/dataset/maps does not exist!
c5fb72e3a0855c1b,False,4,/mnt/chenpeijian/autodrive/StreetWorld/lead/3rd_party/navsim_workspace/dataset/maps does not exist!
c6319bbc03fb57d0,False,4,/mnt/chenpeijian/autodrive/StreetWorld/lead/3rd_party/navsim_workspace/dataset/maps does not exist!
c65ad538a2275dd8,False,4,/mnt/chenpeijian/autodrive/StreetWorld/lead/3rd_party/navsim_workspace/dataset/maps does not exist!
c672b42254b3556d,False,4,/mnt/chenpeijian/autodrive/StreetWorld/lead/3rd_party/navsim_workspace/dataset/maps does not exist!
c69051fe82a95f3c,False,4,/mnt/chenpeijian/autodrive/StreetWorld/lead/3rd_party/navsim_workspace/dataset/maps does not exist!
c6c1dab6af9858f9,False,4,/mnt/chenpeijian/autodrive/StreetWorld/lead/3rd_party/navsim_workspace/dataset/maps does not exist!
c6fc9d4d4dec5609,False,4,/mnt/chenpeijian/autodrive/StreetWorld/lead/3rd_party/navsim_workspace/dataset/maps does not exist!
c72c3c003bc95aab,False,4,/mnt/chenpeijian/autodrive/StreetWorld/lead/3rd_party/navsim_workspace/dataset/maps does not exist!
c77bcde9378b551c,False,4,/mnt/chenpeijian/autodrive/StreetWorld/lead/3rd_party/navsim_workspace/dataset/maps does not exist!
c7a44a2e52bc5e22,False,4,/mnt/chenpeijian/autodrive/StreetWorld/lead/3rd_party/navsim_workspace/dataset/maps does not exist!
c7ef706bfbef5f7c,False,4,/mnt/chenpeijian/autodrive/StreetWorld/lead/3rd_party/navsim_workspace/dataset/maps does not exist!
c81b474102d75351,False,4,/mnt/chenpeijian/autodrive/StreetWorld/lead/3rd_party/navsim_workspace/dataset/maps does not exist!
c84475f2d8475f9d,False,4,/mnt/chenpeijian/autodrive/StreetWorld/lead/3rd_party/navsim_workspace/dataset/maps does not exist!
c8649af783035c0f,False,4,/mnt/chenpeijian/autodrive/StreetWorld/lead/3rd_party/navsim_workspace/dataset/maps does not exist!
c8c9563dbe59572a,False,4,/mnt/chenpeijian/autodrive/StreetWorld/lead/3rd_party/navsim_workspace/dataset/maps does not exist!
c90d3a1a568a59d3,False,4,/mnt/chenpeijian/autodrive/StreetWorld/lead/3rd_party/navsim_workspace/dataset/maps does not exist!
c932b69d2fed5f3c,False,4,/mnt/chenpeijian/autodrive/StreetWorld/lead/3rd_party/navsim_workspace/dataset/maps does not exist!
c95348f67fa059ae,False,4,/mnt/chenpeijian/autodrive/StreetWorld/lead/3rd_party/navsim_workspace/dataset/maps does not exist!
c9628d0526bb58c5,False,4,/mnt/chenpeijian/autodrive/StreetWorld/lead/3rd_party/navsim_workspace/dataset/maps does not exist!
c9903c96ff4153fe,False,4,/mnt/chenpeijian/autodrive/StreetWorld/lead/3rd_party/navsim_workspace/dataset/maps does not exist!
c9b3ce1062455ad6,False,4,/mnt/chenpeijian/autodrive/StreetWorld/lead/3rd_party/navsim_workspace/dataset/maps does not exist!
c9f8032d2d725257,False,4,/mnt/chenpeijian/autodrive/StreetWorld/lead/3rd_party/navsim_workspace/dataset/maps does not exist!
ca41dc3231965d47,False,4,/mnt/chenpeijian/autodrive/StreetWorld/lead/3rd_party/navsim_workspace/dataset/maps does not exist!
ca6a8cc7012a5fac,False,4,/mnt/chenpeijian/autodrive/StreetWorld/lead/3rd_party/navsim_workspace/dataset/maps does not exist!
caa0f73288d75ba7,False,4,/mnt/chenpeijian/autodrive/StreetWorld/lead/3rd_party/navsim_workspace/dataset/maps does not exist!
cadeb92fe01652e3,False,4,/mnt/chenpeijian/autodrive/StreetWorld/lead/3rd_party/navsim_workspace/dataset/maps does not exist!
cb1d400e9da85f43,False,4,/mnt/chenpeijian/autodrive/StreetWorld/lead/3rd_party/navsim_workspace/dataset/maps does not exist!
cb61f2ea159355a0,False,4,/mnt/chenpeijian/autodrive/StreetWorld/lead/3rd_party/navsim_workspace/dataset/maps does not exist!
cba63a3ef5bc51b3,False,4,/mnt/chenpeijian/autodrive/StreetWorld/lead/3rd_party/navsim_workspace/dataset/maps does not exist!
cbc996c2f68c541c,False,4,/mnt/chenpeijian/autodrive/StreetWorld/lead/3rd_party/navsim_workspace/dataset/maps does not exist!
cbf0e5deee8956a9,False,4,/mnt/chenpeijian/autodrive/StreetWorld/lead/3rd_party/navsim_workspace/dataset/maps does not exist!
cc5e04be1f105d15,False,4,/mnt/chenpeijian/autodrive/StreetWorld/lead/3rd_party/navsim_workspace/dataset/maps does not exist!
cc7d3c360c345a4b,False,4,/mnt/chenpeijian/autodrive/StreetWorld/lead/3rd_party/navsim_workspace/dataset/maps does not exist!
cc9afc95afab5758,False,4,/mnt/chenpeijian/autodrive/StreetWorld/lead/3rd_party/navsim_workspace/dataset/maps does not exist!
cccd69e7a6ff5be3,False,4,/mnt/chenpeijian/autodrive/StreetWorld/lead/3rd_party/navsim_workspace/dataset/maps does not exist!
ccdb8ab156ba5b06,False,4,/mnt/chenpeijian/autodrive/StreetWorld/lead/3rd_party/navsim_workspace/dataset/maps does not exist!
cd16888f31015b81,False,4,/mnt/chenpeijian/autodrive/StreetWorld/lead/3rd_party/navsim_workspace/dataset/maps does not exist!
cd58499f8230591a,False,4,/mnt/chenpeijian/autodrive/StreetWorld/lead/3rd_party/navsim_workspace/dataset/maps does not exist!
cd7575ed015c5678,False,4,/mnt/chenpeijian/autodrive/StreetWorld/lead/3rd_party/navsim_workspace/dataset/maps does not exist!
cd8713b912495b6d,False,4,/mnt/chenpeijian/autodrive/StreetWorld/lead/3rd_party/navsim_workspace/dataset/maps does not exist!
cdba9f9589685289,False,4,/mnt/chenpeijian/autodrive/StreetWorld/lead/3rd_party/navsim_workspace/dataset/maps does not exist!
cde38b08b4a157f5,False,4,/mnt/chenpeijian/autodrive/StreetWorld/lead/3rd_party/navsim_workspace/dataset/maps does not exist!
cdf51b82bae55641,False,4,/mnt/chenpeijian/autodrive/StreetWorld/lead/3rd_party/navsim_workspace/dataset/maps does not exist!
ce19d75d9b55589d,False,4,/mnt/chenpeijian/autodrive/StreetWorld/lead/3rd_party/navsim_workspace/dataset/maps does not exist!
ce3d0bc0b2d55876,False,4,/mnt/chenpeijian/autodrive/StreetWorld/lead/3rd_party/navsim_workspace/dataset/maps does not exist!
ce9ee9a68a4c5e93,False,4,/mnt/chenpeijian/autodrive/StreetWorld/lead/3rd_party/navsim_workspace/dataset/maps does not exist!
cebdeff85ac65185,False,4,/mnt/chenpeijian/autodrive/StreetWorld/lead/3rd_party/navsim_workspace/dataset/maps does not exist!
ced5e9f4d448524e,False,4,/mnt/chenpeijian/autodrive/StreetWorld/lead/3rd_party/navsim_workspace/dataset/maps does not exist!
cf12097663665430,False,4,/mnt/chenpeijian/autodrive/StreetWorld/lead/3rd_party/navsim_workspace/dataset/maps does not exist!
cf4d1288c560569f,False,4,/mnt/chenpeijian/autodrive/StreetWorld/lead/3rd_party/navsim_workspace/dataset/maps does not exist!
cf7876c4ad0752b5,False,4,/mnt/chenpeijian/autodrive/StreetWorld/lead/3rd_party/navsim_workspace/dataset/maps does not exist!
cfb1ab3fe0185b20,False,4,/mnt/chenpeijian/autodrive/StreetWorld/lead/3rd_party/navsim_workspace/dataset/maps does not exist!
cfdeb32366475b04,False,4,/mnt/chenpeijian/autodrive/StreetWorld/lead/3rd_party/navsim_workspace/dataset/maps does not exist!
d025c5fb0df05ef7,False,4,/mnt/chenpeijian/autodrive/StreetWorld/lead/3rd_party/navsim_workspace/dataset/maps does not exist!
d0818bf765555782,False,4,/mnt/chenpeijian/autodrive/StreetWorld/lead/3rd_party/navsim_workspace/dataset/maps does not exist!
d0910fc41d785f46,False,4,/mnt/chenpeijian/autodrive/StreetWorld/lead/3rd_party/navsim_workspace/dataset/maps does not exist!
d0bf0c6c025c5c8c,False,4,/mnt/chenpeijian/autodrive/StreetWorld/lead/3rd_party/navsim_workspace/dataset/maps does not exist!
d0fc0e92a9e4552f,False,4,/mnt/chenpeijian/autodrive/StreetWorld/lead/3rd_party/navsim_workspace/dataset/maps does not exist!
d11ecb84b9b1511c,False,4,/mnt/chenpeijian/autodrive/StreetWorld/lead/3rd_party/navsim_workspace/dataset/maps does not exist!
d1408323ef2357be,False,4,/mnt/chenpeijian/autodrive/StreetWorld/lead/3rd_party/navsim_workspace/dataset/maps does not exist!
d1861adbe9ff5581,False,4,/mnt/chenpeijian/autodrive/StreetWorld/lead/3rd_party/navsim_workspace/dataset/maps does not exist!
d1ba8c31750e5cbd,False,4,/mnt/chenpeijian/autodrive/StreetWorld/lead/3rd_party/navsim_workspace/dataset/maps does not exist!
d1e46ac6cbe15c1e,False,4,/mnt/chenpeijian/autodrive/StreetWorld/lead/3rd_party/navsim_workspace/dataset/maps does not exist!
d20be65e3dc65738,False,4,/mnt/chenpeijian/autodrive/StreetWorld/lead/3rd_party/navsim_workspace/dataset/maps does not exist!
d24604c7af87524f,False,4,/mnt/chenpeijian/autodrive/StreetWorld/lead/3rd_party/navsim_workspace/dataset/maps does not exist!
d2789ec30aaa5d6a,False,4,/mnt/chenpeijian/autodrive/StreetWorld/lead/3rd_party/navsim_workspace/dataset/maps does not exist!
d2c77b46ecee58f9,False,4,/mnt/chenpeijian/autodrive/StreetWorld/lead/3rd_party/navsim_workspace/dataset/maps does not exist!
d30c567171635154,False,4,/mnt/chenpeijian/autodrive/StreetWorld/lead/3rd_party/navsim_workspace/dataset/maps does not exist!
d33aaa347f795d0b,False,4,/mnt/chenpeijian/autodrive/StreetWorld/lead/3rd_party/navsim_workspace/dataset/maps does not exist!
d37e71f395695c6f,False,4,/mnt/chenpeijian/autodrive/StreetWorld/lead/3rd_party/navsim_workspace/dataset/maps does not exist!
d3cbad95b20b5125,False,4,/mnt/chenpeijian/autodrive/StreetWorld/lead/3rd_party/navsim_workspace/dataset/maps does not exist!
d3f00196d11c563c,False,4,/mnt/chenpeijian/autodrive/StreetWorld/lead/3rd_party/navsim_workspace/dataset/maps does not exist!
d44241b93dc95d36,False,4,/mnt/chenpeijian/autodrive/StreetWorld/lead/3rd_party/navsim_workspace/dataset/maps does not exist!
d46f1077421c5c75,False,4,/mnt/chenpeijian/autodrive/StreetWorld/lead/3rd_party/navsim_workspace/dataset/maps does not exist!
d49b986924cd5bed,False,4,/mnt/chenpeijian/autodrive/StreetWorld/lead/3rd_party/navsim_workspace/dataset/maps does not exist!
d4daf5d0fd355401,False,4,/mnt/chenpeijian/autodrive/StreetWorld/lead/3rd_party/navsim_workspace/dataset/maps does not exist!
d532c0b3a43a52dc,False,4,/mnt/chenpeijian/autodrive/StreetWorld/lead/3rd_party/navsim_workspace/dataset/maps does not exist!
d559cac76f5a5a7d,False,4,/mnt/chenpeijian/autodrive/StreetWorld/lead/3rd_party/navsim_workspace/dataset/maps does not exist!
d58159872a0d58b7,False,4,/mnt/chenpeijian/autodrive/StreetWorld/lead/3rd_party/navsim_workspace/dataset/maps does not exist!
d5ea47f2ec1550b2,False,4,/mnt/chenpeijian/autodrive/StreetWorld/lead/3rd_party/navsim_workspace/dataset/maps does not exist!
d5fc95fa66025d7a,False,4,/mnt/chenpeijian/autodrive/StreetWorld/lead/3rd_party/navsim_workspace/dataset/maps does not exist!
d6396ef1c0c55d33,False,4,/mnt/chenpeijian/autodrive/StreetWorld/lead/3rd_party/navsim_workspace/dataset/maps does not exist!
d655ae3476c9530c,False,4,/mnt/chenpeijian/autodrive/StreetWorld/lead/3rd_party/navsim_workspace/dataset/maps does not exist!
d68601dbb9d45f6b,False,4,/mnt/chenpeijian/autodrive/StreetWorld/lead/3rd_party/navsim_workspace/dataset/maps does not exist!
d697dea3ebba5047,False,4,/mnt/chenpeijian/autodrive/StreetWorld/lead/3rd_party/navsim_workspace/dataset/maps does not exist!
d6e4774d5cc65309,False,4,/mnt/chenpeijian/autodrive/StreetWorld/lead/3rd_party/navsim_workspace/dataset/maps does not exist!
d7099c8643c95283,False,4,/mnt/chenpeijian/autodrive/StreetWorld/lead/3rd_party/navsim_workspace/dataset/maps does not exist!
d71f89f4f6e350b8,False,4,/mnt/chenpeijian/autodrive/StreetWorld/lead/3rd_party/navsim_workspace/dataset/maps does not exist!
d767dfeed9965477,False,4,/mnt/chenpeijian/autodrive/StreetWorld/lead/3rd_party/navsim_workspace/dataset/maps does not exist!
d782b032259d5cc0,False,4,/mnt/chenpeijian/autodrive/StreetWorld/lead/3rd_party/navsim_workspace/dataset/maps does not exist!
d7a0ac2136015985,False,4,/mnt/chenpeijian/autodrive/StreetWorld/lead/3rd_party/navsim_workspace/dataset/maps does not exist!
d7fdaa2d555c5272,False,4,/mnt/chenpeijian/autodrive/StreetWorld/lead/3rd_party/navsim_workspace/dataset/maps does not exist!
d81e608168615b51,False,4,/mnt/chenpeijian/autodrive/StreetWorld/lead/3rd_party/navsim_workspace/dataset/maps does not exist!
d83c3b7416f3577e,False,4,/mnt/chenpeijian/autodrive/StreetWorld/lead/3rd_party/navsim_workspace/dataset/maps does not exist!
d88fdf29aeed58f5,False,4,/mnt/chenpeijian/autodrive/StreetWorld/lead/3rd_party/navsim_workspace/dataset/maps does not exist!
d8bbb945380d5d78,False,4,/mnt/chenpeijian/autodrive/StreetWorld/lead/3rd_party/navsim_workspace/dataset/maps does not exist!
d903d26195085adb,False,4,/mnt/chenpeijian/autodrive/StreetWorld/lead/3rd_party/navsim_workspace/dataset/maps does not exist!
d925879cb467504c,False,4,/mnt/chenpeijian/autodrive/StreetWorld/lead/3rd_party/navsim_workspace/dataset/maps does not exist!
d9435ec2640f586f,False,4,/mnt/chenpeijian/autodrive/StreetWorld/lead/3rd_party/navsim_workspace/dataset/maps does not exist!
d987180f18155985,False,4,/mnt/chenpeijian/autodrive/StreetWorld/lead/3rd_party/navsim_workspace/dataset/maps does not exist!
d9cf5623b4f85cad,False,4,/mnt/chenpeijian/autodrive/StreetWorld/lead/3rd_party/navsim_workspace/dataset/maps does not exist!
da026eb9dcf75339,False,4,/mnt/chenpeijian/autodrive/StreetWorld/lead/3rd_party/navsim_workspace/dataset/maps does not exist!
da36c99454f65715,False,4,/mnt/chenpeijian/autodrive/StreetWorld/lead/3rd_party/navsim_workspace/dataset/maps does not exist!
da83e9a4e38a5d6e,False,4,/mnt/chenpeijian/autodrive/StreetWorld/lead/3rd_party/navsim_workspace/dataset/maps does not exist!
dac5a6aa183b5e73,False,4,/mnt/chenpeijian/autodrive/StreetWorld/lead/3rd_party/navsim_workspace/dataset/maps does not exist!
daea2a5f018858f6,False,4,/mnt/chenpeijian/autodrive/StreetWorld/lead/3rd_party/navsim_workspace/dataset/maps does not exist!
db1794b15b1a54b4,False,4,/mnt/chenpeijian/autodrive/StreetWorld/lead/3rd_party/navsim_workspace/dataset/maps does not exist!
db5d96563dcb5427,False,4,/mnt/chenpeijian/autodrive/StreetWorld/lead/3rd_party/navsim_workspace/dataset/maps does not exist!
db817c126780531f,False,4,/mnt/chenpeijian/autodrive/StreetWorld/lead/3rd_party/navsim_workspace/dataset/maps does not exist!
dbb9c9811b275fd8,False,4,/mnt/chenpeijian/autodrive/StreetWorld/lead/3rd_party/navsim_workspace/dataset/maps does not exist!
dbff1141343a5736,False,4,/mnt/chenpeijian/autodrive/StreetWorld/lead/3rd_party/navsim_workspace/dataset/maps does not exist!
dc2675fb11d6540d,False,4,/mnt/chenpeijian/autodrive/StreetWorld/lead/3rd_party/navsim_workspace/dataset/maps does not exist!
dc87013816e059f5,False,4,/mnt/chenpeijian/autodrive/StreetWorld/lead/3rd_party/navsim_workspace/dataset/maps does not exist!
dcb6ca8a732551eb,False,4,/mnt/chenpeijian/autodrive/StreetWorld/lead/3rd_party/navsim_workspace/dataset/maps does not exist!
dce2c9983a00588e,False,4,/mnt/chenpeijian/autodrive/StreetWorld/lead/3rd_party/navsim_workspace/dataset/maps does not exist!
dd182f5d47495d7f,False,4,/mnt/chenpeijian/autodrive/StreetWorld/lead/3rd_party/navsim_workspace/dataset/maps does not exist!
dd2b5010e1d25d72,False,4,/mnt/chenpeijian/autodrive/StreetWorld/lead/3rd_party/navsim_workspace/dataset/maps does not exist!
dd4483f390725319,False,4,/mnt/chenpeijian/autodrive/StreetWorld/lead/3rd_party/navsim_workspace/dataset/maps does not exist!
dd71dee142f05d7d,False,4,/mnt/chenpeijian/autodrive/StreetWorld/lead/3rd_party/navsim_workspace/dataset/maps does not exist!
dd9efbb06b495921,False,4,/mnt/chenpeijian/autodrive/StreetWorld/lead/3rd_party/navsim_workspace/dataset/maps does not exist!
ddc904ff3be05595,False,4,/mnt/chenpeijian/autodrive/StreetWorld/lead/3rd_party/navsim_workspace/dataset/maps does not exist!
dde59a501b7f5f15,False,4,/mnt/chenpeijian/autodrive/StreetWorld/lead/3rd_party/navsim_workspace/dataset/maps does not exist!
de0fd47c70d3500a,False,4,/mnt/chenpeijian/autodrive/StreetWorld/lead/3rd_party/navsim_workspace/dataset/maps does not exist!
de310b1492245dab,False,4,/mnt/chenpeijian/autodrive/StreetWorld/lead/3rd_party/navsim_workspace/dataset/maps does not exist!
de4facce62b05f57,False,4,/mnt/chenpeijian/autodrive/StreetWorld/lead/3rd_party/navsim_workspace/dataset/maps does not exist!
de83f2c537565ca8,False,4,/mnt/chenpeijian/autodrive/StreetWorld/lead/3rd_party/navsim_workspace/dataset/maps does not exist!
dec31dc25db65e6c,False,4,/mnt/chenpeijian/autodrive/StreetWorld/lead/3rd_party/navsim_workspace/dataset/maps does not exist!
def10158059d5eb1,False,4,/mnt/chenpeijian/autodrive/StreetWorld/lead/3rd_party/navsim_workspace/dataset/maps does not exist!
df044fb9c65c5d52,False,4,/mnt/chenpeijian/autodrive/StreetWorld/lead/3rd_party/navsim_workspace/dataset/maps does not exist!
df2ff4c2c9785df6,False,4,/mnt/chenpeijian/autodrive/StreetWorld/lead/3rd_party/navsim_workspace/dataset/maps does not exist!
df4bfb41bc3b5ded,False,4,/mnt/chenpeijian/autodrive/StreetWorld/lead/3rd_party/navsim_workspace/dataset/maps does not exist!
df8bff51c1d95e09,False,4,/mnt/chenpeijian/autodrive/StreetWorld/lead/3rd_party/navsim_workspace/dataset/maps does not exist!
dfe53c7f74e5554c,False,4,/mnt/chenpeijian/autodrive/StreetWorld/lead/3rd_party/navsim_workspace/dataset/maps does not exist!
e0164d976037592c,False,4,/mnt/chenpeijian/autodrive/StreetWorld/lead/3rd_party/navsim_workspace/dataset/maps does not exist!
e036ba13ad4d5784,False,4,/mnt/chenpeijian/autodrive/StreetWorld/lead/3rd_party/navsim_workspace/dataset/maps does not exist!
e0545b6d2b755ea9,False,4,/mnt/chenpeijian/autodrive/StreetWorld/lead/3rd_party/navsim_workspace/dataset/maps does not exist!
e09425a247f752e5,False,4,/mnt/chenpeijian/autodrive/StreetWorld/lead/3rd_party/navsim_workspace/dataset/maps does not exist!
e0bb2b04e9455fa6,False,4,/mnt/chenpeijian/autodrive/StreetWorld/lead/3rd_party/navsim_workspace/dataset/maps does not exist!
e0f8a20a76c25e20,False,4,/mnt/chenpeijian/autodrive/StreetWorld/lead/3rd_party/navsim_workspace/dataset/maps does not exist!
e12d472387385ef6,False,4,/mnt/chenpeijian/autodrive/StreetWorld/lead/3rd_party/navsim_workspace/dataset/maps does not exist!
e166284508e554fa,False,4,/mnt/chenpeijian/autodrive/StreetWorld/lead/3rd_party/navsim_workspace/dataset/maps does not exist!
e18ca78f3c5f5a04,False,4,/mnt/chenpeijian/autodrive/StreetWorld/lead/3rd_party/navsim_workspace/dataset/maps does not exist!
e1cb9d3c53135bfa,False,4,/mnt/chenpeijian/autodrive/StreetWorld/lead/3rd_party/navsim_workspace/dataset/maps does not exist!
e2116f0f33b25eb5,False,4,/mnt/chenpeijian/autodrive/StreetWorld/lead/3rd_party/navsim_workspace/dataset/maps does not exist!
e244b2ddf97a57d6,False,4,/mnt/chenpeijian/autodrive/StreetWorld/lead/3rd_party/navsim_workspace/dataset/maps does not exist!
e27870f87c3656b1,False,4,/mnt/chenpeijian/autodrive/StreetWorld/lead/3rd_party/navsim_workspace/dataset/maps does not exist!
e2de3bfda0725acc,False,4,/mnt/chenpeijian/autodrive/StreetWorld/lead/3rd_party/navsim_workspace/dataset/maps does not exist!
e3082eaad29750fd,False,4,/mnt/chenpeijian/autodrive/StreetWorld/lead/3rd_party/navsim_workspace/dataset/maps does not exist!
e3418fb50fa55320,False,4,/mnt/chenpeijian/autodrive/StreetWorld/lead/3rd_party/navsim_workspace/dataset/maps does not exist!
e367d7a3c3b55302,False,4,/mnt/chenpeijian/autodrive/StreetWorld/lead/3rd_party/navsim_workspace/dataset/maps does not exist!
e3a97e3004795b39,False,4,/mnt/chenpeijian/autodrive/StreetWorld/lead/3rd_party/navsim_workspace/dataset/maps does not exist!
e3e49101a8b45645,False,4,/mnt/chenpeijian/autodrive/StreetWorld/lead/3rd_party/navsim_workspace/dataset/maps does not exist!
e41740b9529753af,False,4,/mnt/chenpeijian/autodrive/StreetWorld/lead/3rd_party/navsim_workspace/dataset/maps does not exist!
e45023fbb46857d6,False,4,/mnt/chenpeijian/autodrive/StreetWorld/lead/3rd_party/navsim_workspace/dataset/maps does not exist!
e46bb2932c0452b2,False,4,/mnt/chenpeijian/autodrive/StreetWorld/lead/3rd_party/navsim_workspace/dataset/maps does not exist!
e4b8bdb842ae567e,False,4,/mnt/chenpeijian/autodrive/StreetWorld/lead/3rd_party/navsim_workspace/dataset/maps does not exist!
e51779c52d7956bd,False,4,/mnt/chenpeijian/autodrive/StreetWorld/lead/3rd_party/navsim_workspace/dataset/maps does not exist!
e55bd804e572502a,False,4,/mnt/chenpeijian/autodrive/StreetWorld/lead/3rd_party/navsim_workspace/dataset/maps does not exist!
e56f85ee56395a99,False,4,/mnt/chenpeijian/autodrive/StreetWorld/lead/3rd_party/navsim_workspace/dataset/maps does not exist!
e5ab81a4896751e3,False,4,/mnt/chenpeijian/autodrive/StreetWorld/lead/3rd_party/navsim_workspace/dataset/maps does not exist!
e5d133c0ed5b51f6,False,4,/mnt/chenpeijian/autodrive/StreetWorld/lead/3rd_party/navsim_workspace/dataset/maps does not exist!
e5e1dbb69578517b,False,4,/mnt/chenpeijian/autodrive/StreetWorld/lead/3rd_party/navsim_workspace/dataset/maps does not exist!
e6056b57c0515735,False,4,/mnt/chenpeijian/autodrive/StreetWorld/lead/3rd_party/navsim_workspace/dataset/maps does not exist!
e62eeef3ef7055b9,False,4,/mnt/chenpeijian/autodrive/StreetWorld/lead/3rd_party/navsim_workspace/dataset/maps does not exist!
e66d21ee45e65dac,False,4,/mnt/chenpeijian/autodrive/StreetWorld/lead/3rd_party/navsim_workspace/dataset/maps does not exist!
e694febcad5b5185,False,4,/mnt/chenpeijian/autodrive/StreetWorld/lead/3rd_party/navsim_workspace/dataset/maps does not exist!
e6b7dddf4ae95fea,False,4,/mnt/chenpeijian/autodrive/StreetWorld/lead/3rd_party/navsim_workspace/dataset/maps does not exist!
e6d59439935a5309,False,4,/mnt/chenpeijian/autodrive/StreetWorld/lead/3rd_party/navsim_workspace/dataset/maps does not exist!
e6eeac307f6d507d,False,4,/mnt/chenpeijian/autodrive/StreetWorld/lead/3rd_party/navsim_workspace/dataset/maps does not exist!
e726c3ae361058c1,False,4,/mnt/chenpeijian/autodrive/StreetWorld/lead/3rd_party/navsim_workspace/dataset/maps does not exist!
e758a9ddb8a85469,False,4,/mnt/chenpeijian/autodrive/StreetWorld/lead/3rd_party/navsim_workspace/dataset/maps does not exist!
e7756dc30c605482,False,4,/mnt/chenpeijian/autodrive/StreetWorld/lead/3rd_party/navsim_workspace/dataset/maps does not exist!
e7ae612e880e5d5f,False,4,/mnt/chenpeijian/autodrive/StreetWorld/lead/3rd_party/navsim_workspace/dataset/maps does not exist!
e7cfffa4e8dd53a8,False,4,/mnt/chenpeijian/autodrive/StreetWorld/lead/3rd_party/navsim_workspace/dataset/maps does not exist!
e82216ae03b05bd4,False,4,/mnt/chenpeijian/autodrive/StreetWorld/lead/3rd_party/navsim_workspace/dataset/maps does not exist!
e849e6a954285f60,False,4,/mnt/chenpeijian/autodrive/StreetWorld/lead/3rd_party/navsim_workspace/dataset/maps does not exist!
e8858099d9b652f2,False,4,/mnt/chenpeijian/autodrive/StreetWorld/lead/3rd_party/navsim_workspace/dataset/maps does not exist!
e8ae48e9ca4a58fc,False,4,/mnt/chenpeijian/autodrive/StreetWorld/lead/3rd_party/navsim_workspace/dataset/maps does not exist!
e8e01645fcde5b8e,False,4,/mnt/chenpeijian/autodrive/StreetWorld/lead/3rd_party/navsim_workspace/dataset/maps does not exist!
e91c1fdb29a858f3,False,4,/mnt/chenpeijian/autodrive/StreetWorld/lead/3rd_party/navsim_workspace/dataset/maps does not exist!
e9645135a4fe5739,False,4,/mnt/chenpeijian/autodrive/StreetWorld/lead/3rd_party/navsim_workspace/dataset/maps does not exist!
e98f83538a315982,False,4,/mnt/chenpeijian/autodrive/StreetWorld/lead/3rd_party/navsim_workspace/dataset/maps does not exist!
e9c2b75226b85cfe,False,4,/mnt/chenpeijian/autodrive/StreetWorld/lead/3rd_party/navsim_workspace/dataset/maps does not exist!
e9fcec80707952c3,False,4,/mnt/chenpeijian/autodrive/StreetWorld/lead/3rd_party/navsim_workspace/dataset/maps does not exist!
ea21c4b17b865a4d,False,4,/mnt/chenpeijian/autodrive/StreetWorld/lead/3rd_party/navsim_workspace/dataset/maps does not exist!
ea3b45489faf5c70,False,4,/mnt/chenpeijian/autodrive/StreetWorld/lead/3rd_party/navsim_workspace/dataset/maps does not exist!
ea7d8f38a0a05149,False,4,/mnt/chenpeijian/autodrive/StreetWorld/lead/3rd_party/navsim_workspace/dataset/maps does not exist!
eab63019e1825aea,False,4,/mnt/chenpeijian/autodrive/StreetWorld/lead/3rd_party/navsim_workspace/dataset/maps does not exist!
eaf3255921e35495,False,4,/mnt/chenpeijian/autodrive/StreetWorld/lead/3rd_party/navsim_workspace/dataset/maps does not exist!
eb3dc7204bd55d17,False,4,/mnt/chenpeijian/autodrive/StreetWorld/lead/3rd_party/navsim_workspace/dataset/maps does not exist!
eb6c8a396bb75a89,False,4,/mnt/chenpeijian/autodrive/StreetWorld/lead/3rd_party/navsim_workspace/dataset/maps does not exist!
eba929a6772254e4,False,4,/mnt/chenpeijian/autodrive/StreetWorld/lead/3rd_party/navsim_workspace/dataset/maps does not exist!
ebe1b48a47f356a4,False,4,/mnt/chenpeijian/autodrive/StreetWorld/lead/3rd_party/navsim_workspace/dataset/maps does not exist!
ec1fc260f1c15d42,False,4,/mnt/chenpeijian/autodrive/StreetWorld/lead/3rd_party/navsim_workspace/dataset/maps does not exist!
ec68073cb7a15741,False,4,/mnt/chenpeijian/autodrive/StreetWorld/lead/3rd_party/navsim_workspace/dataset/maps does not exist!
ec90dfde532d5633,False,4,/mnt/chenpeijian/autodrive/StreetWorld/lead/3rd_party/navsim_workspace/dataset/maps does not exist!
ecce119989c25ae9,False,4,/mnt/chenpeijian/autodrive/StreetWorld/lead/3rd_party/navsim_workspace/dataset/maps does not exist!
ed01297783a05dba,False,4,/mnt/chenpeijian/autodrive/StreetWorld/lead/3rd_party/navsim_workspace/dataset/maps does not exist!
ed2103838dae5993,False,4,/mnt/chenpeijian/autodrive/StreetWorld/lead/3rd_party/navsim_workspace/dataset/maps does not exist!
ed5b36731bad5a32,False,4,/mnt/chenpeijian/autodrive/StreetWorld/lead/3rd_party/navsim_workspace/dataset/maps does not exist!
ed896606c8d658fc,False,4,/mnt/chenpeijian/autodrive/StreetWorld/lead/3rd_party/navsim_workspace/dataset/maps does not exist!
eda3453c6d5355e0,False,4,/mnt/chenpeijian/autodrive/StreetWorld/lead/3rd_party/navsim_workspace/dataset/maps does not exist!
edf7e758c7075ce8,False,4,/mnt/chenpeijian/autodrive/StreetWorld/lead/3rd_party/navsim_workspace/dataset/maps does not exist!
ee5975ff12275983,False,4,/mnt/chenpeijian/autodrive/StreetWorld/lead/3rd_party/navsim_workspace/dataset/maps does not exist!
ee86c71bc0765fd0,False,4,/mnt/chenpeijian/autodrive/StreetWorld/lead/3rd_party/navsim_workspace/dataset/maps does not exist!
ee9615c4b10d5ec9,False,4,/mnt/chenpeijian/autodrive/StreetWorld/lead/3rd_party/navsim_workspace/dataset/maps does not exist!
eeb4b973450f50e9,False,4,/mnt/chenpeijian/autodrive/StreetWorld/lead/3rd_party/navsim_workspace/dataset/maps does not exist!
eeeaf1937c015ab9,False,4,/mnt/chenpeijian/autodrive/StreetWorld/lead/3rd_party/navsim_workspace/dataset/maps does not exist!
ef1f8e45b9f05e4f,False,4,/mnt/chenpeijian/autodrive/StreetWorld/lead/3rd_party/navsim_workspace/dataset/maps does not exist!
ef4e7ef102395420,False,4,/mnt/chenpeijian/autodrive/StreetWorld/lead/3rd_party/navsim_workspace/dataset/maps does not exist!
ef72c411731f5e79,False,4,/mnt/chenpeijian/autodrive/StreetWorld/lead/3rd_party/navsim_workspace/dataset/maps does not exist!
ef91e3538f775238,False,4,/mnt/chenpeijian/autodrive/StreetWorld/lead/3rd_party/navsim_workspace/dataset/maps does not exist!
efc87f8726645319,False,4,/mnt/chenpeijian/autodrive/StreetWorld/lead/3rd_party/navsim_workspace/dataset/maps does not exist!
eff63ffe642d5409,False,4,/mnt/chenpeijian/autodrive/StreetWorld/lead/3rd_party/navsim_workspace/dataset/maps does not exist!
f0297d1838cd5b1f,False,4,/mnt/chenpeijian/autodrive/StreetWorld/lead/3rd_party/navsim_workspace/dataset/maps does not exist!
f07e9711c5285e75,False,4,/mnt/chenpeijian/autodrive/StreetWorld/lead/3rd_party/navsim_workspace/dataset/maps does not exist!
f0b762b8c08b5ff0,False,4,/mnt/chenpeijian/autodrive/StreetWorld/lead/3rd_party/navsim_workspace/dataset/maps does not exist!
f1042fb26da2534a,False,4,/mnt/chenpeijian/autodrive/StreetWorld/lead/3rd_party/navsim_workspace/dataset/maps does not exist!
f14a3d3672035597,False,4,/mnt/chenpeijian/autodrive/StreetWorld/lead/3rd_party/navsim_workspace/dataset/maps does not exist!
f1992f61c13e5998,False,4,/mnt/chenpeijian/autodrive/StreetWorld/lead/3rd_party/navsim_workspace/dataset/maps does not exist!
f1b802f6e9a559af,False,4,/mnt/chenpeijian/autodrive/StreetWorld/lead/3rd_party/navsim_workspace/dataset/maps does not exist!
f1dabe118a6955d6,False,4,/mnt/chenpeijian/autodrive/StreetWorld/lead/3rd_party/navsim_workspace/dataset/maps does not exist!
f205c912572b559e,False,4,/mnt/chenpeijian/autodrive/StreetWorld/lead/3rd_party/navsim_workspace/dataset/maps does not exist!
f23073987e7956e3,False,4,/mnt/chenpeijian/autodrive/StreetWorld/lead/3rd_party/navsim_workspace/dataset/maps does not exist!
f24b703a3f14583f,False,4,/mnt/chenpeijian/autodrive/StreetWorld/lead/3rd_party/navsim_workspace/dataset/maps does not exist!
f264f464b21753de,False,4,/mnt/chenpeijian/autodrive/StreetWorld/lead/3rd_party/navsim_workspace/dataset/maps does not exist!
f2acd82c43fd5490,False,4,/mnt/chenpeijian/autodrive/StreetWorld/lead/3rd_party/navsim_workspace/dataset/maps does not exist!
f2e1685f07675799,False,4,/mnt/chenpeijian/autodrive/StreetWorld/lead/3rd_party/navsim_workspace/dataset/maps does not exist!
f3282fb9352c5c9c,False,4,/mnt/chenpeijian/autodrive/StreetWorld/lead/3rd_party/navsim_workspace/dataset/maps does not exist!
f3512ae175b45844,False,4,/mnt/chenpeijian/autodrive/StreetWorld/lead/3rd_party/navsim_workspace/dataset/maps does not exist!
f3738f5be59d5d10,False,4,/mnt/chenpeijian/autodrive/StreetWorld/lead/3rd_party/navsim_workspace/dataset/maps does not exist!
f38ecbfea0075cca,False,4,/mnt/chenpeijian/autodrive/StreetWorld/lead/3rd_party/navsim_workspace/dataset/maps does not exist!
f3c7dc93e3bc57c1,False,4,/mnt/chenpeijian/autodrive/StreetWorld/lead/3rd_party/navsim_workspace/dataset/maps does not exist!
f40172a8fb1a54ee,False,4,/mnt/chenpeijian/autodrive/StreetWorld/lead/3rd_party/navsim_workspace/dataset/maps does not exist!
f42258b638fc5b64,False,4,/mnt/chenpeijian/autodrive/StreetWorld/lead/3rd_party/navsim_workspace/dataset/maps does not exist!
f465e74f13e652ce,False,4,/mnt/chenpeijian/autodrive/StreetWorld/lead/3rd_party/navsim_workspace/dataset/maps does not exist!
f4aca518cfa05850,False,4,/mnt/chenpeijian/autodrive/StreetWorld/lead/3rd_party/navsim_workspace/dataset/maps does not exist!
f4f1692fee475afa,False,4,/mnt/chenpeijian/autodrive/StreetWorld/lead/3rd_party/navsim_workspace/dataset/maps does not exist!
f51f9c282b9a54aa,False,4,/mnt/chenpeijian/autodrive/StreetWorld/lead/3rd_party/navsim_workspace/dataset/maps does not exist!
f57582f9a7dc511c,False,4,/mnt/chenpeijian/autodrive/StreetWorld/lead/3rd_party/navsim_workspace/dataset/maps does not exist!
f5a9eba40a9055f3,False,4,/mnt/chenpeijian/autodrive/StreetWorld/lead/3rd_party/navsim_workspace/dataset/maps does not exist!
f5d967a1fedb5e3b,False,4,/mnt/chenpeijian/autodrive/StreetWorld/lead/3rd_party/navsim_workspace/dataset/maps does not exist!
f5f7d39ffe625dda,False,4,/mnt/chenpeijian/autodrive/StreetWorld/lead/3rd_party/navsim_workspace/dataset/maps does not exist!
f625dafc811b5c1f,False,4,/mnt/chenpeijian/autodrive/StreetWorld/lead/3rd_party/navsim_workspace/dataset/maps does not exist!
f640e9a42e215992,False,4,/mnt/chenpeijian/autodrive/StreetWorld/lead/3rd_party/navsim_workspace/dataset/maps does not exist!
f674a05cc42b5d4a,False,4,/mnt/chenpeijian/autodrive/StreetWorld/lead/3rd_party/navsim_workspace/dataset/maps does not exist!
f6b2a416f38d5609,False,4,/mnt/chenpeijian/autodrive/StreetWorld/lead/3rd_party/navsim_workspace/dataset/maps does not exist!
f6df3f934bdb598d,False,4,/mnt/chenpeijian/autodrive/StreetWorld/lead/3rd_party/navsim_workspace/dataset/maps does not exist!
f7143ad20856584c,False,4,/mnt/chenpeijian/autodrive/StreetWorld/lead/3rd_party/navsim_workspace/dataset/maps does not exist!
f73281d701fd56a6,False,4,/mnt/chenpeijian/autodrive/StreetWorld/lead/3rd_party/navsim_workspace/dataset/maps does not exist!
f754138d3e3e5fd5,False,4,/mnt/chenpeijian/autodrive/StreetWorld/lead/3rd_party/navsim_workspace/dataset/maps does not exist!
f77c053616475084,False,4,/mnt/chenpeijian/autodrive/StreetWorld/lead/3rd_party/navsim_workspace/dataset/maps does not exist!
f7a474593242588b,False,4,/mnt/chenpeijian/autodrive/StreetWorld/lead/3rd_party/navsim_workspace/dataset/maps does not exist!
f7d40806c7045d54,False,4,/mnt/chenpeijian/autodrive/StreetWorld/lead/3rd_party/navsim_workspace/dataset/maps does not exist!
f8331125139c53d2,False,4,/mnt/chenpeijian/autodrive/StreetWorld/lead/3rd_party/navsim_workspace/dataset/maps does not exist!
f879fd3edf21506a,False,4,/mnt/chenpeijian/autodrive/StreetWorld/lead/3rd_party/navsim_workspace/dataset/maps does not exist!
f8bec974b86952e9,False,4,/mnt/chenpeijian/autodrive/StreetWorld/lead/3rd_party/navsim_workspace/dataset/maps does not exist!
f8f02729d1ee5c16,False,4,/mnt/chenpeijian/autodrive/StreetWorld/lead/3rd_party/navsim_workspace/dataset/maps does not exist!
f93751942d4e5c48,False,4,/mnt/chenpeijian/autodrive/StreetWorld/lead/3rd_party/navsim_workspace/dataset/maps does not exist!
f9592039b6aa5165,False,4,/mnt/chenpeijian/autodrive/StreetWorld/lead/3rd_party/navsim_workspace/dataset/maps does not exist!
f99992756cbb5adb,False,4,/mnt/chenpeijian/autodrive/StreetWorld/lead/3rd_party/navsim_workspace/dataset/maps does not exist!
f9d772498ab656d6,False,4,/mnt/chenpeijian/autodrive/StreetWorld/lead/3rd_party/navsim_workspace/dataset/maps does not exist!
fa23f65e1638570e,False,4,/mnt/chenpeijian/autodrive/StreetWorld/lead/3rd_party/navsim_workspace/dataset/maps does not exist!
fa6480e0a896514c,False,4,/mnt/chenpeijian/autodrive/StreetWorld/lead/3rd_party/navsim_workspace/dataset/maps does not exist!
fa80f505766d50fa,False,4,/mnt/chenpeijian/autodrive/StreetWorld/lead/3rd_party/navsim_workspace/dataset/maps does not exist!
faa12c2adc7c521f,False,4,/mnt/chenpeijian/autodrive/StreetWorld/lead/3rd_party/navsim_workspace/dataset/maps does not exist!
faf6d9be89f0538c,False,4,/mnt/chenpeijian/autodrive/StreetWorld/lead/3rd_party/navsim_workspace/dataset/maps does not exist!
fb21dbec77535015,False,4,/mnt/chenpeijian/autodrive/StreetWorld/lead/3rd_party/navsim_workspace/dataset/maps does not exist!
fb351801ac245053,False,4,/mnt/chenpeijian/autodrive/StreetWorld/lead/3rd_party/navsim_workspace/dataset/maps does not exist!
fb62cea889d654ec,False,4,/mnt/chenpeijian/autodrive/StreetWorld/lead/3rd_party/navsim_workspace/dataset/maps does not exist!
fba8aa5a1cb8583e,False,4,/mnt/chenpeijian/autodrive/StreetWorld/lead/3rd_party/navsim_workspace/dataset/maps does not exist!
fbe67126a4285628,False,4,/mnt/chenpeijian/autodrive/StreetWorld/lead/3rd_party/navsim_workspace/dataset/maps does not exist!
fc0a59dcf9d75219,False,4,/mnt/chenpeijian/autodrive/StreetWorld/lead/3rd_party/navsim_workspace/dataset/maps does not exist!
fc14b78a566f5620,False,4,/mnt/chenpeijian/autodrive/StreetWorld/lead/3rd_party/navsim_workspace/dataset/maps does not exist!
fc4bdb76d30553b0,False,4,/mnt/chenpeijian/autodrive/StreetWorld/lead/3rd_party/navsim_workspace/dataset/maps does not exist!
fc9b5914f47e58fe,False,4,/mnt/chenpeijian/autodrive/StreetWorld/lead/3rd_party/navsim_workspace/dataset/maps does not exist!
fcbe2ed045225b79,False,4,/mnt/chenpeijian/autodrive/StreetWorld/lead/3rd_party/navsim_workspace/dataset/maps does not exist!
fd11a0fc35cb52e4,False,4,/mnt/chenpeijian/autodrive/StreetWorld/lead/3rd_party/navsim_workspace/dataset/maps does not exist!
fd391501d37752ba,False,4,/mnt/chenpeijian/autodrive/StreetWorld/lead/3rd_party/navsim_workspace/dataset/maps does not exist!
fd78b0de42045de7,False,4,/mnt/chenpeijian/autodrive/StreetWorld/lead/3rd_party/navsim_workspace/dataset/maps does not exist!
fd9dc6fb2e145ef4,False,4,/mnt/chenpeijian/autodrive/StreetWorld/lead/3rd_party/navsim_workspace/dataset/maps does not exist!
fdc43c8424a256ce,False,4,/mnt/chenpeijian/autodrive/StreetWorld/lead/3rd_party/navsim_workspace/dataset/maps does not exist!
fde2ed45bca05510,False,4,/mnt/chenpeijian/autodrive/StreetWorld/lead/3rd_party/navsim_workspace/dataset/maps does not exist!
fe132c4b31ff5fc7,False,4,/mnt/chenpeijian/autodrive/StreetWorld/lead/3rd_party/navsim_workspace/dataset/maps does not exist!
fe4b2cf4e9ad5b37,False,4,/mnt/chenpeijian/autodrive/StreetWorld/lead/3rd_party/navsim_workspace/dataset/maps does not exist!
fe5bd33f199d5a64,False,4,/mnt/chenpeijian/autodrive/StreetWorld/lead/3rd_party/navsim_workspace/dataset/maps does not exist!
fe789ce80d4f5b2e,False,4,/mnt/chenpeijian/autodrive/StreetWorld/lead/3rd_party/navsim_workspace/dataset/maps does not exist!
fec2bf4f1842590c,False,4,/mnt/chenpeijian/autodrive/StreetWorld/lead/3rd_party/navsim_workspace/dataset/maps does not exist!
ff0ad146b37756e3,False,4,/mnt/chenpeijian/autodrive/StreetWorld/lead/3rd_party/navsim_workspace/dataset/maps does not exist!
ff32fea658445802,False,4,/mnt/chenpeijian/autodrive/StreetWorld/lead/3rd_party/navsim_workspace/dataset/maps does not exist!
ff66468144595101,False,4,/mnt/chenpeijian/autodrive/StreetWorld/lead/3rd_party/navsim_workspace/dataset/maps does not exist!
ff8fade989aa5bb8,False,4,/mnt/chenpeijian/autodrive/StreetWorld/lead/3rd_party/navsim_workspace/dataset/maps does not exist!
ffbe4e0250f45a3a,False,4,/mnt/chenpeijian/autodrive/StreetWorld/lead/3rd_party/navsim_workspace/dataset/maps does not exist!
ffde3cc525b75021,False,4,/mnt/chenpeijian/autodrive/StreetWorld/lead/3rd_party/navsim_workspace/dataset/maps does not exist!
00137a5ce92d591c,False,5,/mnt/chenpeijian/autodrive/StreetWorld/lead/3rd_party/navsim_workspace/dataset/maps does not exist!
0033fc4b187a5f1f,False,5,/mnt/chenpeijian/autodrive/StreetWorld/lead/3rd_party/navsim_workspace/dataset/maps does not exist!
005f87dd980253a5,False,5,/mnt/chenpeijian/autodrive/StreetWorld/lead/3rd_party/navsim_workspace/dataset/maps does not exist!
0092e40a13ea52f4,False,5,/mnt/chenpeijian/autodrive/StreetWorld/lead/3rd_party/navsim_workspace/dataset/maps does not exist!
00f20c2762515d09,False,5,/mnt/chenpeijian/autodrive/StreetWorld/lead/3rd_party/navsim_workspace/dataset/maps does not exist!
012432bd62b85f80,False,5,/mnt/chenpeijian/autodrive/StreetWorld/lead/3rd_party/navsim_workspace/dataset/maps does not exist!
013d05a439b95210,False,5,/mnt/chenpeijian/autodrive/StreetWorld/lead/3rd_party/navsim_workspace/dataset/maps does not exist!
015011d2b73158b7,False,5,/mnt/chenpeijian/autodrive/StreetWorld/lead/3rd_party/navsim_workspace/dataset/maps does not exist!
0185fc1c73c759a7,False,5,/mnt/chenpeijian/autodrive/StreetWorld/lead/3rd_party/navsim_workspace/dataset/maps does not exist!
01b78ea52da8595a,False,5,/mnt/chenpeijian/autodrive/StreetWorld/lead/3rd_party/navsim_workspace/dataset/maps does not exist!
01f2481a8cfc5803,False,5,/mnt/chenpeijian/autodrive/StreetWorld/lead/3rd_party/navsim_workspace/dataset/maps does not exist!
0208ed2202af56b2,False,5,/mnt/chenpeijian/autodrive/StreetWorld/lead/3rd_party/navsim_workspace/dataset/maps does not exist!
024d012881be5995,False,5,/mnt/chenpeijian/autodrive/StreetWorld/lead/3rd_party/navsim_workspace/dataset/maps does not exist!
026ee9bc920b5180,False,5,/mnt/chenpeijian/autodrive/StreetWorld/lead/3rd_party/navsim_workspace/dataset/maps does not exist!
02bfb6340c185b97,False,5,/mnt/chenpeijian/autodrive/StreetWorld/lead/3rd_party/navsim_workspace/dataset/maps does not exist!
02e3c13aa3975b02,False,5,/mnt/chenpeijian/autodrive/StreetWorld/lead/3rd_party/navsim_workspace/dataset/maps does not exist!
02ff5ce64ad75584,False,5,/mnt/chenpeijian/autodrive/StreetWorld/lead/3rd_party/navsim_workspace/dataset/maps does not exist!
03388b830f975734,False,5,/mnt/chenpeijian/autodrive/StreetWorld/lead/3rd_party/navsim_workspace/dataset/maps does not exist!
0372bb63e704555a,False,5,/mnt/chenpeijian/autodrive/StreetWorld/lead/3rd_party/navsim_workspace/dataset/maps does not exist!
038e954a77a95537,False,5,/mnt/chenpeijian/autodrive/StreetWorld/lead/3rd_party/navsim_workspace/dataset/maps does not exist!
03c0cf33d2105598,False,5,/mnt/chenpeijian/autodrive/StreetWorld/lead/3rd_party/navsim_workspace/dataset/maps does not exist!
043524c9126f5893,False,5,/mnt/chenpeijian/autodrive/StreetWorld/lead/3rd_party/navsim_workspace/dataset/maps does not exist!
045044cb9f21527e,False,5,/mnt/chenpeijian/autodrive/StreetWorld/lead/3rd_party/navsim_workspace/dataset/maps does not exist!
04674da1553352ad,False,5,/mnt/chenpeijian/autodrive/StreetWorld/lead/3rd_party/navsim_workspace/dataset/maps does not exist!
048eb7efa08354e3,False,5,/mnt/chenpeijian/autodrive/StreetWorld/lead/3rd_party/navsim_workspace/dataset/maps does not exist!
04daf401ec185f96,False,5,/mnt/chenpeijian/autodrive/StreetWorld/lead/3rd_party/navsim_workspace/dataset/maps does not exist!
04fafb805d465314,False,5,/mnt/chenpeijian/autodrive/StreetWorld/lead/3rd_party/navsim_workspace/dataset/maps does not exist!
053895d2bfc754f3,False,5,/mnt/chenpeijian/autodrive/StreetWorld/lead/3rd_party/navsim_workspace/dataset/maps does not exist!
056c6ca971b355b4,False,5,/mnt/chenpeijian/autodrive/StreetWorld/lead/3rd_party/navsim_workspace/dataset/maps does not exist!
059009aa4252526c,False,5,/mnt/chenpeijian/autodrive/StreetWorld/lead/3rd_party/navsim_workspace/dataset/maps does not exist!
05afd4630a525f78,False,5,/mnt/chenpeijian/autodrive/StreetWorld/lead/3rd_party/navsim_workspace/dataset/maps does not exist!
05f1c7e44f74538c,False,5,/mnt/chenpeijian/autodrive/StreetWorld/lead/3rd_party/navsim_workspace/dataset/maps does not exist!
062255c18e275666,False,5,/mnt/chenpeijian/autodrive/StreetWorld/lead/3rd_party/navsim_workspace/dataset/maps does not exist!
0663f1541eeb58b6,False,5,/mnt/chenpeijian/autodrive/StreetWorld/lead/3rd_party/navsim_workspace/dataset/maps does not exist!
068a26b124475a4a,False,5,/mnt/chenpeijian/autodrive/StreetWorld/lead/3rd_party/navsim_workspace/dataset/maps does not exist!
06a1f481118057b2,False,5,/mnt/chenpeijian/autodrive/StreetWorld/lead/3rd_party/navsim_workspace/dataset/maps does not exist!
06d7515412d45507,False,5,/mnt/chenpeijian/autodrive/StreetWorld/lead/3rd_party/navsim_workspace/dataset/maps does not exist!
070b688b49225760,False,5,/mnt/chenpeijian/autodrive/StreetWorld/lead/3rd_party/navsim_workspace/dataset/maps does not exist!
072471bece365f16,False,5,/mnt/chenpeijian/autodrive/StreetWorld/lead/3rd_party/navsim_workspace/dataset/maps does not exist!
076e4afb95d057cf,False,5,/mnt/chenpeijian/autodrive/StreetWorld/lead/3rd_party/navsim_workspace/dataset/maps does not exist!
07846b829b3a575e,False,5,/mnt/chenpeijian/autodrive/StreetWorld/lead/3rd_party/navsim_workspace/dataset/maps does not exist!
07bc26f4b1735347,False,5,/mnt/chenpeijian/autodrive/StreetWorld/lead/3rd_party/navsim_workspace/dataset/maps does not exist!
07fb7a73409e53cf,False,5,/mnt/chenpeijian/autodrive/StreetWorld/lead/3rd_party/navsim_workspace/dataset/maps does not exist!
082988f40658562c,False,5,/mnt/chenpeijian/autodrive/StreetWorld/lead/3rd_party/navsim_workspace/dataset/maps does not exist!
086e0f2ff2c45bb3,False,5,/mnt/chenpeijian/autodrive/StreetWorld/lead/3rd_party/navsim_workspace/dataset/maps does not exist!
08977ce458945f04,False,5,/mnt/chenpeijian/autodrive/StreetWorld/lead/3rd_party/navsim_workspace/dataset/maps does not exist!
08b6a130aaa35629,False,5,/mnt/chenpeijian/autodrive/StreetWorld/lead/3rd_party/navsim_workspace/dataset/maps does not exist!
08e5f4c2c0965b15,False,5,/mnt/chenpeijian/autodrive/StreetWorld/lead/3rd_party/navsim_workspace/dataset/maps does not exist!
090a482cb7335520,False,5,/mnt/chenpeijian/autodrive/StreetWorld/lead/3rd_party/navsim_workspace/dataset/maps does not exist!
0965108c193757a9,False,5,/mnt/chenpeijian/autodrive/StreetWorld/lead/3rd_party/navsim_workspace/dataset/maps does not exist!
098c8aa8816b5805,False,5,/mnt/chenpeijian/autodrive/StreetWorld/lead/3rd_party/navsim_workspace/dataset/maps does not exist!
09babda49aa659a1,False,5,/mnt/chenpeijian/autodrive/StreetWorld/lead/3rd_party/navsim_workspace/dataset/maps does not exist!
09d424ddf3a558b3,False,5,/mnt/chenpeijian/autodrive/StreetWorld/lead/3rd_party/navsim_workspace/dataset/maps does not exist!
09e4d1d929535af0,False,5,/mnt/chenpeijian/autodrive/StreetWorld/lead/3rd_party/navsim_workspace/dataset/maps does not exist!
0a2b9bb1214f5e2f,False,5,/mnt/chenpeijian/autodrive/StreetWorld/lead/3rd_party/navsim_workspace/dataset/maps does not exist!
0a5780be84565110,False,5,/mnt/chenpeijian/autodrive/StreetWorld/lead/3rd_party/navsim_workspace/dataset/maps does not exist!
0a77356a8ee85133,False,5,/mnt/chenpeijian/autodrive/StreetWorld/lead/3rd_party/navsim_workspace/dataset/maps does not exist!
0ab7e69f15735883,False,5,/mnt/chenpeijian/autodrive/StreetWorld/lead/3rd_party/navsim_workspace/dataset/maps does not exist!
0ae4ce0255695d31,False,5,/mnt/chenpeijian/autodrive/StreetWorld/lead/3rd_party/navsim_workspace/dataset/maps does not exist!
0b046094d70257ed,False,5,/mnt/chenpeijian/autodrive/StreetWorld/lead/3rd_party/navsim_workspace/dataset/maps does not exist!
0b2839db08ae5ed6,False,5,/mnt/chenpeijian/autodrive/StreetWorld/lead/3rd_party/navsim_workspace/dataset/maps does not exist!
0b4c7130090c5e85,False,5,/mnt/chenpeijian/autodrive/StreetWorld/lead/3rd_party/navsim_workspace/dataset/maps does not exist!
0b81fee06b6156d5,False,5,/mnt/chenpeijian/autodrive/StreetWorld/lead/3rd_party/navsim_workspace/dataset/maps does not exist!
0bc2eec7ad2c5599,False,5,/mnt/chenpeijian/autodrive/StreetWorld/lead/3rd_party/navsim_workspace/dataset/maps does not exist!
0bee5ed0a0a957fd,False,5,/mnt/chenpeijian/autodrive/StreetWorld/lead/3rd_party/navsim_workspace/dataset/maps does not exist!
0c267e7911165e9f,False,5,/mnt/chenpeijian/autodrive/StreetWorld/lead/3rd_party/navsim_workspace/dataset/maps does not exist!
0c4bafb20cea5e44,False,5,/mnt/chenpeijian/autodrive/StreetWorld/lead/3rd_party/navsim_workspace/dataset/maps does not exist!
0c6772102cc550ef,False,5,/mnt/chenpeijian/autodrive/StreetWorld/lead/3rd_party/navsim_workspace/dataset/maps does not exist!
0c94bd3548525c31,False,5,/mnt/chenpeijian/autodrive/StreetWorld/lead/3rd_party/navsim_workspace/dataset/maps does not exist!
0ce170237acd51c2,False,5,/mnt/chenpeijian/autodrive/StreetWorld/lead/3rd_party/navsim_workspace/dataset/maps does not exist!
0d161d05f98354dc,False,5,/mnt/chenpeijian/autodrive/StreetWorld/lead/3rd_party/navsim_workspace/dataset/maps does not exist!
0d50bb8976e45ea7,False,5,/mnt/chenpeijian/autodrive/StreetWorld/lead/3rd_party/navsim_workspace/dataset/maps does not exist!
0d7d0361dc665d25,False,5,/mnt/chenpeijian/autodrive/StreetWorld/lead/3rd_party/navsim_workspace/dataset/maps does not exist!
0da11f45cc1b51ac,False,5,/mnt/chenpeijian/autodrive/StreetWorld/lead/3rd_party/navsim_workspace/dataset/maps does not exist!
0dc4e0a3f0195741,False,5,/mnt/chenpeijian/autodrive/StreetWorld/lead/3rd_party/navsim_workspace/dataset/maps does not exist!
0de3f9728fc651a6,False,5,/mnt/chenpeijian/autodrive/StreetWorld/lead/3rd_party/navsim_workspace/dataset/maps does not exist!
0dfdaa7ed7445e7c,False,5,/mnt/chenpeijian/autodrive/StreetWorld/lead/3rd_party/navsim_workspace/dataset/maps does not exist!
0e198cad33c65494,False,5,/mnt/chenpeijian/autodrive/StreetWorld/lead/3rd_party/navsim_workspace/dataset/maps does not exist!
0e6cae45fdd5536b,False,5,/mnt/chenpeijian/autodrive/StreetWorld/lead/3rd_party/navsim_workspace/dataset/maps does not exist!
0e9d524cb7ab5e2a,False,5,/mnt/chenpeijian/autodrive/StreetWorld/lead/3rd_party/navsim_workspace/dataset/maps does not exist!
0ed2cf016ddc5f90,False,5,/mnt/chenpeijian/autodrive/StreetWorld/lead/3rd_party/navsim_workspace/dataset/maps does not exist!
0f1d91e077d05381,False,5,/mnt/chenpeijian/autodrive/StreetWorld/lead/3rd_party/navsim_workspace/dataset/maps does not exist!
0f3d66a03c5e500b,False,5,/mnt/chenpeijian/autodrive/StreetWorld/lead/3rd_party/navsim_workspace/dataset/maps does not exist!
0f622aef14545f59,False,5,/mnt/chenpeijian/autodrive/StreetWorld/lead/3rd_party/navsim_workspace/dataset/maps does not exist!
0f78a616bdcd55ab,False,5,/mnt/chenpeijian/autodrive/StreetWorld/lead/3rd_party/navsim_workspace/dataset/maps does not exist!
0f8d3b14831a5ccc,False,5,/mnt/chenpeijian/autodrive/StreetWorld/lead/3rd_party/navsim_workspace/dataset/maps does not exist!
0fa9d28a2e58550c,False,5,/mnt/chenpeijian/autodrive/StreetWorld/lead/3rd_party/navsim_workspace/dataset/maps does not exist!
0fedf81df2db5b96,False,5,/mnt/chenpeijian/autodrive/StreetWorld/lead/3rd_party/navsim_workspace/dataset/maps does not exist!
1028df4fc9055ed8,False,5,/mnt/chenpeijian/autodrive/StreetWorld/lead/3rd_party/navsim_workspace/dataset/maps does not exist!
10779d3fd7815d2f,False,5,/mnt/chenpeijian/autodrive/StreetWorld/lead/3rd_party/navsim_workspace/dataset/maps does not exist!
109354a9d0eb5d4c,False,5,/mnt/chenpeijian/autodrive/StreetWorld/lead/3rd_party/navsim_workspace/dataset/maps does not exist!
10c9b6cd8a2e55f8,False,5,/mnt/chenpeijian/autodrive/StreetWorld/lead/3rd_party/navsim_workspace/dataset/maps does not exist!
10ffaee1fe81544d,False,5,/mnt/chenpeijian/autodrive/StreetWorld/lead/3rd_party/navsim_workspace/dataset/maps does not exist!
11182f26946650bd,False,5,/mnt/chenpeijian/autodrive/StreetWorld/lead/3rd_party/navsim_workspace/dataset/maps does not exist!
1139adeebbbe5d34,False,5,/mnt/chenpeijian/autodrive/StreetWorld/lead/3rd_party/navsim_workspace/dataset/maps does not exist!
116aacf9868e5e4e,False,5,/mnt/chenpeijian/autodrive/StreetWorld/lead/3rd_party/navsim_workspace/dataset/maps does not exist!
11936935515f5daa,False,5,/mnt/chenpeijian/autodrive/StreetWorld/lead/3rd_party/navsim_workspace/dataset/maps does not exist!
11cadec88a8e547d,False,5,/mnt/chenpeijian/autodrive/StreetWorld/lead/3rd_party/navsim_workspace/dataset/maps does not exist!
11ef3e2ec35051d8,False,5,/mnt/chenpeijian/autodrive/StreetWorld/lead/3rd_party/navsim_workspace/dataset/maps does not exist!
1218b6a218b750d8,False,5,/mnt/chenpeijian/autodrive/StreetWorld/lead/3rd_party/navsim_workspace/dataset/maps does not exist!
125a155883e55be7,False,5,/mnt/chenpeijian/autodrive/StreetWorld/lead/3rd_party/navsim_workspace/dataset/maps does not exist!
1288b2d19d695376,False,5,/mnt/chenpeijian/autodrive/StreetWorld/lead/3rd_party/navsim_workspace/dataset/maps does not exist!
12af1e0adcb65df9,False,5,/mnt/chenpeijian/autodrive/StreetWorld/lead/3rd_party/navsim_workspace/dataset/maps does not exist!
12d426c6727d507a,False,5,/mnt/chenpeijian/autodrive/StreetWorld/lead/3rd_party/navsim_workspace/dataset/maps does not exist!
131c6cc5af9c58b6,False,5,/mnt/chenpeijian/autodrive/StreetWorld/lead/3rd_party/navsim_workspace/dataset/maps does not exist!
134699ce1ce455c4,False,5,/mnt/chenpeijian/autodrive/StreetWorld/lead/3rd_party/navsim_workspace/dataset/maps does not exist!
135ae32b6edc55c5,False,5,/mnt/chenpeijian/autodrive/StreetWorld/lead/3rd_party/navsim_workspace/dataset/maps does not exist!
13bae3f5ab31581d,False,5,/mnt/chenpeijian/autodrive/StreetWorld/lead/3rd_party/navsim_workspace/dataset/maps does not exist!
13da814cde3a525b,False,5,/mnt/chenpeijian/autodrive/StreetWorld/lead/3rd_party/navsim_workspace/dataset/maps does not exist!
141d6f95ecf059c4,False,5,/mnt/chenpeijian/autodrive/StreetWorld/lead/3rd_party/navsim_workspace/dataset/maps does not exist!
14618f22bb605676,False,5,/mnt/chenpeijian/autodrive/StreetWorld/lead/3rd_party/navsim_workspace/dataset/maps does not exist!
14b839d065b358d0,False,5,/mnt/chenpeijian/autodrive/StreetWorld/lead/3rd_party/navsim_workspace/dataset/maps does not exist!
14d9640a8b9d5d7d,False,5,/mnt/chenpeijian/autodrive/StreetWorld/lead/3rd_party/navsim_workspace/dataset/maps does not exist!
14fe69db03425780,False,5,/mnt/chenpeijian/autodrive/StreetWorld/lead/3rd_party/navsim_workspace/dataset/maps does not exist!
15208e349fb854b4,False,5,/mnt/chenpeijian/autodrive/StreetWorld/lead/3rd_party/navsim_workspace/dataset/maps does not exist!
153733002b5a5d25,False,5,/mnt/chenpeijian/autodrive/StreetWorld/lead/3rd_party/navsim_workspace/dataset/maps does not exist!
1550976459b45017,False,5,/mnt/chenpeijian/autodrive/StreetWorld/lead/3rd_party/navsim_workspace/dataset/maps does not exist!
1586603a5a6353e6,False,5,/mnt/chenpeijian/autodrive/StreetWorld/lead/3rd_party/navsim_workspace/dataset/maps does not exist!
15bc35249e5656b6,False,5,/mnt/chenpeijian/autodrive/StreetWorld/lead/3rd_party/navsim_workspace/dataset/maps does not exist!
15f703b63e545d42,False,5,/mnt/chenpeijian/autodrive/StreetWorld/lead/3rd_party/navsim_workspace/dataset/maps does not exist!
163c9ec0110e5384,False,5,/mnt/chenpeijian/autodrive/StreetWorld/lead/3rd_party/navsim_workspace/dataset/maps does not exist!
1679f30058f75db4,False,5,/mnt/chenpeijian/autodrive/StreetWorld/lead/3rd_party/navsim_workspace/dataset/maps does not exist!
16b6a51da6515191,False,5,/mnt/chenpeijian/autodrive/StreetWorld/lead/3rd_party/navsim_workspace/dataset/maps does not exist!
16d4835b75b05efb,False,5,/mnt/chenpeijian/autodrive/StreetWorld/lead/3rd_party/navsim_workspace/dataset/maps does not exist!
172506ac332d5af5,False,5,/mnt/chenpeijian/autodrive/StreetWorld/lead/3rd_party/navsim_workspace/dataset/maps does not exist!
17607267e8155496,False,5,/mnt/chenpeijian/autodrive/StreetWorld/lead/3rd_party/navsim_workspace/dataset/maps does not exist!
179bc3ae5b9f56b0,False,5,/mnt/chenpeijian/autodrive/StreetWorld/lead/3rd_party/navsim_workspace/dataset/maps does not exist!
17d8604b0bc65ce5,False,5,/mnt/chenpeijian/autodrive/StreetWorld/lead/3rd_party/navsim_workspace/dataset/maps does not exist!
1803fa678ee652fa,False,5,/mnt/chenpeijian/autodrive/StreetWorld/lead/3rd_party/navsim_workspace/dataset/maps does not exist!
1825640c9ed75a4b,False,5,/mnt/chenpeijian/autodrive/StreetWorld/lead/3rd_party/navsim_workspace/dataset/maps does not exist!
1844ec136eb05d57,False,5,/mnt/chenpeijian/autodrive/StreetWorld/lead/3rd_party/navsim_workspace/dataset/maps does not exist!
1862fb50f5b0518a,False,5,/mnt/chenpeijian/autodrive/StreetWorld/lead/3rd_party/navsim_workspace/dataset/maps does not exist!
18a85f2812b45525,False,5,/mnt/chenpeijian/autodrive/StreetWorld/lead/3rd_party/navsim_workspace/dataset/maps does not exist!
18f485e808bf58da,False,5,/mnt/chenpeijian/autodrive/StreetWorld/lead/3rd_party/navsim_workspace/dataset/maps does not exist!
1935e5d682ff5981,False,5,/mnt/chenpeijian/autodrive/StreetWorld/lead/3rd_party/navsim_workspace/dataset/maps does not exist!
1975d15fde2955ff,False,5,/mnt/chenpeijian/autodrive/StreetWorld/lead/3rd_party/navsim_workspace/dataset/maps does not exist!
19a595ad0fe35941,False,5,/mnt/chenpeijian/autodrive/StreetWorld/lead/3rd_party/navsim_workspace/dataset/maps does not exist!
19d546524016560f,False,5,/mnt/chenpeijian/autodrive/StreetWorld/lead/3rd_party/navsim_workspace/dataset/maps does not exist!
19f93eaa916d5528,False,5,/mnt/chenpeijian/autodrive/StreetWorld/lead/3rd_party/navsim_workspace/dataset/maps does not exist!
1a1b315baec45bc3,False,5,/mnt/chenpeijian/autodrive/StreetWorld/lead/3rd_party/navsim_workspace/dataset/maps does not exist!
1a37d69ab5805f15,False,5,/mnt/chenpeijian/autodrive/StreetWorld/lead/3rd_party/navsim_workspace/dataset/maps does not exist!
1a66019703c45296,False,5,/mnt/chenpeijian/autodrive/StreetWorld/lead/3rd_party/navsim_workspace/dataset/maps does not exist!
1aa15402bceb5743,False,5,/mnt/chenpeijian/autodrive/StreetWorld/lead/3rd_party/navsim_workspace/dataset/maps does not exist!
1b10cc004b735f40,False,5,/mnt/chenpeijian/autodrive/StreetWorld/lead/3rd_party/navsim_workspace/dataset/maps does not exist!
1b301e5f9ede59d7,False,5,/mnt/chenpeijian/autodrive/StreetWorld/lead/3rd_party/navsim_workspace/dataset/maps does not exist!
1b54d7f77eca559b,False,5,/mnt/chenpeijian/autodrive/StreetWorld/lead/3rd_party/navsim_workspace/dataset/maps does not exist!
1b95b6689ee75fab,False,5,/mnt/chenpeijian/autodrive/StreetWorld/lead/3rd_party/navsim_workspace/dataset/maps does not exist!
1bdfacbfcff75c27,False,5,/mnt/chenpeijian/autodrive/StreetWorld/lead/3rd_party/navsim_workspace/dataset/maps does not exist!
1bfbaec4ef9b556c,False,5,/mnt/chenpeijian/autodrive/StreetWorld/lead/3rd_party/navsim_workspace/dataset/maps does not exist!
1c2140b2eac55906,False,5,/mnt/chenpeijian/autodrive/StreetWorld/lead/3rd_party/navsim_workspace/dataset/maps does not exist!
1c45a4d22fcc5b2e,False,5,/mnt/chenpeijian/autodrive/StreetWorld/lead/3rd_party/navsim_workspace/dataset/maps does not exist!
1c77ba7488d35c52,False,5,/mnt/chenpeijian/autodrive/StreetWorld/lead/3rd_party/navsim_workspace/dataset/maps does not exist!
1caa3a4c5d5d510e,False,5,/mnt/chenpeijian/autodrive/StreetWorld/lead/3rd_party/navsim_workspace/dataset/maps does not exist!
1cf600346a7e5fc5,False,5,/mnt/chenpeijian/autodrive/StreetWorld/lead/3rd_party/navsim_workspace/dataset/maps does not exist!
1d198434c5f9569e,False,5,/mnt/chenpeijian/autodrive/StreetWorld/lead/3rd_party/navsim_workspace/dataset/maps does not exist!
1d538fa6a8825de1,False,5,/mnt/chenpeijian/autodrive/StreetWorld/lead/3rd_party/navsim_workspace/dataset/maps does not exist!
1dae5903323e5214,False,5,/mnt/chenpeijian/autodrive/StreetWorld/lead/3rd_party/navsim_workspace/dataset/maps does not exist!
1df1903e5bcd5036,False,5,/mnt/chenpeijian/autodrive/StreetWorld/lead/3rd_party/navsim_workspace/dataset/maps does not exist!
1e0c13bae35a50b3,False,5,/mnt/chenpeijian/autodrive/StreetWorld/lead/3rd_party/navsim_workspace/dataset/maps does not exist!
1e60548b4c00538a,False,5,/mnt/chenpeijian/autodrive/StreetWorld/lead/3rd_party/navsim_workspace/dataset/maps does not exist!
1e858b49f4a95ee8,False,5,/mnt/chenpeijian/autodrive/StreetWorld/lead/3rd_party/navsim_workspace/dataset/maps does not exist!
1eb0e6e749975996,False,5,/mnt/chenpeijian/autodrive/StreetWorld/lead/3rd_party/navsim_workspace/dataset/maps does not exist!
1ec907a74cbb54cd,False,5,/mnt/chenpeijian/autodrive/StreetWorld/lead/3rd_party/navsim_workspace/dataset/maps does not exist!
1ed9f27f63645f09,False,5,/mnt/chenpeijian/autodrive/StreetWorld/lead/3rd_party/navsim_workspace/dataset/maps does not exist!
1f13bc7f674b5ebe,False,5,/mnt/chenpeijian/autodrive/StreetWorld/lead/3rd_party/navsim_workspace/dataset/maps does not exist!
1f29aa63bc64550d,False,5,/mnt/chenpeijian/autodrive/StreetWorld/lead/3rd_party/navsim_workspace/dataset/maps does not exist!
1f55063084fd593c,False,5,/mnt/chenpeijian/autodrive/StreetWorld/lead/3rd_party/navsim_workspace/dataset/maps does not exist!
1fc2b1630a0e5c53,False,5,/mnt/chenpeijian/autodrive/StreetWorld/lead/3rd_party/navsim_workspace/dataset/maps does not exist!
1fe5f6af95e15489,False,5,/mnt/chenpeijian/autodrive/StreetWorld/lead/3rd_party/navsim_workspace/dataset/maps does not exist!
200c447283ed50eb,False,5,/mnt/chenpeijian/autodrive/StreetWorld/lead/3rd_party/navsim_workspace/dataset/maps does not exist!
20472dd2ff805948,False,5,/mnt/chenpeijian/autodrive/StreetWorld/lead/3rd_party/navsim_workspace/dataset/maps does not exist!
20728d3e677b593d,False,5,/mnt/chenpeijian/autodrive/StreetWorld/lead/3rd_party/navsim_workspace/dataset/maps does not exist!
20ae5de0a8725d9d,False,5,/mnt/chenpeijian/autodrive/StreetWorld/lead/3rd_party/navsim_workspace/dataset/maps does not exist!
20ec6765e35d5cd1,False,5,/mnt/chenpeijian/autodrive/StreetWorld/lead/3rd_party/navsim_workspace/dataset/maps does not exist!
210e056a17d1522d,False,5,/mnt/chenpeijian/autodrive/StreetWorld/lead/3rd_party/navsim_workspace/dataset/maps does not exist!
2115792748a75f88,False,5,/mnt/chenpeijian/autodrive/StreetWorld/lead/3rd_party/navsim_workspace/dataset/maps does not exist!
214bd73e71715f2c,False,5,/mnt/chenpeijian/autodrive/StreetWorld/lead/3rd_party/navsim_workspace/dataset/maps does not exist!
2189449ddbf65bff,False,5,/mnt/chenpeijian/autodrive/StreetWorld/lead/3rd_party/navsim_workspace/dataset/maps does not exist!
21b0b3ef9d2e59ed,False,5,/mnt/chenpeijian/autodrive/StreetWorld/lead/3rd_party/navsim_workspace/dataset/maps does not exist!
21cd38e3128a5285,False,5,/mnt/chenpeijian/autodrive/StreetWorld/lead/3rd_party/navsim_workspace/dataset/maps does not exist!
21dbc361352b5dbd,False,5,/mnt/chenpeijian/autodrive/StreetWorld/lead/3rd_party/navsim_workspace/dataset/maps does not exist!
22343d7492d158bb,False,5,/mnt/chenpeijian/autodrive/StreetWorld/lead/3rd_party/navsim_workspace/dataset/maps does not exist!
2258bd346b3f5376,False,5,/mnt/chenpeijian/autodrive/StreetWorld/lead/3rd_party/navsim_workspace/dataset/maps does not exist!
22a3a112a0485c4c,False,5,/mnt/chenpeijian/autodrive/StreetWorld/lead/3rd_party/navsim_workspace/dataset/maps does not exist!
22f31aadcc76590b,False,5,/mnt/chenpeijian/autodrive/StreetWorld/lead/3rd_party/navsim_workspace/dataset/maps does not exist!
23514d24647a52a3,False,5,/mnt/chenpeijian/autodrive/StreetWorld/lead/3rd_party/navsim_workspace/dataset/maps does not exist!
237b75204e495145,False,5,/mnt/chenpeijian/autodrive/StreetWorld/lead/3rd_party/navsim_workspace/dataset/maps does not exist!
23993a36d4e75a1d,False,5,/mnt/chenpeijian/autodrive/StreetWorld/lead/3rd_party/navsim_workspace/dataset/maps does not exist!
23d71fb39b0456f5,False,5,/mnt/chenpeijian/autodrive/StreetWorld/lead/3rd_party/navsim_workspace/dataset/maps does not exist!
240f44eb30c7500b,False,5,/mnt/chenpeijian/autodrive/StreetWorld/lead/3rd_party/navsim_workspace/dataset/maps does not exist!
243480f0f2545b3b,False,5,/mnt/chenpeijian/autodrive/StreetWorld/lead/3rd_party/navsim_workspace/dataset/maps does not exist!
247ae110b0c454cb,False,5,/mnt/chenpeijian/autodrive/StreetWorld/lead/3rd_party/navsim_workspace/dataset/maps does not exist!
24a036d6f97d5a50,False,5,/mnt/chenpeijian/autodrive/StreetWorld/lead/3rd_party/navsim_workspace/dataset/maps does not exist!
24ce107c0e75533a,False,5,/mnt/chenpeijian/autodrive/StreetWorld/lead/3rd_party/navsim_workspace/dataset/maps does not exist!
250389f21dee5793,False,5,/mnt/chenpeijian/autodrive/StreetWorld/lead/3rd_party/navsim_workspace/dataset/maps does not exist!
254290b4b4a35869,False,5,/mnt/chenpeijian/autodrive/StreetWorld/lead/3rd_party/navsim_workspace/dataset/maps does not exist!
257d737fc3865fd1,False,5,/mnt/chenpeijian/autodrive/StreetWorld/lead/3rd_party/navsim_workspace/dataset/maps does not exist!
25b719c231d85e56,False,5,/mnt/chenpeijian/autodrive/StreetWorld/lead/3rd_party/navsim_workspace/dataset/maps does not exist!
25d56d0a299a50fb,False,5,/mnt/chenpeijian/autodrive/StreetWorld/lead/3rd_party/navsim_workspace/dataset/maps does not exist!
2615f45588965f4c,False,5,/mnt/chenpeijian/autodrive/StreetWorld/lead/3rd_party/navsim_workspace/dataset/maps does not exist!
263f5537c4f85b38,False,5,/mnt/chenpeijian/autodrive/StreetWorld/lead/3rd_party/navsim_workspace/dataset/maps does not exist!
2653ecf542e259fc,False,5,/mnt/chenpeijian/autodrive/StreetWorld/lead/3rd_party/navsim_workspace/dataset/maps does not exist!
268ed4d63bb85cae,False,5,/mnt/chenpeijian/autodrive/StreetWorld/lead/3rd_party/navsim_workspace/dataset/maps does not exist!
26a78d23b1075252,False,5,/mnt/chenpeijian/autodrive/StreetWorld/lead/3rd_party/navsim_workspace/dataset/maps does not exist!
26cc0e92707756f2,False,5,/mnt/chenpeijian/autodrive/StreetWorld/lead/3rd_party/navsim_workspace/dataset/maps does not exist!
26ffff4876f75eed,False,5,/mnt/chenpeijian/autodrive/StreetWorld/lead/3rd_party/navsim_workspace/dataset/maps does not exist!
274fcb576b3b59a8,False,5,/mnt/chenpeijian/autodrive/StreetWorld/lead/3rd_party/navsim_workspace/dataset/maps does not exist!
2774b2c338a3500c,False,5,/mnt/chenpeijian/autodrive/StreetWorld/lead/3rd_party/navsim_workspace/dataset/maps does not exist!
278518f5fd0354b3,False,5,/mnt/chenpeijian/autodrive/StreetWorld/lead/3rd_party/navsim_workspace/dataset/maps does not exist!
27c1c1822dc75f7b,False,5,/mnt/chenpeijian/autodrive/StreetWorld/lead/3rd_party/navsim_workspace/dataset/maps does not exist!
27f481628fff5c70,False,5,/mnt/chenpeijian/autodrive/StreetWorld/lead/3rd_party/navsim_workspace/dataset/maps does not exist!
28123c233d33567e,False,5,/mnt/chenpeijian/autodrive/StreetWorld/lead/3rd_party/navsim_workspace/dataset/maps does not exist!
2835dec909575f74,False,5,/mnt/chenpeijian/autodrive/StreetWorld/lead/3rd_party/navsim_workspace/dataset/maps does not exist!
2882be3ae16b50e3,False,5,/mnt/chenpeijian/autodrive/StreetWorld/lead/3rd_party/navsim_workspace/dataset/maps does not exist!
28c5e10661025e5f,False,5,/mnt/chenpeijian/autodrive/StreetWorld/lead/3rd_party/navsim_workspace/dataset/maps does not exist!
2908ea54e9955267,False,5,/mnt/chenpeijian/autodrive/StreetWorld/lead/3rd_party/navsim_workspace/dataset/maps does not exist!
291d82d04ec359e0,False,5,/mnt/chenpeijian/autodrive/StreetWorld/lead/3rd_party/navsim_workspace/dataset/maps does not exist!
294335a3e5e45496,False,5,/mnt/chenpeijian/autodrive/StreetWorld/lead/3rd_party/navsim_workspace/dataset/maps does not exist!
2963ac11563356d9,False,5,/mnt/chenpeijian/autodrive/StreetWorld/lead/3rd_party/navsim_workspace/dataset/maps does not exist!
2991861b44895b0f,False,5,/mnt/chenpeijian/autodrive/StreetWorld/lead/3rd_party/navsim_workspace/dataset/maps does not exist!
29ba983123655159,False,5,/mnt/chenpeijian/autodrive/StreetWorld/lead/3rd_party/navsim_workspace/dataset/maps does not exist!
29d075e26b5156fc,False,5,/mnt/chenpeijian/autodrive/StreetWorld/lead/3rd_party/navsim_workspace/dataset/maps does not exist!
2a10522631ab5a56,False,5,/mnt/chenpeijian/autodrive/StreetWorld/lead/3rd_party/navsim_workspace/dataset/maps does not exist!
2a484ffd16785a64,False,5,/mnt/chenpeijian/autodrive/StreetWorld/lead/3rd_party/navsim_workspace/dataset/maps does not exist!
2a68e10c7d305af4,False,5,/mnt/chenpeijian/autodrive/StreetWorld/lead/3rd_party/navsim_workspace/dataset/maps does not exist!
2a94741039ad566d,False,5,/mnt/chenpeijian/autodrive/StreetWorld/lead/3rd_party/navsim_workspace/dataset/maps does not exist!
2ad17379a25d55d9,False,5,/mnt/chenpeijian/autodrive/StreetWorld/lead/3rd_party/navsim_workspace/dataset/maps does not exist!
2b04c510144e5545,False,5,/mnt/chenpeijian/autodrive/StreetWorld/lead/3rd_party/navsim_workspace/dataset/maps does not exist!
2b40b4ee692d52a4,False,5,/mnt/chenpeijian/autodrive/StreetWorld/lead/3rd_party/navsim_workspace/dataset/maps does not exist!
2b7bf25209dd5705,False,5,/mnt/chenpeijian/autodrive/StreetWorld/lead/3rd_party/navsim_workspace/dataset/maps does not exist!
2bd04a0902095129,False,5,/mnt/chenpeijian/autodrive/StreetWorld/lead/3rd_party/navsim_workspace/dataset/maps does not exist!
2c1c564733075187,False,5,/mnt/chenpeijian/autodrive/StreetWorld/lead/3rd_party/navsim_workspace/dataset/maps does not exist!
2c439b29049252a7,False,5,/mnt/chenpeijian/autodrive/StreetWorld/lead/3rd_party/navsim_workspace/dataset/maps does not exist!
2c978eb63fec5d2a,False,5,/mnt/chenpeijian/autodrive/StreetWorld/lead/3rd_party/navsim_workspace/dataset/maps does not exist!
2cc421e9b3fd5c17,False,5,/mnt/chenpeijian/autodrive/StreetWorld/lead/3rd_party/navsim_workspace/dataset/maps does not exist!
2cd2afde48275675,False,5,/mnt/chenpeijian/autodrive/StreetWorld/lead/3rd_party/navsim_workspace/dataset/maps does not exist!
2d1f929350f65cdc,False,5,/mnt/chenpeijian/autodrive/StreetWorld/lead/3rd_party/navsim_workspace/dataset/maps does not exist!
2d4d48a048615f9a,False,5,/mnt/chenpeijian/autodrive/StreetWorld/lead/3rd_party/navsim_workspace/dataset/maps does not exist!
2d6d2dd79ad75ea5,False,5,/mnt/chenpeijian/autodrive/StreetWorld/lead/3rd_party/navsim_workspace/dataset/maps does not exist!
2daa400892ce5a95,False,5,/mnt/chenpeijian/autodrive/StreetWorld/lead/3rd_party/navsim_workspace/dataset/maps does not exist!
2dd890fcd27352c5,False,5,/mnt/chenpeijian/autodrive/StreetWorld/lead/3rd_party/navsim_workspace/dataset/maps does not exist!
2e1835a7c6445310,False,5,/mnt/chenpeijian/autodrive/StreetWorld/lead/3rd_party/navsim_workspace/dataset/maps does not exist!
2e586c7da7c55eb3,False,5,/mnt/chenpeijian/autodrive/StreetWorld/lead/3rd_party/navsim_workspace/dataset/maps does not exist!
2e8c4827d8c757a3,False,5,/mnt/chenpeijian/autodrive/StreetWorld/lead/3rd_party/navsim_workspace/dataset/maps does not exist!
2ec48f094e475d85,False,5,/mnt/chenpeijian/autodrive/StreetWorld/lead/3rd_party/navsim_workspace/dataset/maps does not exist!
2efcd18376fb51b7,False,5,/mnt/chenpeijian/autodrive/StreetWorld/lead/3rd_party/navsim_workspace/dataset/maps does not exist!
2f482e2df2565b82,False,5,/mnt/chenpeijian/autodrive/StreetWorld/lead/3rd_party/navsim_workspace/dataset/maps does not exist!
2f8e10ba1a8f5672,False,5,/mnt/chenpeijian/autodrive/StreetWorld/lead/3rd_party/navsim_workspace/dataset/maps does not exist!
2fbf549d6aac59b9,False,5,/mnt/chenpeijian/autodrive/StreetWorld/lead/3rd_party/navsim_workspace/dataset/maps does not exist!
300226e9649b51fd,False,5,/mnt/chenpeijian/autodrive/StreetWorld/lead/3rd_party/navsim_workspace/dataset/maps does not exist!
303d452ddd2d58d1,False,5,/mnt/chenpeijian/autodrive/StreetWorld/lead/3rd_party/navsim_workspace/dataset/maps does not exist!
305634c7b587567f,False,5,/mnt/chenpeijian/autodrive/StreetWorld/lead/3rd_party/navsim_workspace/dataset/maps does not exist!
307fee530f99569a,False,5,/mnt/chenpeijian/autodrive/StreetWorld/lead/3rd_party/navsim_workspace/dataset/maps does not exist!
30b35ae958ee5bae,False,5,/mnt/chenpeijian/autodrive/StreetWorld/lead/3rd_party/navsim_workspace/dataset/maps does not exist!
30e29966db9156ee,False,5,/mnt/chenpeijian/autodrive/StreetWorld/lead/3rd_party/navsim_workspace/dataset/maps does not exist!
310ef687176e5160,False,5,/mnt/chenpeijian/autodrive/StreetWorld/lead/3rd_party/navsim_workspace/dataset/maps does not exist!
313a7548b23b5b8f,False,5,/mnt/chenpeijian/autodrive/StreetWorld/lead/3rd_party/navsim_workspace/dataset/maps does not exist!
315673fa4e595935,False,5,/mnt/chenpeijian/autodrive/StreetWorld/lead/3rd_party/navsim_workspace/dataset/maps does not exist!
3190b058710b520b,False,5,/mnt/chenpeijian/autodrive/StreetWorld/lead/3rd_party/navsim_workspace/dataset/maps does not exist!
31e7be6258f35c5a,False,5,/mnt/chenpeijian/autodrive/StreetWorld/lead/3rd_party/navsim_workspace/dataset/maps does not exist!
32399e644e53534a,False,5,/mnt/chenpeijian/autodrive/StreetWorld/lead/3rd_party/navsim_workspace/dataset/maps does not exist!
3256f37c21915104,False,5,/mnt/chenpeijian/autodrive/StreetWorld/lead/3rd_party/navsim_workspace/dataset/maps does not exist!
3284cc6a78b05b9e,False,5,/mnt/chenpeijian/autodrive/StreetWorld/lead/3rd_party/navsim_workspace/dataset/maps does not exist!
32c0c70837d05c47,False,5,/mnt/chenpeijian/autodrive/StreetWorld/lead/3rd_party/navsim_workspace/dataset/maps does not exist!
32f2729bfe435c65,False,5,/mnt/chenpeijian/autodrive/StreetWorld/lead/3rd_party/navsim_workspace/dataset/maps does not exist!
331882a4388559b6,False,5,/mnt/chenpeijian/autodrive/StreetWorld/lead/3rd_party/navsim_workspace/dataset/maps does not exist!
333a4f8a12dc564d,False,5,/mnt/chenpeijian/autodrive/StreetWorld/lead/3rd_party/navsim_workspace/dataset/maps does not exist!
3370b43bf64151a6,False,5,/mnt/chenpeijian/autodrive/StreetWorld/lead/3rd_party/navsim_workspace/dataset/maps does not exist!
33a43f22312c570d,False,5,/mnt/chenpeijian/autodrive/StreetWorld/lead/3rd_party/navsim_workspace/dataset/maps does not exist!
33c05d622bbe59a8,False,5,/mnt/chenpeijian/autodrive/StreetWorld/lead/3rd_party/navsim_workspace/dataset/maps does not exist!
33c925ac7b905e8f,False,5,/mnt/chenpeijian/autodrive/StreetWorld/lead/3rd_party/navsim_workspace/dataset/maps does not exist!
33fcb42a03535525,False,5,/mnt/chenpeijian/autodrive/StreetWorld/lead/3rd_party/navsim_workspace/dataset/maps does not exist!
342f42c4b2855ffb,False,5,/mnt/chenpeijian/autodrive/StreetWorld/lead/3rd_party/navsim_workspace/dataset/maps does not exist!
34787bf8b0d95f31,False,5,/mnt/chenpeijian/autodrive/StreetWorld/lead/3rd_party/navsim_workspace/dataset/maps does not exist!
349b80a3d95e5f6e,False,5,/mnt/chenpeijian/autodrive/StreetWorld/lead/3rd_party/navsim_workspace/dataset/maps does not exist!
34b8a3355a255f29,False,5,/mnt/chenpeijian/autodrive/StreetWorld/lead/3rd_party/navsim_workspace/dataset/maps does not exist!
34f4fd0a288b5199,False,5,/mnt/chenpeijian/autodrive/StreetWorld/lead/3rd_party/navsim_workspace/dataset/maps does not exist!
351663288cc45157,False,5,/mnt/chenpeijian/autodrive/StreetWorld/lead/3rd_party/navsim_workspace/dataset/maps does not exist!
3545234b609d5f4a,False,5,/mnt/chenpeijian/autodrive/StreetWorld/lead/3rd_party/navsim_workspace/dataset/maps does not exist!
355e4d5dc6c15b9b,False,5,/mnt/chenpeijian/autodrive/StreetWorld/lead/3rd_party/navsim_workspace/dataset/maps does not exist!
35bc469fdde35a17,False,5,/mnt/chenpeijian/autodrive/StreetWorld/lead/3rd_party/navsim_workspace/dataset/maps does not exist!
35e9a9cf7fb85962,False,5,/mnt/chenpeijian/autodrive/StreetWorld/lead/3rd_party/navsim_workspace/dataset/maps does not exist!
36037c6abc0558dc,False,5,/mnt/chenpeijian/autodrive/StreetWorld/lead/3rd_party/navsim_workspace/dataset/maps does not exist!
3623f8c74e7a5d1d,False,5,/mnt/chenpeijian/autodrive/StreetWorld/lead/3rd_party/navsim_workspace/dataset/maps does not exist!
367ead111dcb5764,False,5,/mnt/chenpeijian/autodrive/StreetWorld/lead/3rd_party/navsim_workspace/dataset/maps does not exist!
36c9f5ba92385cee,False,5,/mnt/chenpeijian/autodrive/StreetWorld/lead/3rd_party/navsim_workspace/dataset/maps does not exist!
36e98388f7a35159,False,5,/mnt/chenpeijian/autodrive/StreetWorld/lead/3rd_party/navsim_workspace/dataset/maps does not exist!
371672ed85805daf,False,5,/mnt/chenpeijian/autodrive/StreetWorld/lead/3rd_party/navsim_workspace/dataset/maps does not exist!
3741be84f7c15b5a,False,5,/mnt/chenpeijian/autodrive/StreetWorld/lead/3rd_party/navsim_workspace/dataset/maps does not exist!
376450d3edc951fc,False,5,/mnt/chenpeijian/autodrive/StreetWorld/lead/3rd_party/navsim_workspace/dataset/maps does not exist!
378f82a326bd5875,False,5,/mnt/chenpeijian/autodrive/StreetWorld/lead/3rd_party/navsim_workspace/dataset/maps does not exist!
3813108829ab54c2,False,5,/mnt/chenpeijian/autodrive/StreetWorld/lead/3rd_party/navsim_workspace/dataset/maps does not exist!
3866b4b85a135f66,False,5,/mnt/chenpeijian/autodrive/StreetWorld/lead/3rd_party/navsim_workspace/dataset/maps does not exist!
38878741cbee5e88,False,5,/mnt/chenpeijian/autodrive/StreetWorld/lead/3rd_party/navsim_workspace/dataset/maps does not exist!
38aff0f1a2f357f6,False,5,/mnt/chenpeijian/autodrive/StreetWorld/lead/3rd_party/navsim_workspace/dataset/maps does not exist!
38cce6a01e6753ea,False,5,/mnt/chenpeijian/autodrive/StreetWorld/lead/3rd_party/navsim_workspace/dataset/maps does not exist!
38f4eed7d2cb5cc0,False,5,/mnt/chenpeijian/autodrive/StreetWorld/lead/3rd_party/navsim_workspace/dataset/maps does not exist!
393eaed8070a5d2c,False,5,/mnt/chenpeijian/autodrive/StreetWorld/lead/3rd_party/navsim_workspace/dataset/maps does not exist!
396c599d06e65f68,False,5,/mnt/chenpeijian/autodrive/StreetWorld/lead/3rd_party/navsim_workspace/dataset/maps does not exist!
398010cdaac05adc,False,5,/mnt/chenpeijian/autodrive/StreetWorld/lead/3rd_party/navsim_workspace/dataset/maps does not exist!
39bbb12794ca56a3,False,5,/mnt/chenpeijian/autodrive/StreetWorld/lead/3rd_party/navsim_workspace/dataset/maps does not exist!
39e708ddd82155ea,False,5,/mnt/chenpeijian/autodrive/StreetWorld/lead/3rd_party/navsim_workspace/dataset/maps does not exist!
3a161e0999b15823,False,5,/mnt/chenpeijian/autodrive/StreetWorld/lead/3rd_party/navsim_workspace/dataset/maps does not exist!
3a4e9626c9aa5fa0,False,5,/mnt/chenpeijian/autodrive/StreetWorld/lead/3rd_party/navsim_workspace/dataset/maps does not exist!
3aa8e5d80d5d5d9b,False,5,/mnt/chenpeijian/autodrive/StreetWorld/lead/3rd_party/navsim_workspace/dataset/maps does not exist!
3ae409424da65443,False,5,/mnt/chenpeijian/autodrive/StreetWorld/lead/3rd_party/navsim_workspace/dataset/maps does not exist!
3afbbcf248dc5405,False,5,/mnt/chenpeijian/autodrive/StreetWorld/lead/3rd_party/navsim_workspace/dataset/maps does not exist!
3b10bf025bd65e4b,False,5,/mnt/chenpeijian/autodrive/StreetWorld/lead/3rd_party/navsim_workspace/dataset/maps does not exist!
3b3f3faf6778593f,False,5,/mnt/chenpeijian/autodrive/StreetWorld/lead/3rd_party/navsim_workspace/dataset/maps does not exist!
3b5ea54bfd575d68,False,5,/mnt/chenpeijian/autodrive/StreetWorld/lead/3rd_party/navsim_workspace/dataset/maps does not exist!
3b8d6a01f5705389,False,5,/mnt/chenpeijian/autodrive/StreetWorld/lead/3rd_party/navsim_workspace/dataset/maps does not exist!
3baab5739cb95408,False,5,/mnt/chenpeijian/autodrive/StreetWorld/lead/3rd_party/navsim_workspace/dataset/maps does not exist!
3bc729311a8a5d48,False,5,/mnt/chenpeijian/autodrive/StreetWorld/lead/3rd_party/navsim_workspace/dataset/maps does not exist!
3befac537db85c6c,False,5,/mnt/chenpeijian/autodrive/StreetWorld/lead/3rd_party/navsim_workspace/dataset/maps does not exist!
3c114912e4cf590c,False,5,/mnt/chenpeijian/autodrive/StreetWorld/lead/3rd_party/navsim_workspace/dataset/maps does not exist!
3c448f4385bf58e1,False,5,/mnt/chenpeijian/autodrive/StreetWorld/lead/3rd_party/navsim_workspace/dataset/maps does not exist!
3c7c1b09e9625732,False,5,/mnt/chenpeijian/autodrive/StreetWorld/lead/3rd_party/navsim_workspace/dataset/maps does not exist!
3ca2e3e846e75813,False,5,/mnt/chenpeijian/autodrive/StreetWorld/lead/3rd_party/navsim_workspace/dataset/maps does not exist!
3ceb5afc67975881,False,5,/mnt/chenpeijian/autodrive/StreetWorld/lead/3rd_party/navsim_workspace/dataset/maps does not exist!
3d11d1a35e8f500d,False,5,/mnt/chenpeijian/autodrive/StreetWorld/lead/3rd_party/navsim_workspace/dataset/maps does not exist!
3d34ef81b357566e,False,5,/mnt/chenpeijian/autodrive/StreetWorld/lead/3rd_party/navsim_workspace/dataset/maps does not exist!
3d580ffc3de95e49,False,5,/mnt/chenpeijian/autodrive/StreetWorld/lead/3rd_party/navsim_workspace/dataset/maps does not exist!
3d84e6189fdd51bb,False,5,/mnt/chenpeijian/autodrive/StreetWorld/lead/3rd_party/navsim_workspace/dataset/maps does not exist!
3dd0dfc88c6a5de8,False,5,/mnt/chenpeijian/autodrive/StreetWorld/lead/3rd_party/navsim_workspace/dataset/maps does not exist!
3e09adf2d7055216,False,5,/mnt/chenpeijian/autodrive/StreetWorld/lead/3rd_party/navsim_workspace/dataset/maps does not exist!
3e429827093e538d,False,5,/mnt/chenpeijian/autodrive/StreetWorld/lead/3rd_party/navsim_workspace/dataset/maps does not exist!
3e7237c8a7815648,False,5,/mnt/chenpeijian/autodrive/StreetWorld/lead/3rd_party/navsim_workspace/dataset/maps does not exist!
3e9b399280e250fc,False,5,/mnt/chenpeijian/autodrive/StreetWorld/lead/3rd_party/navsim_workspace/dataset/maps does not exist!
3ece2b5bbf095290,False,5,/mnt/chenpeijian/autodrive/StreetWorld/lead/3rd_party/navsim_workspace/dataset/maps does not exist!
3f188244418552d9,False,5,/mnt/chenpeijian/autodrive/StreetWorld/lead/3rd_party/navsim_workspace/dataset/maps does not exist!
3f3d9b32f2fa53ef,False,5,/mnt/chenpeijian/autodrive/StreetWorld/lead/3rd_party/navsim_workspace/dataset/maps does not exist!
3f67051b121a5e43,False,5,/mnt/chenpeijian/autodrive/StreetWorld/lead/3rd_party/navsim_workspace/dataset/maps does not exist!
3fa9c77540225eae,False,5,/mnt/chenpeijian/autodrive/StreetWorld/lead/3rd_party/navsim_workspace/dataset/maps does not exist!
3fd20b372fd15206,False,5,/mnt/chenpeijian/autodrive/StreetWorld/lead/3rd_party/navsim_workspace/dataset/maps does not exist!
3ffea9df17af502b,False,5,/mnt/chenpeijian/autodrive/StreetWorld/lead/3rd_party/navsim_workspace/dataset/maps does not exist!
40280e58e4d45fde,False,5,/mnt/chenpeijian/autodrive/StreetWorld/lead/3rd_party/navsim_workspace/dataset/maps does not exist!
40508dfbe0f35d8e,False,5,/mnt/chenpeijian/autodrive/StreetWorld/lead/3rd_party/navsim_workspace/dataset/maps does not exist!
407c0f671669566d,False,5,/mnt/chenpeijian/autodrive/StreetWorld/lead/3rd_party/navsim_workspace/dataset/maps does not exist!
40c362dd278b5280,False,5,/mnt/chenpeijian/autodrive/StreetWorld/lead/3rd_party/navsim_workspace/dataset/maps does not exist!
40e9f6044a485b14,False,5,/mnt/chenpeijian/autodrive/StreetWorld/lead/3rd_party/navsim_workspace/dataset/maps does not exist!
4126aeb4289c593c,False,5,/mnt/chenpeijian/autodrive/StreetWorld/lead/3rd_party/navsim_workspace/dataset/maps does not exist!
415b05ca44da5fbb,False,5,/mnt/chenpeijian/autodrive/StreetWorld/lead/3rd_party/navsim_workspace/dataset/maps does not exist!
418eb2a0ba415e93,False,5,/mnt/chenpeijian/autodrive/StreetWorld/lead/3rd_party/navsim_workspace/dataset/maps does not exist!
41c548e7d8aa5f1a,False,5,/mnt/chenpeijian/autodrive/StreetWorld/lead/3rd_party/navsim_workspace/dataset/maps does not exist!
4201a91014c852a8,False,5,/mnt/chenpeijian/autodrive/StreetWorld/lead/3rd_party/navsim_workspace/dataset/maps does not exist!
424e3df76d475635,False,5,/mnt/chenpeijian/autodrive/StreetWorld/lead/3rd_party/navsim_workspace/dataset/maps does not exist!
4280b7024092550c,False,5,/mnt/chenpeijian/autodrive/StreetWorld/lead/3rd_party/navsim_workspace/dataset/maps does not exist!
42a20478abeb54d5,False,5,/mnt/chenpeijian/autodrive/StreetWorld/lead/3rd_party/navsim_workspace/dataset/maps does not exist!
42d2414f92c651bf,False,5,/mnt/chenpeijian/autodrive/StreetWorld/lead/3rd_party/navsim_workspace/dataset/maps does not exist!
4310513b861550dc,False,5,/mnt/chenpeijian/autodrive/StreetWorld/lead/3rd_party/navsim_workspace/dataset/maps does not exist!
43311faf65e25505,False,5,/mnt/chenpeijian/autodrive/StreetWorld/lead/3rd_party/navsim_workspace/dataset/maps does not exist!
43458f6eab155322,False,5,/mnt/chenpeijian/autodrive/StreetWorld/lead/3rd_party/navsim_workspace/dataset/maps does not exist!
436da44562c95ac0,False,5,/mnt/chenpeijian/autodrive/StreetWorld/lead/3rd_party/navsim_workspace/dataset/maps does not exist!
43a759f57b1d51e4,False,5,/mnt/chenpeijian/autodrive/StreetWorld/lead/3rd_party/navsim_workspace/dataset/maps does not exist!
43e42cf1a2175b88,False,5,/mnt/chenpeijian/autodrive/StreetWorld/lead/3rd_party/navsim_workspace/dataset/maps does not exist!
44230a68f8305c14,False,5,/mnt/chenpeijian/autodrive/StreetWorld/lead/3rd_party/navsim_workspace/dataset/maps does not exist!
448808123f695637,False,5,/mnt/chenpeijian/autodrive/StreetWorld/lead/3rd_party/navsim_workspace/dataset/maps does not exist!
44c38912946e580e,False,5,/mnt/chenpeijian/autodrive/StreetWorld/lead/3rd_party/navsim_workspace/dataset/maps does not exist!
44f758bf2bee53ce,False,5,/mnt/chenpeijian/autodrive/StreetWorld/lead/3rd_party/navsim_workspace/dataset/maps does not exist!
451b114eef365ee0,False,5,/mnt/chenpeijian/autodrive/StreetWorld/lead/3rd_party/navsim_workspace/dataset/maps does not exist!
4543fc207fbb553e,False,5,/mnt/chenpeijian/autodrive/StreetWorld/lead/3rd_party/navsim_workspace/dataset/maps does not exist!
456ef599efa85659,False,5,/mnt/chenpeijian/autodrive/StreetWorld/lead/3rd_party/navsim_workspace/dataset/maps does not exist!
45c1c24ad1d35bfb,False,5,/mnt/chenpeijian/autodrive/StreetWorld/lead/3rd_party/navsim_workspace/dataset/maps does not exist!
45ebc34cbe405c3e,False,5,/mnt/chenpeijian/autodrive/StreetWorld/lead/3rd_party/navsim_workspace/dataset/maps does not exist!
466b634cd806541b,False,5,/mnt/chenpeijian/autodrive/StreetWorld/lead/3rd_party/navsim_workspace/dataset/maps does not exist!
46adda2ea05a50a4,False,5,/mnt/chenpeijian/autodrive/StreetWorld/lead/3rd_party/navsim_workspace/dataset/maps does not exist!
46f4d9ea67c75a76,False,5,/mnt/chenpeijian/autodrive/StreetWorld/lead/3rd_party/navsim_workspace/dataset/maps does not exist!
472899393e8f55e1,False,5,/mnt/chenpeijian/autodrive/StreetWorld/lead/3rd_party/navsim_workspace/dataset/maps does not exist!
4755336a0e225d97,False,5,/mnt/chenpeijian/autodrive/StreetWorld/lead/3rd_party/navsim_workspace/dataset/maps does not exist!
476d6788dbd2518f,False,5,/mnt/chenpeijian/autodrive/StreetWorld/lead/3rd_party/navsim_workspace/dataset/maps does not exist!
47cdeda07aeb5b19,False,5,/mnt/chenpeijian/autodrive/StreetWorld/lead/3rd_party/navsim_workspace/dataset/maps does not exist!
47f8cc513134512b,False,5,/mnt/chenpeijian/autodrive/StreetWorld/lead/3rd_party/navsim_workspace/dataset/maps does not exist!
4826c59b43f6568a,False,5,/mnt/chenpeijian/autodrive/StreetWorld/lead/3rd_party/navsim_workspace/dataset/maps does not exist!
484b6d9a28f350bd,False,5,/mnt/chenpeijian/autodrive/StreetWorld/lead/3rd_party/navsim_workspace/dataset/maps does not exist!
4885d99d4c3959b8,False,5,/mnt/chenpeijian/autodrive/StreetWorld/lead/3rd_party/navsim_workspace/dataset/maps does not exist!
48a6621d92dd5be3,False,5,/mnt/chenpeijian/autodrive/StreetWorld/lead/3rd_party/navsim_workspace/dataset/maps does not exist!
48e9a54281845595,False,5,/mnt/chenpeijian/autodrive/StreetWorld/lead/3rd_party/navsim_workspace/dataset/maps does not exist!
4907817195ff5d6f,False,5,/mnt/chenpeijian/autodrive/StreetWorld/lead/3rd_party/navsim_workspace/dataset/maps does not exist!
492a64b807da5cfb,False,5,/mnt/chenpeijian/autodrive/StreetWorld/lead/3rd_party/navsim_workspace/dataset/maps does not exist!
4986d2307c895bdb,False,5,/mnt/chenpeijian/autodrive/StreetWorld/lead/3rd_party/navsim_workspace/dataset/maps does not exist!
49b32cb088ae53fe,False,5,/mnt/chenpeijian/autodrive/StreetWorld/lead/3rd_party/navsim_workspace/dataset/maps does not exist!
49d0c7d110f15c0e,False,5,/mnt/chenpeijian/autodrive/StreetWorld/lead/3rd_party/navsim_workspace/dataset/maps does not exist!
4a07aac45fc35fcf,False,5,/mnt/chenpeijian/autodrive/StreetWorld/lead/3rd_party/navsim_workspace/dataset/maps does not exist!
4a40d0564325502c,False,5,/mnt/chenpeijian/autodrive/StreetWorld/lead/3rd_party/navsim_workspace/dataset/maps does not exist!
4a62cc0027965e10,False,5,/mnt/chenpeijian/autodrive/StreetWorld/lead/3rd_party/navsim_workspace/dataset/maps does not exist!
4a919f7ea2f65200,False,5,/mnt/chenpeijian/autodrive/StreetWorld/lead/3rd_party/navsim_workspace/dataset/maps does not exist!
4abb45d9ee1a5c5c,False,5,/mnt/chenpeijian/autodrive/StreetWorld/lead/3rd_party/navsim_workspace/dataset/maps does not exist!
4ad7866306895cca,False,5,/mnt/chenpeijian/autodrive/StreetWorld/lead/3rd_party/navsim_workspace/dataset/maps does not exist!
4b04d67c77455726,False,5,/mnt/chenpeijian/autodrive/StreetWorld/lead/3rd_party/navsim_workspace/dataset/maps does not exist!
4b43cd9b3d3f576c,False,5,/mnt/chenpeijian/autodrive/StreetWorld/lead/3rd_party/navsim_workspace/dataset/maps does not exist!
4b58ef9360555bac,False,5,/mnt/chenpeijian/autodrive/StreetWorld/lead/3rd_party/navsim_workspace/dataset/maps does not exist!
4b721ff0b7025f21,False,5,/mnt/chenpeijian/autodrive/StreetWorld/lead/3rd_party/navsim_workspace/dataset/maps does not exist!
4b9627827aff5013,False,5,/mnt/chenpeijian/autodrive/StreetWorld/lead/3rd_party/navsim_workspace/dataset/maps does not exist!
4bbc76cff4355b53,False,5,/mnt/chenpeijian/autodrive/StreetWorld/lead/3rd_party/navsim_workspace/dataset/maps does not exist!
4bdff78fdccd5f6d,False,5,/mnt/chenpeijian/autodrive/StreetWorld/lead/3rd_party/navsim_workspace/dataset/maps does not exist!
4c24c3efe0e4519d,False,5,/mnt/chenpeijian/autodrive/StreetWorld/lead/3rd_party/navsim_workspace/dataset/maps does not exist!
4c629e2da77a50c7,False,5,/mnt/chenpeijian/autodrive/StreetWorld/lead/3rd_party/navsim_workspace/dataset/maps does not exist!
4cb70e4f5d4b5fdf,False,5,/mnt/chenpeijian/autodrive/StreetWorld/lead/3rd_party/navsim_workspace/dataset/maps does not exist!
4cd806a126f85b23,False,5,/mnt/chenpeijian/autodrive/StreetWorld/lead/3rd_party/navsim_workspace/dataset/maps does not exist!
4cee76c8118b5609,False,5,/mnt/chenpeijian/autodrive/StreetWorld/lead/3rd_party/navsim_workspace/dataset/maps does not exist!
4d0df74bfb035f8a,False,5,/mnt/chenpeijian/autodrive/StreetWorld/lead/3rd_party/navsim_workspace/dataset/maps does not exist!
4d31d76919495557,False,5,/mnt/chenpeijian/autodrive/StreetWorld/lead/3rd_party/navsim_workspace/dataset/maps does not exist!
4d5c4013a6db5819,False,5,/mnt/chenpeijian/autodrive/StreetWorld/lead/3rd_party/navsim_workspace/dataset/maps does not exist!
4d8baa6e638f5cfb,False,5,/mnt/chenpeijian/autodrive/StreetWorld/lead/3rd_party/navsim_workspace/dataset/maps does not exist!
4db7ecab510656e1,False,5,/mnt/chenpeijian/autodrive/StreetWorld/lead/3rd_party/navsim_workspace/dataset/maps does not exist!
4dd9d92ade255f95,False,5,/mnt/chenpeijian/autodrive/StreetWorld/lead/3rd_party/navsim_workspace/dataset/maps does not exist!
4e0667aa6ead5e7d,False,5,/mnt/chenpeijian/autodrive/StreetWorld/lead/3rd_party/navsim_workspace/dataset/maps does not exist!
4e2cc4b2c43055fe,False,5,/mnt/chenpeijian/autodrive/StreetWorld/lead/3rd_party/navsim_workspace/dataset/maps does not exist!
4e54c991bd0259cb,False,5,/mnt/chenpeijian/autodrive/StreetWorld/lead/3rd_party/navsim_workspace/dataset/maps does not exist!
4eab329460d853f6,False,5,/mnt/chenpeijian/autodrive/StreetWorld/lead/3rd_party/navsim_workspace/dataset/maps does not exist!
4ef621a8318b5085,False,5,/mnt/chenpeijian/autodrive/StreetWorld/lead/3rd_party/navsim_workspace/dataset/maps does not exist!
4f466c389dce58e4,False,5,/mnt/chenpeijian/autodrive/StreetWorld/lead/3rd_party/navsim_workspace/dataset/maps does not exist!
4f68cdad89a65c7a,False,5,/mnt/chenpeijian/autodrive/StreetWorld/lead/3rd_party/navsim_workspace/dataset/maps does not exist!
4fabf8c780005e4f,False,5,/mnt/chenpeijian/autodrive/StreetWorld/lead/3rd_party/navsim_workspace/dataset/maps does not exist!
4fd76c8d85845816,False,5,/mnt/chenpeijian/autodrive/StreetWorld/lead/3rd_party/navsim_workspace/dataset/maps does not exist!
50142143082f5c0e,False,5,/mnt/chenpeijian/autodrive/StreetWorld/lead/3rd_party/navsim_workspace/dataset/maps does not exist!
502fc2f7b9415e11,False,5,/mnt/chenpeijian/autodrive/StreetWorld/lead/3rd_party/navsim_workspace/dataset/maps does not exist!
50702dbe2f785ae5,False,5,/mnt/chenpeijian/autodrive/StreetWorld/lead/3rd_party/navsim_workspace/dataset/maps does not exist!
508cd663b9a85228,False,5,/mnt/chenpeijian/autodrive/StreetWorld/lead/3rd_party/navsim_workspace/dataset/maps does not exist!
50ab222cd07b5bcd,False,5,/mnt/chenpeijian/autodrive/StreetWorld/lead/3rd_party/navsim_workspace/dataset/maps does not exist!
5102468ad3745c60,False,5,/mnt/chenpeijian/autodrive/StreetWorld/lead/3rd_party/navsim_workspace/dataset/maps does not exist!
5143553713f05db3,False,5,/mnt/chenpeijian/autodrive/StreetWorld/lead/3rd_party/navsim_workspace/dataset/maps does not exist!
516cb0d01d1f5b32,False,5,/mnt/chenpeijian/autodrive/StreetWorld/lead/3rd_party/navsim_workspace/dataset/maps does not exist!
51c2558524435a31,False,5,/mnt/chenpeijian/autodrive/StreetWorld/lead/3rd_party/navsim_workspace/dataset/maps does not exist!
5209e1f6a97e592a,False,5,/mnt/chenpeijian/autodrive/StreetWorld/lead/3rd_party/navsim_workspace/dataset/maps does not exist!
5230f4ecc5e054f5,False,5,/mnt/chenpeijian/autodrive/StreetWorld/lead/3rd_party/navsim_workspace/dataset/maps does not exist!
5250ee99c1f05d97,False,5,/mnt/chenpeijian/autodrive/StreetWorld/lead/3rd_party/navsim_workspace/dataset/maps does not exist!
529d2e20dc615c3b,False,5,/mnt/chenpeijian/autodrive/StreetWorld/lead/3rd_party/navsim_workspace/dataset/maps does not exist!
52b2e626eca85976,False,5,/mnt/chenpeijian/autodrive/StreetWorld/lead/3rd_party/navsim_workspace/dataset/maps does not exist!
52cb0688ae7c5bed,False,5,/mnt/chenpeijian/autodrive/StreetWorld/lead/3rd_party/navsim_workspace/dataset/maps does not exist!
52ed9777731d5ba8,False,5,/mnt/chenpeijian/autodrive/StreetWorld/lead/3rd_party/navsim_workspace/dataset/maps does not exist!
5303407715805679,False,5,/mnt/chenpeijian/autodrive/StreetWorld/lead/3rd_party/navsim_workspace/dataset/maps does not exist!
534431abbbd75d4f,False,5,/mnt/chenpeijian/autodrive/StreetWorld/lead/3rd_party/navsim_workspace/dataset/maps does not exist!
5350e5a376c259f6,False,5,/mnt/chenpeijian/autodrive/StreetWorld/lead/3rd_party/navsim_workspace/dataset/maps does not exist!
5379d354b9b95048,False,5,/mnt/chenpeijian/autodrive/StreetWorld/lead/3rd_party/navsim_workspace/dataset/maps does not exist!
53d3787367c75240,False,5,/mnt/chenpeijian/autodrive/StreetWorld/lead/3rd_party/navsim_workspace/dataset/maps does not exist!
540ec2943ea050c9,False,5,/mnt/chenpeijian/autodrive/StreetWorld/lead/3rd_party/navsim_workspace/dataset/maps does not exist!
542bec9a7d6e5c52,False,5,/mnt/chenpeijian/autodrive/StreetWorld/lead/3rd_party/navsim_workspace/dataset/maps does not exist!
546c6d1bfc455f77,False,5,/mnt/chenpeijian/autodrive/StreetWorld/lead/3rd_party/navsim_workspace/dataset/maps does not exist!
54a706251c0558d2,False,5,/mnt/chenpeijian/autodrive/StreetWorld/lead/3rd_party/navsim_workspace/dataset/maps does not exist!
54bf100910bc5b10,False,5,/mnt/chenpeijian/autodrive/StreetWorld/lead/3rd_party/navsim_workspace/dataset/maps does not exist!
54e57dfcbf295398,False,5,/mnt/chenpeijian/autodrive/StreetWorld/lead/3rd_party/navsim_workspace/dataset/maps does not exist!
5517642e588e59d0,False,5,/mnt/chenpeijian/autodrive/StreetWorld/lead/3rd_party/navsim_workspace/dataset/maps does not exist!
55237cf0b8c45ec9,False,5,/mnt/chenpeijian/autodrive/StreetWorld/lead/3rd_party/navsim_workspace/dataset/maps does not exist!
5576401890e55a6e,False,5,/mnt/chenpeijian/autodrive/StreetWorld/lead/3rd_party/navsim_workspace/dataset/maps does not exist!
5594163f2d8751f6,False,5,/mnt/chenpeijian/autodrive/StreetWorld/lead/3rd_party/navsim_workspace/dataset/maps does not exist!
55ba1ce72f1b5160,False,5,/mnt/chenpeijian/autodrive/StreetWorld/lead/3rd_party/navsim_workspace/dataset/maps does not exist!
55de917b2f545939,False,5,/mnt/chenpeijian/autodrive/StreetWorld/lead/3rd_party/navsim_workspace/dataset/maps does not exist!
563cd0d9beb7563a,False,5,/mnt/chenpeijian/autodrive/StreetWorld/lead/3rd_party/navsim_workspace/dataset/maps does not exist!
5667135252dd528a,False,5,/mnt/chenpeijian/autodrive/StreetWorld/lead/3rd_party/navsim_workspace/dataset/maps does not exist!
567469e556cf5e6b,False,5,/mnt/chenpeijian/autodrive/StreetWorld/lead/3rd_party/navsim_workspace/dataset/maps does not exist!
569670245b515d11,False,5,/mnt/chenpeijian/autodrive/StreetWorld/lead/3rd_party/navsim_workspace/dataset/maps does not exist!
56af844c0e0a53ce,False,5,/mnt/chenpeijian/autodrive/StreetWorld/lead/3rd_party/navsim_workspace/dataset/maps does not exist!
56fe5be4b9dc5c77,False,5,/mnt/chenpeijian/autodrive/StreetWorld/lead/3rd_party/navsim_workspace/dataset/maps does not exist!
575a40958ae65abd,False,5,/mnt/chenpeijian/autodrive/StreetWorld/lead/3rd_party/navsim_workspace/dataset/maps does not exist!
5798a6e25f2553e4,False,5,/mnt/chenpeijian/autodrive/StreetWorld/lead/3rd_party/navsim_workspace/dataset/maps does not exist!
57be56626c61528e,False,5,/mnt/chenpeijian/autodrive/StreetWorld/lead/3rd_party/navsim_workspace/dataset/maps does not exist!
580524859b485a1b,False,5,/mnt/chenpeijian/autodrive/StreetWorld/lead/3rd_party/navsim_workspace/dataset/maps does not exist!
581e219460ef5789,False,5,/mnt/chenpeijian/autodrive/StreetWorld/lead/3rd_party/navsim_workspace/dataset/maps does not exist!
584d2d7503175ef5,False,5,/mnt/chenpeijian/autodrive/StreetWorld/lead/3rd_party/navsim_workspace/dataset/maps does not exist!
5876e4def8615813,False,5,/mnt/chenpeijian/autodrive/StreetWorld/lead/3rd_party/navsim_workspace/dataset/maps does not exist!
589c06909f1c5c27,False,5,/mnt/chenpeijian/autodrive/StreetWorld/lead/3rd_party/navsim_workspace/dataset/maps does not exist!
58b96e6ca9a95ff4,False,5,/mnt/chenpeijian/autodrive/StreetWorld/lead/3rd_party/navsim_workspace/dataset/maps does not exist!
592abdaa0cb25437,False,5,/mnt/chenpeijian/autodrive/StreetWorld/lead/3rd_party/navsim_workspace/dataset/maps does not exist!
594dba6254d4500b,False,5,/mnt/chenpeijian/autodrive/StreetWorld/lead/3rd_party/navsim_workspace/dataset/maps does not exist!
5966bd50b16558ca,False,5,/mnt/chenpeijian/autodrive/StreetWorld/lead/3rd_party/navsim_workspace/dataset/maps does not exist!
597fd00be3675d16,False,5,/mnt/chenpeijian/autodrive/StreetWorld/lead/3rd_party/navsim_workspace/dataset/maps does not exist!
59b4bb47cf6656cf,False,5,/mnt/chenpeijian/autodrive/StreetWorld/lead/3rd_party/navsim_workspace/dataset/maps does not exist!
59c8fb57fe4058ea,False,5,/mnt/chenpeijian/autodrive/StreetWorld/lead/3rd_party/navsim_workspace/dataset/maps does not exist!
5a03ac06c53d5b19,False,5,/mnt/chenpeijian/autodrive/StreetWorld/lead/3rd_party/navsim_workspace/dataset/maps does not exist!
5a2719c85ee9570c,False,5,/mnt/chenpeijian/autodrive/StreetWorld/lead/3rd_party/navsim_workspace/dataset/maps does not exist!
5a4709a2348f58a7,False,5,/mnt/chenpeijian/autodrive/StreetWorld/lead/3rd_party/navsim_workspace/dataset/maps does not exist!
5a7f3e30fe075a16,False,5,/mnt/chenpeijian/autodrive/StreetWorld/lead/3rd_party/navsim_workspace/dataset/maps does not exist!
5aac73b6f21a5a86,False,5,/mnt/chenpeijian/autodrive/StreetWorld/lead/3rd_party/navsim_workspace/dataset/maps does not exist!
5abef8058afa529f,False,5,/mnt/chenpeijian/autodrive/StreetWorld/lead/3rd_party/navsim_workspace/dataset/maps does not exist!
5ae9a8971a6754f1,False,5,/mnt/chenpeijian/autodrive/StreetWorld/lead/3rd_party/navsim_workspace/dataset/maps does not exist!
5b21d7acaa545a46,False,5,/mnt/chenpeijian/autodrive/StreetWorld/lead/3rd_party/navsim_workspace/dataset/maps does not exist!
5b4cbfe57b9b524b,False,5,/mnt/chenpeijian/autodrive/StreetWorld/lead/3rd_party/navsim_workspace/dataset/maps does not exist!
5b834475a09a531c,False,5,/mnt/chenpeijian/autodrive/StreetWorld/lead/3rd_party/navsim_workspace/dataset/maps does not exist!
5bd2bc00e2d358e0,False,5,/mnt/chenpeijian/autodrive/StreetWorld/lead/3rd_party/navsim_workspace/dataset/maps does not exist!
5c1b8e332d105b79,False,5,/mnt/chenpeijian/autodrive/StreetWorld/lead/3rd_party/navsim_workspace/dataset/maps does not exist!
5c786c10eb7f57da,False,5,/mnt/chenpeijian/autodrive/StreetWorld/lead/3rd_party/navsim_workspace/dataset/maps does not exist!
5ca8a2941e3f56c2,False,5,/mnt/chenpeijian/autodrive/StreetWorld/lead/3rd_party/navsim_workspace/dataset/maps does not exist!
5cdf559f99b859a4,False,5,/mnt/chenpeijian/autodrive/StreetWorld/lead/3rd_party/navsim_workspace/dataset/maps does not exist!
5d12ad55fdd858e1,False,5,/mnt/chenpeijian/autodrive/StreetWorld/lead/3rd_party/navsim_workspace/dataset/maps does not exist!
5d5dfc678c9759a1,False,5,/mnt/chenpeijian/autodrive/StreetWorld/lead/3rd_party/navsim_workspace/dataset/maps does not exist!
5d87c059eba15807,False,5,/mnt/chenpeijian/autodrive/StreetWorld/lead/3rd_party/navsim_workspace/dataset/maps does not exist!
5dcc8367111b5fad,False,5,/mnt/chenpeijian/autodrive/StreetWorld/lead/3rd_party/navsim_workspace/dataset/maps does not exist!
5e279bb4bb105df9,False,5,/mnt/chenpeijian/autodrive/StreetWorld/lead/3rd_party/navsim_workspace/dataset/maps does not exist!
5e81fdb02c275b17,False,5,/mnt/chenpeijian/autodrive/StreetWorld/lead/3rd_party/navsim_workspace/dataset/maps does not exist!
5ed4446679c35566,False,5,/mnt/chenpeijian/autodrive/StreetWorld/lead/3rd_party/navsim_workspace/dataset/maps does not exist!
5f2d040ee3bf5c6e,False,5,/mnt/chenpeijian/autodrive/StreetWorld/lead/3rd_party/navsim_workspace/dataset/maps does not exist!
5f8d8f88750f57b7,False,5,/mnt/chenpeijian/autodrive/StreetWorld/lead/3rd_party/navsim_workspace/dataset/maps does not exist!
5feede5c5a3c5116,False,5,/mnt/chenpeijian/autodrive/StreetWorld/lead/3rd_party/navsim_workspace/dataset/maps does not exist!
6012a63b7a3b52c7,False,5,/mnt/chenpeijian/autodrive/StreetWorld/lead/3rd_party/navsim_workspace/dataset/maps does not exist!
604bdac2bba05309,False,5,/mnt/chenpeijian/autodrive/StreetWorld/lead/3rd_party/navsim_workspace/dataset/maps does not exist!
607298120f23583c,False,5,/mnt/chenpeijian/autodrive/StreetWorld/lead/3rd_party/navsim_workspace/dataset/maps does not exist!
6083bfcb495d5f9a,False,5,/mnt/chenpeijian/autodrive/StreetWorld/lead/3rd_party/navsim_workspace/dataset/maps does not exist!
60abcfb4e1c756d8,False,5,/mnt/chenpeijian/autodrive/StreetWorld/lead/3rd_party/navsim_workspace/dataset/maps does not exist!
60e45802b0245195,False,5,/mnt/chenpeijian/autodrive/StreetWorld/lead/3rd_party/navsim_workspace/dataset/maps does not exist!
60fe616f485b5589,False,5,/mnt/chenpeijian/autodrive/StreetWorld/lead/3rd_party/navsim_workspace/dataset/maps does not exist!
611bde5a2b585c9d,False,5,/mnt/chenpeijian/autodrive/StreetWorld/lead/3rd_party/navsim_workspace/dataset/maps does not exist!
613181e5c29d526a,False,5,/mnt/chenpeijian/autodrive/StreetWorld/lead/3rd_party/navsim_workspace/dataset/maps does not exist!
614c50b897445f89,False,5,/mnt/chenpeijian/autodrive/StreetWorld/lead/3rd_party/navsim_workspace/dataset/maps does not exist!
6162470f2d0c5e13,False,5,/mnt/chenpeijian/autodrive/StreetWorld/lead/3rd_party/navsim_workspace/dataset/maps does not exist!
61720db8cab2508a,False,5,/mnt/chenpeijian/autodrive/StreetWorld/lead/3rd_party/navsim_workspace/dataset/maps does not exist!
61984566807c5b11,False,5,/mnt/chenpeijian/autodrive/StreetWorld/lead/3rd_party/navsim_workspace/dataset/maps does not exist!
61b15ca533845a97,False,5,/mnt/chenpeijian/autodrive/StreetWorld/lead/3rd_party/navsim_workspace/dataset/maps does not exist!
61d71be9811b5554,False,5,/mnt/chenpeijian/autodrive/StreetWorld/lead/3rd_party/navsim_workspace/dataset/maps does not exist!
62053f814af95fce,False,5,/mnt/chenpeijian/autodrive/StreetWorld/lead/3rd_party/navsim_workspace/dataset/maps does not exist!
622867ce25805447,False,5,/mnt/chenpeijian/autodrive/StreetWorld/lead/3rd_party/navsim_workspace/dataset/maps does not exist!
6247bc8d9df7529d,False,5,/mnt/chenpeijian/autodrive/StreetWorld/lead/3rd_party/navsim_workspace/dataset/maps does not exist!
625a015c1f7c5170,False,5,/mnt/chenpeijian/autodrive/StreetWorld/lead/3rd_party/navsim_workspace/dataset/maps does not exist!
629368f516d85124,False,5,/mnt/chenpeijian/autodrive/StreetWorld/lead/3rd_party/navsim_workspace/dataset/maps does not exist!
62b620262e1b5b25,False,5,/mnt/chenpeijian/autodrive/StreetWorld/lead/3rd_party/navsim_workspace/dataset/maps does not exist!
62ebe5d1697f5b73,False,5,/mnt/chenpeijian/autodrive/StreetWorld/lead/3rd_party/navsim_workspace/dataset/maps does not exist!
631712394f5b5d72,False,5,/mnt/chenpeijian/autodrive/StreetWorld/lead/3rd_party/navsim_workspace/dataset/maps does not exist!
635495c0e2295c4d,False,5,/mnt/chenpeijian/autodrive/StreetWorld/lead/3rd_party/navsim_workspace/dataset/maps does not exist!
6370add5182e51b7,False,5,/mnt/chenpeijian/autodrive/StreetWorld/lead/3rd_party/navsim_workspace/dataset/maps does not exist!
638b83e65dd259f8,False,5,/mnt/chenpeijian/autodrive/StreetWorld/lead/3rd_party/navsim_workspace/dataset/maps does not exist!
63ab092351905a60,False,5,/mnt/chenpeijian/autodrive/StreetWorld/lead/3rd_party/navsim_workspace/dataset/maps does not exist!
63d6fbc938bc58cb,False,5,/mnt/chenpeijian/autodrive/StreetWorld/lead/3rd_party/navsim_workspace/dataset/maps does not exist!
64185eb977005752,False,5,/mnt/chenpeijian/autodrive/StreetWorld/lead/3rd_party/navsim_workspace/dataset/maps does not exist!
644d0407ee0a5337,False,5,/mnt/chenpeijian/autodrive/StreetWorld/lead/3rd_party/navsim_workspace/dataset/maps does not exist!
647c05f9fa725528,False,5,/mnt/chenpeijian/autodrive/StreetWorld/lead/3rd_party/navsim_workspace/dataset/maps does not exist!
6492ae3886505280,False,5,/mnt/chenpeijian/autodrive/StreetWorld/lead/3rd_party/navsim_workspace/dataset/maps does not exist!
64a52073ea395752,False,5,/mnt/chenpeijian/autodrive/StreetWorld/lead/3rd_party/navsim_workspace/dataset/maps does not exist!
64f56e62619850b2,False,5,/mnt/chenpeijian/autodrive/StreetWorld/lead/3rd_party/navsim_workspace/dataset/maps does not exist!
652e91c4f9b1505a,False,5,/mnt/chenpeijian/autodrive/StreetWorld/lead/3rd_party/navsim_workspace/dataset/maps does not exist!
6545ddda66325e39,False,5,/mnt/chenpeijian/autodrive/StreetWorld/lead/3rd_party/navsim_workspace/dataset/maps does not exist!
657274955033592a,False,5,/mnt/chenpeijian/autodrive/StreetWorld/lead/3rd_party/navsim_workspace/dataset/maps does not exist!
65b19795c92c5d77,False,5,/mnt/chenpeijian/autodrive/StreetWorld/lead/3rd_party/navsim_workspace/dataset/maps does not exist!
65dbd10f84db5a53,False,5,/mnt/chenpeijian/autodrive/StreetWorld/lead/3rd_party/navsim_workspace/dataset/maps does not exist!
661278fc8a9c57d3,False,5,/mnt/chenpeijian/autodrive/StreetWorld/lead/3rd_party/navsim_workspace/dataset/maps does not exist!
662212c87d0d5b09,False,5,/mnt/chenpeijian/autodrive/StreetWorld/lead/3rd_party/navsim_workspace/dataset/maps does not exist!
663c00bac2e05721,False,5,/mnt/chenpeijian/autodrive/StreetWorld/lead/3rd_party/navsim_workspace/dataset/maps does not exist!
667360ba7d595e46,False,5,/mnt/chenpeijian/autodrive/StreetWorld/lead/3rd_party/navsim_workspace/dataset/maps does not exist!
669972d5c4c55872,False,5,/mnt/chenpeijian/autodrive/StreetWorld/lead/3rd_party/navsim_workspace/dataset/maps does not exist!
66ba432a760c586c,False,5,/mnt/chenpeijian/autodrive/StreetWorld/lead/3rd_party/navsim_workspace/dataset/maps does not exist!
66dd7339f01b58c2,False,5,/mnt/chenpeijian/autodrive/StreetWorld/lead/3rd_party/navsim_workspace/dataset/maps does not exist!
67077701cdd85c9d,False,5,/mnt/chenpeijian/autodrive/StreetWorld/lead/3rd_party/navsim_workspace/dataset/maps does not exist!
673a88a4037f5b6b,False,5,/mnt/chenpeijian/autodrive/StreetWorld/lead/3rd_party/navsim_workspace/dataset/maps does not exist!
6761ba552b3759fa,False,5,/mnt/chenpeijian/autodrive/StreetWorld/lead/3rd_party/navsim_workspace/dataset/maps does not exist!
6795e4cf76f55755,False,5,/mnt/chenpeijian/autodrive/StreetWorld/lead/3rd_party/navsim_workspace/dataset/maps does not exist!
67e27e4b89325f31,False,5,/mnt/chenpeijian/autodrive/StreetWorld/lead/3rd_party/navsim_workspace/dataset/maps does not exist!
68188bae28595f7c,False,5,/mnt/chenpeijian/autodrive/StreetWorld/lead/3rd_party/navsim_workspace/dataset/maps does not exist!
6832568ebd835696,False,5,/mnt/chenpeijian/autodrive/StreetWorld/lead/3rd_party/navsim_workspace/dataset/maps does not exist!
68559679a9bd5d3c,False,5,/mnt/chenpeijian/autodrive/StreetWorld/lead/3rd_party/navsim_workspace/dataset/maps does not exist!
687fa6fce3ab5f91,False,5,/mnt/chenpeijian/autodrive/StreetWorld/lead/3rd_party/navsim_workspace/dataset/maps does not exist!
689abfdd66235378,False,5,/mnt/chenpeijian/autodrive/StreetWorld/lead/3rd_party/navsim_workspace/dataset/maps does not exist!
68ba9a9b2d6f572d,False,5,/mnt/chenpeijian/autodrive/StreetWorld/lead/3rd_party/navsim_workspace/dataset/maps does not exist!
68e2e4227c355dd9,False,5,/mnt/chenpeijian/autodrive/StreetWorld/lead/3rd_party/navsim_workspace/dataset/maps does not exist!
690f682660e358dc,False,5,/mnt/chenpeijian/autodrive/StreetWorld/lead/3rd_party/navsim_workspace/dataset/maps does not exist!
6922b2ea23cd51a3,False,5,/mnt/chenpeijian/autodrive/StreetWorld/lead/3rd_party/navsim_workspace/dataset/maps does not exist!
695beb73604159b7,False,5,/mnt/chenpeijian/autodrive/StreetWorld/lead/3rd_party/navsim_workspace/dataset/maps does not exist!
69792eb6a5415c5f,False,5,/mnt/chenpeijian/autodrive/StreetWorld/lead/3rd_party/navsim_workspace/dataset/maps does not exist!
69acf2f6a20454a0,False,5,/mnt/chenpeijian/autodrive/StreetWorld/lead/3rd_party/navsim_workspace/dataset/maps does not exist!
69bedd73861656f1,False,5,/mnt/chenpeijian/autodrive/StreetWorld/lead/3rd_party/navsim_workspace/dataset/maps does not exist!
69ddc43178e9572a,False,5,/mnt/chenpeijian/autodrive/StreetWorld/lead/3rd_party/navsim_workspace/dataset/maps does not exist!
69f50b1f6c4d5f4b,False,5,/mnt/chenpeijian/autodrive/StreetWorld/lead/3rd_party/navsim_workspace/dataset/maps does not exist!
6a3518e83ad751f6,False,5,/mnt/chenpeijian/autodrive/StreetWorld/lead/3rd_party/navsim_workspace/dataset/maps does not exist!
6a6362156db75390,False,5,/mnt/chenpeijian/autodrive/StreetWorld/lead/3rd_party/navsim_workspace/dataset/maps does not exist!
6a947d290fe257ce,False,5,/mnt/chenpeijian/autodrive/StreetWorld/lead/3rd_party/navsim_workspace/dataset/maps does not exist!
6abe0ed266f258d9,False,5,/mnt/chenpeijian/autodrive/StreetWorld/lead/3rd_party/navsim_workspace/dataset/maps does not exist!
6b0ff02cbbf25aa3,False,5,/mnt/chenpeijian/autodrive/StreetWorld/lead/3rd_party/navsim_workspace/dataset/maps does not exist!
6b521512edb15e2f,False,5,/mnt/chenpeijian/autodrive/StreetWorld/lead/3rd_party/navsim_workspace/dataset/maps does not exist!
6b895016e28d513c,False,5,/mnt/chenpeijian/autodrive/StreetWorld/lead/3rd_party/navsim_workspace/dataset/maps does not exist!
6bacccc5dd3652c3,False,5,/mnt/chenpeijian/autodrive/StreetWorld/lead/3rd_party/navsim_workspace/dataset/maps does not exist!
6bf0e7ba6477572b,False,5,/mnt/chenpeijian/autodrive/StreetWorld/lead/3rd_party/navsim_workspace/dataset/maps does not exist!
6c3bb8f40a9a533c,False,5,/mnt/chenpeijian/autodrive/StreetWorld/lead/3rd_party/navsim_workspace/dataset/maps does not exist!
6c84b52f0d155cac,False,5,/mnt/chenpeijian/autodrive/StreetWorld/lead/3rd_party/navsim_workspace/dataset/maps does not exist!
6cb33358dfbc5a84,False,5,/mnt/chenpeijian/autodrive/StreetWorld/lead/3rd_party/navsim_workspace/dataset/maps does not exist!
6ce3e4a1792651a8,False,5,/mnt/chenpeijian/autodrive/StreetWorld/lead/3rd_party/navsim_workspace/dataset/maps does not exist!
6d4a26f442705f49,False,5,/mnt/chenpeijian/autodrive/StreetWorld/lead/3rd_party/navsim_workspace/dataset/maps does not exist!
6d72ae3e84185e81,False,5,/mnt/chenpeijian/autodrive/StreetWorld/lead/3rd_party/navsim_workspace/dataset/maps does not exist!
6d846dadde695838,False,5,/mnt/chenpeijian/autodrive/StreetWorld/lead/3rd_party/navsim_workspace/dataset/maps does not exist!
6d9c2a30a6435937,False,5,/mnt/chenpeijian/autodrive/StreetWorld/lead/3rd_party/navsim_workspace/dataset/maps does not exist!
6ddd79643130526d,False,5,/mnt/chenpeijian/autodrive/StreetWorld/lead/3rd_party/navsim_workspace/dataset/maps does not exist!
6df89719fce05527,False,5,/mnt/chenpeijian/autodrive/StreetWorld/lead/3rd_party/navsim_workspace/dataset/maps does not exist!
6e5ae240ac8a5862,False,5,/mnt/chenpeijian/autodrive/StreetWorld/lead/3rd_party/navsim_workspace/dataset/maps does not exist!
6e8b9e53215c58a3,False,5,/mnt/chenpeijian/autodrive/StreetWorld/lead/3rd_party/navsim_workspace/dataset/maps does not exist!
6eac35cd4c6e53b0,False,5,/mnt/chenpeijian/autodrive/StreetWorld/lead/3rd_party/navsim_workspace/dataset/maps does not exist!
6edc8f2bcb3054be,False,5,/mnt/chenpeijian/autodrive/StreetWorld/lead/3rd_party/navsim_workspace/dataset/maps does not exist!
6f11adda2af357ff,False,5,/mnt/chenpeijian/autodrive/StreetWorld/lead/3rd_party/navsim_workspace/dataset/maps does not exist!
6f385b24c5a651bf,False,5,/mnt/chenpeijian/autodrive/StreetWorld/lead/3rd_party/navsim_workspace/dataset/maps does not exist!
6f7355de329659f2,False,5,/mnt/chenpeijian/autodrive/StreetWorld/lead/3rd_party/navsim_workspace/dataset/maps does not exist!
6f8c03f8038757cc,False,5,/mnt/chenpeijian/autodrive/StreetWorld/lead/3rd_party/navsim_workspace/dataset/maps does not exist!
6fc4fc2702305dfa,False,5,/mnt/chenpeijian/autodrive/StreetWorld/lead/3rd_party/navsim_workspace/dataset/maps does not exist!
6ffc117437175255,False,5,/mnt/chenpeijian/autodrive/StreetWorld/lead/3rd_party/navsim_workspace/dataset/maps does not exist!
70297f5b95955dce,False,5,/mnt/chenpeijian/autodrive/StreetWorld/lead/3rd_party/navsim_workspace/dataset/maps does not exist!
70679dba8428549e,False,5,/mnt/chenpeijian/autodrive/StreetWorld/lead/3rd_party/navsim_workspace/dataset/maps does not exist!
70af821c5fe95428,False,5,/mnt/chenpeijian/autodrive/StreetWorld/lead/3rd_party/navsim_workspace/dataset/maps does not exist!
70d3c6183c525745,False,5,/mnt/chenpeijian/autodrive/StreetWorld/lead/3rd_party/navsim_workspace/dataset/maps does not exist!
70f72122f1605fa1,False,5,/mnt/chenpeijian/autodrive/StreetWorld/lead/3rd_party/navsim_workspace/dataset/maps does not exist!
712bbcdd69af5f26,False,5,/mnt/chenpeijian/autodrive/StreetWorld/lead/3rd_party/navsim_workspace/dataset/maps does not exist!
714a2012b2a75d4f,False,5,/mnt/chenpeijian/autodrive/StreetWorld/lead/3rd_party/navsim_workspace/dataset/maps does not exist!
717d8be0b970524e,False,5,/mnt/chenpeijian/autodrive/StreetWorld/lead/3rd_party/navsim_workspace/dataset/maps does not exist!
71af26e14ba65545,False,5,/mnt/chenpeijian/autodrive/StreetWorld/lead/3rd_party/navsim_workspace/dataset/maps does not exist!
720963308f01575e,False,5,/mnt/chenpeijian/autodrive/StreetWorld/lead/3rd_party/navsim_workspace/dataset/maps does not exist!
725cc9599c3455ad,False,5,/mnt/chenpeijian/autodrive/StreetWorld/lead/3rd_party/navsim_workspace/dataset/maps does not exist!
7287189737c85540,False,5,/mnt/chenpeijian/autodrive/StreetWorld/lead/3rd_party/navsim_workspace/dataset/maps does not exist!
72b0f2dcaf1f59a1,False,5,/mnt/chenpeijian/autodrive/StreetWorld/lead/3rd_party/navsim_workspace/dataset/maps does not exist!
72d13a5ce3af5ca6,False,5,/mnt/chenpeijian/autodrive/StreetWorld/lead/3rd_party/navsim_workspace/dataset/maps does not exist!
731f133ce3055d30,False,5,/mnt/chenpeijian/autodrive/StreetWorld/lead/3rd_party/navsim_workspace/dataset/maps does not exist!
7346e23546d15b29,False,5,/mnt/chenpeijian/autodrive/StreetWorld/lead/3rd_party/navsim_workspace/dataset/maps does not exist!
7398c63b60075187,False,5,/mnt/chenpeijian/autodrive/StreetWorld/lead/3rd_party/navsim_workspace/dataset/maps does not exist!
73c6bf15d3cc58e4,False,5,/mnt/chenpeijian/autodrive/StreetWorld/lead/3rd_party/navsim_workspace/dataset/maps does not exist!
73fabf2a0bdc5af4,False,5,/mnt/chenpeijian/autodrive/StreetWorld/lead/3rd_party/navsim_workspace/dataset/maps does not exist!
742ac4ddb9d7557d,False,5,/mnt/chenpeijian/autodrive/StreetWorld/lead/3rd_party/navsim_workspace/dataset/maps does not exist!
747a1e62def55db5,False,5,/mnt/chenpeijian/autodrive/StreetWorld/lead/3rd_party/navsim_workspace/dataset/maps does not exist!
74a8af10863e5455,False,5,/mnt/chenpeijian/autodrive/StreetWorld/lead/3rd_party/navsim_workspace/dataset/maps does not exist!
74da64c81fe1552e,False,5,/mnt/chenpeijian/autodrive/StreetWorld/lead/3rd_party/navsim_workspace/dataset/maps does not exist!
75151361dbe658bb,False,5,/mnt/chenpeijian/autodrive/StreetWorld/lead/3rd_party/navsim_workspace/dataset/maps does not exist!
756ce42a326f5033,False,5,/mnt/chenpeijian/autodrive/StreetWorld/lead/3rd_party/navsim_workspace/dataset/maps does not exist!
759441833751576b,False,5,/mnt/chenpeijian/autodrive/StreetWorld/lead/3rd_party/navsim_workspace/dataset/maps does not exist!
75b3192cd5825661,False,5,/mnt/chenpeijian/autodrive/StreetWorld/lead/3rd_party/navsim_workspace/dataset/maps does not exist!
75e0217f16f459c4,False,5,/mnt/chenpeijian/autodrive/StreetWorld/lead/3rd_party/navsim_workspace/dataset/maps does not exist!
76031bb4f8f7566d,False,5,/mnt/chenpeijian/autodrive/StreetWorld/lead/3rd_party/navsim_workspace/dataset/maps does not exist!
763bab6e8b6b5826,False,5,/mnt/chenpeijian/autodrive/StreetWorld/lead/3rd_party/navsim_workspace/dataset/maps does not exist!
767995ca4ab75a14,False,5,/mnt/chenpeijian/autodrive/StreetWorld/lead/3rd_party/navsim_workspace/dataset/maps does not exist!
76a07493339e5e81,False,5,/mnt/chenpeijian/autodrive/StreetWorld/lead/3rd_party/navsim_workspace/dataset/maps does not exist!
76cf7bb2e9625482,False,5,/mnt/chenpeijian/autodrive/StreetWorld/lead/3rd_party/navsim_workspace/dataset/maps does not exist!
77072386dfbb5af8,False,5,/mnt/chenpeijian/autodrive/StreetWorld/lead/3rd_party/navsim_workspace/dataset/maps does not exist!
7727bf26f5845499,False,5,/mnt/chenpeijian/autodrive/StreetWorld/lead/3rd_party/navsim_workspace/dataset/maps does not exist!
774432c5e7b25128,False,5,/mnt/chenpeijian/autodrive/StreetWorld/lead/3rd_party/navsim_workspace/dataset/maps does not exist!
7758c231f45d51de,False,5,/mnt/chenpeijian/autodrive/StreetWorld/lead/3rd_party/navsim_workspace/dataset/maps does not exist!
77761cd0edf15867,False,5,/mnt/chenpeijian/autodrive/StreetWorld/lead/3rd_party/navsim_workspace/dataset/maps does not exist!
77919997d5c352d8,False,5,/mnt/chenpeijian/autodrive/StreetWorld/lead/3rd_party/navsim_workspace/dataset/maps does not exist!
77dce92bdc8752d4,False,5,/mnt/chenpeijian/autodrive/StreetWorld/lead/3rd_party/navsim_workspace/dataset/maps does not exist!
77f0818999145e8f,False,5,/mnt/chenpeijian/autodrive/StreetWorld/lead/3rd_party/navsim_workspace/dataset/maps does not exist!
784c48e2a44c5036,False,5,/mnt/chenpeijian/autodrive/StreetWorld/lead/3rd_party/navsim_workspace/dataset/maps does not exist!
788ea82253cb559c,False,5,/mnt/chenpeijian/autodrive/StreetWorld/lead/3rd_party/navsim_workspace/dataset/maps does not exist!
78b4153a6d3e5b33,False,5,/mnt/chenpeijian/autodrive/StreetWorld/lead/3rd_party/navsim_workspace/dataset/maps does not exist!
78e6dbb9ee735559,False,5,/mnt/chenpeijian/autodrive/StreetWorld/lead/3rd_party/navsim_workspace/dataset/maps does not exist!
792d9ff087745f33,False,5,/mnt/chenpeijian/autodrive/StreetWorld/lead/3rd_party/navsim_workspace/dataset/maps does not exist!
7956c9ed4b855859,False,5,/mnt/chenpeijian/autodrive/StreetWorld/lead/3rd_party/navsim_workspace/dataset/maps does not exist!
796a327cace65d27,False,5,/mnt/chenpeijian/autodrive/StreetWorld/lead/3rd_party/navsim_workspace/dataset/maps does not exist!
79a151c333745253,False,5,/mnt/chenpeijian/autodrive/StreetWorld/lead/3rd_party/navsim_workspace/dataset/maps does not exist!
79d36fbd8d115f06,False,5,/mnt/chenpeijian/autodrive/StreetWorld/lead/3rd_party/navsim_workspace/dataset/maps does not exist!
79ea7fb311c4574a,False,5,/mnt/chenpeijian/autodrive/StreetWorld/lead/3rd_party/navsim_workspace/dataset/maps does not exist!
7a2abf5475ac59ca,False,5,/mnt/chenpeijian/autodrive/StreetWorld/lead/3rd_party/navsim_workspace/dataset/maps does not exist!
7a6d3719323a5188,False,5,/mnt/chenpeijian/autodrive/StreetWorld/lead/3rd_party/navsim_workspace/dataset/maps does not exist!
7ae0a03be0c357d2,False,5,/mnt/chenpeijian/autodrive/StreetWorld/lead/3rd_party/navsim_workspace/dataset/maps does not exist!
7b2758fa57ef54b7,False,5,/mnt/chenpeijian/autodrive/StreetWorld/lead/3rd_party/navsim_workspace/dataset/maps does not exist!
7b4ba1d02376503b,False,5,/mnt/chenpeijian/autodrive/StreetWorld/lead/3rd_party/navsim_workspace/dataset/maps does not exist!
7b7ce3374d1e51dc,False,5,/mnt/chenpeijian/autodrive/StreetWorld/lead/3rd_party/navsim_workspace/dataset/maps does not exist!
7bbb4260e163517f,False,5,/mnt/chenpeijian/autodrive/StreetWorld/lead/3rd_party/navsim_workspace/dataset/maps does not exist!
7be2f6436ce95042,False,5,/mnt/chenpeijian/autodrive/StreetWorld/lead/3rd_party/navsim_workspace/dataset/maps does not exist!
7c541724eabb537a,False,5,/mnt/chenpeijian/autodrive/StreetWorld/lead/3rd_party/navsim_workspace/dataset/maps does not exist!
7c7dc37236745d94,False,5,/mnt/chenpeijian/autodrive/StreetWorld/lead/3rd_party/navsim_workspace/dataset/maps does not exist!
7cc683dca0155801,False,5,/mnt/chenpeijian/autodrive/StreetWorld/lead/3rd_party/navsim_workspace/dataset/maps does not exist!
7ceb065003f25449,False,5,/mnt/chenpeijian/autodrive/StreetWorld/lead/3rd_party/navsim_workspace/dataset/maps does not exist!
7d3779771cae5d94,False,5,/mnt/chenpeijian/autodrive/StreetWorld/lead/3rd_party/navsim_workspace/dataset/maps does not exist!
7d51dcbc514953ea,False,5,/mnt/chenpeijian/autodrive/StreetWorld/lead/3rd_party/navsim_workspace/dataset/maps does not exist!
7d6c25f47aa658e8,False,5,/mnt/chenpeijian/autodrive/StreetWorld/lead/3rd_party/navsim_workspace/dataset/maps does not exist!
7d923c664b7b5dae,False,5,/mnt/chenpeijian/autodrive/StreetWorld/lead/3rd_party/navsim_workspace/dataset/maps does not exist!
7db2c53b0e9e5971,False,5,/mnt/chenpeijian/autodrive/StreetWorld/lead/3rd_party/navsim_workspace/dataset/maps does not exist!
7dfe5f8b766b5893,False,5,/mnt/chenpeijian/autodrive/StreetWorld/lead/3rd_party/navsim_workspace/dataset/maps does not exist!
7e238e859ebb5720,False,5,/mnt/chenpeijian/autodrive/StreetWorld/lead/3rd_party/navsim_workspace/dataset/maps does not exist!
7e76a2b3918656f9,False,5,/mnt/chenpeijian/autodrive/StreetWorld/lead/3rd_party/navsim_workspace/dataset/maps does not exist!
7e8b3ed18d295d9c,False,5,/mnt/chenpeijian/autodrive/StreetWorld/lead/3rd_party/navsim_workspace/dataset/maps does not exist!
7eb4ec2ae9fe5702,False,5,/mnt/chenpeijian/autodrive/StreetWorld/lead/3rd_party/navsim_workspace/dataset/maps does not exist!
7edfabe116e25844,False,5,/mnt/chenpeijian/autodrive/StreetWorld/lead/3rd_party/navsim_workspace/dataset/maps does not exist!
7f08b90f7a44554b,False,5,/mnt/chenpeijian/autodrive/StreetWorld/lead/3rd_party/navsim_workspace/dataset/maps does not exist!
7f2cd560a3c3528a,False,5,/mnt/chenpeijian/autodrive/StreetWorld/lead/3rd_party/navsim_workspace/dataset/maps does not exist!
7f9f4661a4875959,False,5,/mnt/chenpeijian/autodrive/StreetWorld/lead/3rd_party/navsim_workspace/dataset/maps does not exist!
7fb1c845280a55aa,False,5,/mnt/chenpeijian/autodrive/StreetWorld/lead/3rd_party/navsim_workspace/dataset/maps does not exist!
7fc551e4e0375d00,False,5,/mnt/chenpeijian/autodrive/StreetWorld/lead/3rd_party/navsim_workspace/dataset/maps does not exist!
7fef3d49daa652cb,False,5,/mnt/chenpeijian/autodrive/StreetWorld/lead/3rd_party/navsim_workspace/dataset/maps does not exist!
80199eddf2cc590f,False,5,/mnt/chenpeijian/autodrive/StreetWorld/lead/3rd_party/navsim_workspace/dataset/maps does not exist!
8067c4f48fe45421,False,5,/mnt/chenpeijian/autodrive/StreetWorld/lead/3rd_party/navsim_workspace/dataset/maps does not exist!
807f6b90b60d5685,False,5,/mnt/chenpeijian/autodrive/StreetWorld/lead/3rd_party/navsim_workspace/dataset/maps does not exist!
80cbc88e2410561e,False,5,/mnt/chenpeijian/autodrive/StreetWorld/lead/3rd_party/navsim_workspace/dataset/maps does not exist!
80fdf1c45abd5c48,False,5,/mnt/chenpeijian/autodrive/StreetWorld/lead/3rd_party/navsim_workspace/dataset/maps does not exist!
812a8e70ad07507d,False,5,/mnt/chenpeijian/autodrive/StreetWorld/lead/3rd_party/navsim_workspace/dataset/maps does not exist!
814c6b482fd850ab,False,5,/mnt/chenpeijian/autodrive/StreetWorld/lead/3rd_party/navsim_workspace/dataset/maps does not exist!
8172f888cc1f5c0f,False,5,/mnt/chenpeijian/autodrive/StreetWorld/lead/3rd_party/navsim_workspace/dataset/maps does not exist!
81aa7cde0f3f5b68,False,5,/mnt/chenpeijian/autodrive/StreetWorld/lead/3rd_party/navsim_workspace/dataset/maps does not exist!
81e0ac3869b95ef4,False,5,/mnt/chenpeijian/autodrive/StreetWorld/lead/3rd_party/navsim_workspace/dataset/maps does not exist!
820e9a9314405b62,False,5,/mnt/chenpeijian/autodrive/StreetWorld/lead/3rd_party/navsim_workspace/dataset/maps does not exist!
8237f47b224952b4,False,5,/mnt/chenpeijian/autodrive/StreetWorld/lead/3rd_party/navsim_workspace/dataset/maps does not exist!
825663ce94fe5df1,False,5,/mnt/chenpeijian/autodrive/StreetWorld/lead/3rd_party/navsim_workspace/dataset/maps does not exist!
82b1cb7113515dfb,False,5,/mnt/chenpeijian/autodrive/StreetWorld/lead/3rd_party/navsim_workspace/dataset/maps does not exist!
82c913dd14e05a84,False,5,/mnt/chenpeijian/autodrive/StreetWorld/lead/3rd_party/navsim_workspace/dataset/maps does not exist!
82f70d5f3a11576d,False,5,/mnt/chenpeijian/autodrive/StreetWorld/lead/3rd_party/navsim_workspace/dataset/maps does not exist!
83291306454c5e84,False,5,/mnt/chenpeijian/autodrive/StreetWorld/lead/3rd_party/navsim_workspace/dataset/maps does not exist!
8354786ba35c5440,False,5,/mnt/chenpeijian/autodrive/StreetWorld/lead/3rd_party/navsim_workspace/dataset/maps does not exist!
838caf9ffb875248,False,5,/mnt/chenpeijian/autodrive/StreetWorld/lead/3rd_party/navsim_workspace/dataset/maps does not exist!
83b2e42ed5eb568f,False,5,/mnt/chenpeijian/autodrive/StreetWorld/lead/3rd_party/navsim_workspace/dataset/maps does not exist!
83d8368f99cb5470,False,5,/mnt/chenpeijian/autodrive/StreetWorld/lead/3rd_party/navsim_workspace/dataset/maps does not exist!
83ec4461559c5388,False,5,/mnt/chenpeijian/autodrive/StreetWorld/lead/3rd_party/navsim_workspace/dataset/maps does not exist!
8413eaf2b8e45e3b,False,5,/mnt/chenpeijian/autodrive/StreetWorld/lead/3rd_party/navsim_workspace/dataset/maps does not exist!
84431cd14c765efc,False,5,/mnt/chenpeijian/autodrive/StreetWorld/lead/3rd_party/navsim_workspace/dataset/maps does not exist!
84765426fd0a5a99,False,5,/mnt/chenpeijian/autodrive/StreetWorld/lead/3rd_party/navsim_workspace/dataset/maps does not exist!
84ad97e1c9c85d4e,False,5,/mnt/chenpeijian/autodrive/StreetWorld/lead/3rd_party/navsim_workspace/dataset/maps does not exist!
84fc6d5788a95edd,False,5,/mnt/chenpeijian/autodrive/StreetWorld/lead/3rd_party/navsim_workspace/dataset/maps does not exist!
851ef663a5775acd,False,5,/mnt/chenpeijian/autodrive/StreetWorld/lead/3rd_party/navsim_workspace/dataset/maps does not exist!
85570db66d605000,False,5,/mnt/chenpeijian/autodrive/StreetWorld/lead/3rd_party/navsim_workspace/dataset/maps does not exist!
859b85899c105afc,False,5,/mnt/chenpeijian/autodrive/StreetWorld/lead/3rd_party/navsim_workspace/dataset/maps does not exist!
85c0017516e95fdc,False,5,/mnt/chenpeijian/autodrive/StreetWorld/lead/3rd_party/navsim_workspace/dataset/maps does not exist!
860be3b6be785f37,False,5,/mnt/chenpeijian/autodrive/StreetWorld/lead/3rd_party/navsim_workspace/dataset/maps does not exist!
862ca192b71f5d93,False,5,/mnt/chenpeijian/autodrive/StreetWorld/lead/3rd_party/navsim_workspace/dataset/maps does not exist!
865033089cfd5288,False,5,/mnt/chenpeijian/autodrive/StreetWorld/lead/3rd_party/navsim_workspace/dataset/maps does not exist!
866f7eb093ac5244,False,5,/mnt/chenpeijian/autodrive/StreetWorld/lead/3rd_party/navsim_workspace/dataset/maps does not exist!
868e873c94b75b38,False,5,/mnt/chenpeijian/autodrive/StreetWorld/lead/3rd_party/navsim_workspace/dataset/maps does not exist!
86cb3350b50b570b,False,5,/mnt/chenpeijian/autodrive/StreetWorld/lead/3rd_party/navsim_workspace/dataset/maps does not exist!
86e62e65d9095907,False,5,/mnt/chenpeijian/autodrive/StreetWorld/lead/3rd_party/navsim_workspace/dataset/maps does not exist!
870886385ca15345,False,5,/mnt/chenpeijian/autodrive/StreetWorld/lead/3rd_party/navsim_workspace/dataset/maps does not exist!
8728071969cc5091,False,5,/mnt/chenpeijian/autodrive/StreetWorld/lead/3rd_party/navsim_workspace/dataset/maps does not exist!
876f405da0da5016,False,5,/mnt/chenpeijian/autodrive/StreetWorld/lead/3rd_party/navsim_workspace/dataset/maps does not exist!
8792fb68a0b2586a,False,5,/mnt/chenpeijian/autodrive/StreetWorld/lead/3rd_party/navsim_workspace/dataset/maps does not exist!
87a5fd24e88d5e0a,False,5,/mnt/chenpeijian/autodrive/StreetWorld/lead/3rd_party/navsim_workspace/dataset/maps does not exist!
87b8587f94c5549a,False,5,/mnt/chenpeijian/autodrive/StreetWorld/lead/3rd_party/navsim_workspace/dataset/maps does not exist!
87dcff4c11315e02,False,5,/mnt/chenpeijian/autodrive/StreetWorld/lead/3rd_party/navsim_workspace/dataset/maps does not exist!
88152114a47d5175,False,5,/mnt/chenpeijian/autodrive/StreetWorld/lead/3rd_party/navsim_workspace/dataset/maps does not exist!
8857612d0dad5e95,False,5,/mnt/chenpeijian/autodrive/StreetWorld/lead/3rd_party/navsim_workspace/dataset/maps does not exist!
887e4d57da835b12,False,5,/mnt/chenpeijian/autodrive/StreetWorld/lead/3rd_party/navsim_workspace/dataset/maps does not exist!
88ac42d0eaca5c57,False,5,/mnt/chenpeijian/autodrive/StreetWorld/lead/3rd_party/navsim_workspace/dataset/maps does not exist!
88f3df2443c55e59,False,5,/mnt/chenpeijian/autodrive/StreetWorld/lead/3rd_party/navsim_workspace/dataset/maps does not exist!
8937c2f7a7ac5507,False,5,/mnt/chenpeijian/autodrive/StreetWorld/lead/3rd_party/navsim_workspace/dataset/maps does not exist!
8993f8b000855b17,False,5,/mnt/chenpeijian/autodrive/StreetWorld/lead/3rd_party/navsim_workspace/dataset/maps does not exist!
89fcf773eb5d514e,False,5,/mnt/chenpeijian/autodrive/StreetWorld/lead/3rd_party/navsim_workspace/dataset/maps does not exist!
8a2df3fb1632552a,False,5,/mnt/chenpeijian/autodrive/StreetWorld/lead/3rd_party/navsim_workspace/dataset/maps does not exist!
8a6de2af60965cd0,False,5,/mnt/chenpeijian/autodrive/StreetWorld/lead/3rd_party/navsim_workspace/dataset/maps does not exist!
8a91af177fee5522,False,5,/mnt/chenpeijian/autodrive/StreetWorld/lead/3rd_party/navsim_workspace/dataset/maps does not exist!
8ab90aef703b50cc,False,5,/mnt/chenpeijian/autodrive/StreetWorld/lead/3rd_party/navsim_workspace/dataset/maps does not exist!
8b177f84759e56e0,False,5,/mnt/chenpeijian/autodrive/StreetWorld/lead/3rd_party/navsim_workspace/dataset/maps does not exist!
8b31009bc5115cb5,False,5,/mnt/chenpeijian/autodrive/StreetWorld/lead/3rd_party/navsim_workspace/dataset/maps does not exist!
8b5dd405c14c5249,False,5,/mnt/chenpeijian/autodrive/StreetWorld/lead/3rd_party/navsim_workspace/dataset/maps does not exist!
8b794f146fda58da,False,5,/mnt/chenpeijian/autodrive/StreetWorld/lead/3rd_party/navsim_workspace/dataset/maps does not exist!
8b9afa7045785acc,False,5,/mnt/chenpeijian/autodrive/StreetWorld/lead/3rd_party/navsim_workspace/dataset/maps does not exist!
8bd32ab85e615190,False,5,/mnt/chenpeijian/autodrive/StreetWorld/lead/3rd_party/navsim_workspace/dataset/maps does not exist!
8c12150f849b5b10,False,5,/mnt/chenpeijian/autodrive/StreetWorld/lead/3rd_party/navsim_workspace/dataset/maps does not exist!
8c5518bf679458df,False,5,/mnt/chenpeijian/autodrive/StreetWorld/lead/3rd_party/navsim_workspace/dataset/maps does not exist!
8c731225bf685391,False,5,/mnt/chenpeijian/autodrive/StreetWorld/lead/3rd_party/navsim_workspace/dataset/maps does not exist!
8c9e3fd944c051e3,False,5,/mnt/chenpeijian/autodrive/StreetWorld/lead/3rd_party/navsim_workspace/dataset/maps does not exist!
8cbb22946ab55633,False,5,/mnt/chenpeijian/autodrive/StreetWorld/lead/3rd_party/navsim_workspace/dataset/maps does not exist!
8ce3ec49327d572e,False,5,/mnt/chenpeijian/autodrive/StreetWorld/lead/3rd_party/navsim_workspace/dataset/maps does not exist!
8d0806dc9c865904,False,5,/mnt/chenpeijian/autodrive/StreetWorld/lead/3rd_party/navsim_workspace/dataset/maps does not exist!
8d39d3f85647574c,False,5,/mnt/chenpeijian/autodrive/StreetWorld/lead/3rd_party/navsim_workspace/dataset/maps does not exist!
8d63ae7a5eec54da,False,5,/mnt/chenpeijian/autodrive/StreetWorld/lead/3rd_party/navsim_workspace/dataset/maps does not exist!
8d8f238bb7315004,False,5,/mnt/chenpeijian/autodrive/StreetWorld/lead/3rd_party/navsim_workspace/dataset/maps does not exist!
8dc4430d96355057,False,5,/mnt/chenpeijian/autodrive/StreetWorld/lead/3rd_party/navsim_workspace/dataset/maps does not exist!
8de5173c05ee56f5,False,5,/mnt/chenpeijian/autodrive/StreetWorld/lead/3rd_party/navsim_workspace/dataset/maps does not exist!
8e0ecc2622425ef0,False,5,/mnt/chenpeijian/autodrive/StreetWorld/lead/3rd_party/navsim_workspace/dataset/maps does not exist!
8e711b3a85205804,False,5,/mnt/chenpeijian/autodrive/StreetWorld/lead/3rd_party/navsim_workspace/dataset/maps does not exist!
8e958f3833835138,False,5,/mnt/chenpeijian/autodrive/StreetWorld/lead/3rd_party/navsim_workspace/dataset/maps does not exist!
8ec53979117552c7,False,5,/mnt/chenpeijian/autodrive/StreetWorld/lead/3rd_party/navsim_workspace/dataset/maps does not exist!
8f273271b9eb537e,False,5,/mnt/chenpeijian/autodrive/StreetWorld/lead/3rd_party/navsim_workspace/dataset/maps does not exist!
8f67b84df6b75bd1,False,5,/mnt/chenpeijian/autodrive/StreetWorld/lead/3rd_party/navsim_workspace/dataset/maps does not exist!
8f976b493bbc59b4,False,5,/mnt/chenpeijian/autodrive/StreetWorld/lead/3rd_party/navsim_workspace/dataset/maps does not exist!
8fe203611a555812,False,5,/mnt/chenpeijian/autodrive/StreetWorld/lead/3rd_party/navsim_workspace/dataset/maps does not exist!
8ff80000e9a05eca,False,5,/mnt/chenpeijian/autodrive/StreetWorld/lead/3rd_party/navsim_workspace/dataset/maps does not exist!
901b2d48b2ce5bf1,False,5,/mnt/chenpeijian/autodrive/StreetWorld/lead/3rd_party/navsim_workspace/dataset/maps does not exist!
90693e0d94f05e85,False,5,/mnt/chenpeijian/autodrive/StreetWorld/lead/3rd_party/navsim_workspace/dataset/maps does not exist!
909655c780e152ac,False,5,/mnt/chenpeijian/autodrive/StreetWorld/lead/3rd_party/navsim_workspace/dataset/maps does not exist!
90ed944de9405835,False,5,/mnt/chenpeijian/autodrive/StreetWorld/lead/3rd_party/navsim_workspace/dataset/maps does not exist!
910ce583575e5f8d,False,5,/mnt/chenpeijian/autodrive/StreetWorld/lead/3rd_party/navsim_workspace/dataset/maps does not exist!
9147a0ae2bf751c8,False,5,/mnt/chenpeijian/autodrive/StreetWorld/lead/3rd_party/navsim_workspace/dataset/maps does not exist!
918a76140b9a5f92,False,5,/mnt/chenpeijian/autodrive/StreetWorld/lead/3rd_party/navsim_workspace/dataset/maps does not exist!
91b143f42de55e14,False,5,/mnt/chenpeijian/autodrive/StreetWorld/lead/3rd_party/navsim_workspace/dataset/maps does not exist!
91fbe6fb1a3d5717,False,5,/mnt/chenpeijian/autodrive/StreetWorld/lead/3rd_party/navsim_workspace/dataset/maps does not exist!
922b13fe723c505a,False,5,/mnt/chenpeijian/autodrive/StreetWorld/lead/3rd_party/navsim_workspace/dataset/maps does not exist!
925e046dba2f525f,False,5,/mnt/chenpeijian/autodrive/StreetWorld/lead/3rd_party/navsim_workspace/dataset/maps does not exist!
92838ad73bf95b3a,False,5,/mnt/chenpeijian/autodrive/StreetWorld/lead/3rd_party/navsim_workspace/dataset/maps does not exist!
92d21bb7692b5664,False,5,/mnt/chenpeijian/autodrive/StreetWorld/lead/3rd_party/navsim_workspace/dataset/maps does not exist!
92ebb72e83325bb1,False,5,/mnt/chenpeijian/autodrive/StreetWorld/lead/3rd_party/navsim_workspace/dataset/maps does not exist!
9313777d021e5255,False,5,/mnt/chenpeijian/autodrive/StreetWorld/lead/3rd_party/navsim_workspace/dataset/maps does not exist!
933141027c9e5fdc,False,5,/mnt/chenpeijian/autodrive/StreetWorld/lead/3rd_party/navsim_workspace/dataset/maps does not exist!
9360bfdb65d153cd,False,5,/mnt/chenpeijian/autodrive/StreetWorld/lead/3rd_party/navsim_workspace/dataset/maps does not exist!
938b4978b8da5a08,False,5,/mnt/chenpeijian/autodrive/StreetWorld/lead/3rd_party/navsim_workspace/dataset/maps does not exist!
93b2aee4f638552e,False,5,/mnt/chenpeijian/autodrive/StreetWorld/lead/3rd_party/navsim_workspace/dataset/maps does not exist!
93d4ab80a0cf5f01,False,5,/mnt/chenpeijian/autodrive/StreetWorld/lead/3rd_party/navsim_workspace/dataset/maps does not exist!
940ba87d553456c3,False,5,/mnt/chenpeijian/autodrive/StreetWorld/lead/3rd_party/navsim_workspace/dataset/maps does not exist!
944a55f58a59597f,False,5,/mnt/chenpeijian/autodrive/StreetWorld/lead/3rd_party/navsim_workspace/dataset/maps does not exist!
94683fc69ce4599c,False,5,/mnt/chenpeijian/autodrive/StreetWorld/lead/3rd_party/navsim_workspace/dataset/maps does not exist!
948099bc138855b6,False,5,/mnt/chenpeijian/autodrive/StreetWorld/lead/3rd_party/navsim_workspace/dataset/maps does not exist!
948e3c9e26805b86,False,5,/mnt/chenpeijian/autodrive/StreetWorld/lead/3rd_party/navsim_workspace/dataset/maps does not exist!
94c6fd3f9ec85914,False,5,/mnt/chenpeijian/autodrive/StreetWorld/lead/3rd_party/navsim_workspace/dataset/maps does not exist!
94ec2c53ddbc5dae,False,5,/mnt/chenpeijian/autodrive/StreetWorld/lead/3rd_party/navsim_workspace/dataset/maps does not exist!
95329718628e5f7f,False,5,/mnt/chenpeijian/autodrive/StreetWorld/lead/3rd_party/navsim_workspace/dataset/maps does not exist!
955916fd66da5657,False,5,/mnt/chenpeijian/autodrive/StreetWorld/lead/3rd_party/navsim_workspace/dataset/maps does not exist!
958677976f9c5b0a,False,5,/mnt/chenpeijian/autodrive/StreetWorld/lead/3rd_party/navsim_workspace/dataset/maps does not exist!
95c73c4a8d775324,False,5,/mnt/chenpeijian/autodrive/StreetWorld/lead/3rd_party/navsim_workspace/dataset/maps does not exist!
95fa228136aa55d1,False,5,/mnt/chenpeijian/autodrive/StreetWorld/lead/3rd_party/navsim_workspace/dataset/maps does not exist!
963b4781dbe558de,False,5,/mnt/chenpeijian/autodrive/StreetWorld/lead/3rd_party/navsim_workspace/dataset/maps does not exist!
9666a4125db25507,False,5,/mnt/chenpeijian/autodrive/StreetWorld/lead/3rd_party/navsim_workspace/dataset/maps does not exist!
9695a17335715894,False,5,/mnt/chenpeijian/autodrive/StreetWorld/lead/3rd_party/navsim_workspace/dataset/maps does not exist!
96b5b1c350745a73,False,5,/mnt/chenpeijian/autodrive/StreetWorld/lead/3rd_party/navsim_workspace/dataset/maps does not exist!
96d9a24139ca5ad4,False,5,/mnt/chenpeijian/autodrive/StreetWorld/lead/3rd_party/navsim_workspace/dataset/maps does not exist!
97181536d6be5368,False,5,/mnt/chenpeijian/autodrive/StreetWorld/lead/3rd_party/navsim_workspace/dataset/maps does not exist!
974a70027f8f593c,False,5,/mnt/chenpeijian/autodrive/StreetWorld/lead/3rd_party/navsim_workspace/dataset/maps does not exist!
978a5c11fbff5589,False,5,/mnt/chenpeijian/autodrive/StreetWorld/lead/3rd_party/navsim_workspace/dataset/maps does not exist!
97bbc33ac7d4586d,False,5,/mnt/chenpeijian/autodrive/StreetWorld/lead/3rd_party/navsim_workspace/dataset/maps does not exist!
98017c16248a5f54,False,5,/mnt/chenpeijian/autodrive/StreetWorld/lead/3rd_party/navsim_workspace/dataset/maps does not exist!
9838aa01c0de5dc8,False,5,/mnt/chenpeijian/autodrive/StreetWorld/lead/3rd_party/navsim_workspace/dataset/maps does not exist!
985240456390586f,False,5,/mnt/chenpeijian/autodrive/StreetWorld/lead/3rd_party/navsim_workspace/dataset/maps does not exist!
986ebb8642ae5b64,False,5,/mnt/chenpeijian/autodrive/StreetWorld/lead/3rd_party/navsim_workspace/dataset/maps does not exist!
98a0d06140945295,False,5,/mnt/chenpeijian/autodrive/StreetWorld/lead/3rd_party/navsim_workspace/dataset/maps does not exist!
98c7a48dd75052ab,False,5,/mnt/chenpeijian/autodrive/StreetWorld/lead/3rd_party/navsim_workspace/dataset/maps does not exist!
9926034a82415038,False,5,/mnt/chenpeijian/autodrive/StreetWorld/lead/3rd_party/navsim_workspace/dataset/maps does not exist!
9963c72e34ae5101,False,5,/mnt/chenpeijian/autodrive/StreetWorld/lead/3rd_party/navsim_workspace/dataset/maps does not exist!
999785384adc5afe,False,5,/mnt/chenpeijian/autodrive/StreetWorld/lead/3rd_party/navsim_workspace/dataset/maps does not exist!
9a0b762c08af59f8,False,5,/mnt/chenpeijian/autodrive/StreetWorld/lead/3rd_party/navsim_workspace/dataset/maps does not exist!
9a2894f199095f96,False,5,/mnt/chenpeijian/autodrive/StreetWorld/lead/3rd_party/navsim_workspace/dataset/maps does not exist!
9a5799ace9455841,False,5,/mnt/chenpeijian/autodrive/StreetWorld/lead/3rd_party/navsim_workspace/dataset/maps does not exist!
9a8acc75f4c05ace,False,5,/mnt/chenpeijian/autodrive/StreetWorld/lead/3rd_party/navsim_workspace/dataset/maps does not exist!
9ab8b2e7de985004,False,5,/mnt/chenpeijian/autodrive/StreetWorld/lead/3rd_party/navsim_workspace/dataset/maps does not exist!
9b1bea0cc0d75583,False,5,/mnt/chenpeijian/autodrive/StreetWorld/lead/3rd_party/navsim_workspace/dataset/maps does not exist!
9b5772aa3a955db1,False,5,/mnt/chenpeijian/autodrive/StreetWorld/lead/3rd_party/navsim_workspace/dataset/maps does not exist!
9b7ffde4ab9c53a5,False,5,/mnt/chenpeijian/autodrive/StreetWorld/lead/3rd_party/navsim_workspace/dataset/maps does not exist!
9baf79c0513b5228,False,5,/mnt/chenpeijian/autodrive/StreetWorld/lead/3rd_party/navsim_workspace/dataset/maps does not exist!
9bcd2d9e4c0e56b8,False,5,/mnt/chenpeijian/autodrive/StreetWorld/lead/3rd_party/navsim_workspace/dataset/maps does not exist!
9bfa838de21f5d25,False,5,/mnt/chenpeijian/autodrive/StreetWorld/lead/3rd_party/navsim_workspace/dataset/maps does not exist!
9c1e8e69c7cd537b,False,5,/mnt/chenpeijian/autodrive/StreetWorld/lead/3rd_party/navsim_workspace/dataset/maps does not exist!
9c4e60dd8e9959d8,False,5,/mnt/chenpeijian/autodrive/StreetWorld/lead/3rd_party/navsim_workspace/dataset/maps does not exist!
9c941c942f955a5a,False,5,/mnt/chenpeijian/autodrive/StreetWorld/lead/3rd_party/navsim_workspace/dataset/maps does not exist!
9cd4479e1a9355a1,False,5,/mnt/chenpeijian/autodrive/StreetWorld/lead/3rd_party/navsim_workspace/dataset/maps does not exist!
9d18c2e4a9c35be7,False,5,/mnt/chenpeijian/autodrive/StreetWorld/lead/3rd_party/navsim_workspace/dataset/maps does not exist!
9d69a0f2f73f5035,False,5,/mnt/chenpeijian/autodrive/StreetWorld/lead/3rd_party/navsim_workspace/dataset/maps does not exist!
9d9762d42ff5561d,False,5,/mnt/chenpeijian/autodrive/StreetWorld/lead/3rd_party/navsim_workspace/dataset/maps does not exist!
9dd982b0637453c2,False,5,/mnt/chenpeijian/autodrive/StreetWorld/lead/3rd_party/navsim_workspace/dataset/maps does not exist!
9e0633fbdeac55bb,False,5,/mnt/chenpeijian/autodrive/StreetWorld/lead/3rd_party/navsim_workspace/dataset/maps does not exist!
9e2706d88b3f553f,False,5,/mnt/chenpeijian/autodrive/StreetWorld/lead/3rd_party/navsim_workspace/dataset/maps does not exist!
9e522849163c53b8,False,5,/mnt/chenpeijian/autodrive/StreetWorld/lead/3rd_party/navsim_workspace/dataset/maps does not exist!
9e8403c32a50530b,False,5,/mnt/chenpeijian/autodrive/StreetWorld/lead/3rd_party/navsim_workspace/dataset/maps does not exist!
9ebcea6ba47651f0,False,5,/mnt/chenpeijian/autodrive/StreetWorld/lead/3rd_party/navsim_workspace/dataset/maps does not exist!
9ef1d618435d5e53,False,5,/mnt/chenpeijian/autodrive/StreetWorld/lead/3rd_party/navsim_workspace/dataset/maps does not exist!
9f1d535f158c5758,False,5,/mnt/chenpeijian/autodrive/StreetWorld/lead/3rd_party/navsim_workspace/dataset/maps does not exist!
9f699a1331785e57,False,5,/mnt/chenpeijian/autodrive/StreetWorld/lead/3rd_party/navsim_workspace/dataset/maps does not exist!
9fb619b502495ffc,False,5,/mnt/chenpeijian/autodrive/StreetWorld/lead/3rd_party/navsim_workspace/dataset/maps does not exist!
9fe3ed9455355edb,False,5,/mnt/chenpeijian/autodrive/StreetWorld/lead/3rd_party/navsim_workspace/dataset/maps does not exist!
a03c5e53159f54c3,False,5,/mnt/chenpeijian/autodrive/StreetWorld/lead/3rd_party/navsim_workspace/dataset/maps does not exist!
a067cd2e442c5a4a,False,5,/mnt/chenpeijian/autodrive/StreetWorld/lead/3rd_party/navsim_workspace/dataset/maps does not exist!
a07bb9058982503d,False,5,/mnt/chenpeijian/autodrive/StreetWorld/lead/3rd_party/navsim_workspace/dataset/maps does not exist!
a0b3a3b623235a49,False,5,/mnt/chenpeijian/autodrive/StreetWorld/lead/3rd_party/navsim_workspace/dataset/maps does not exist!
a0e9cbedca0a56b7,False,5,/mnt/chenpeijian/autodrive/StreetWorld/lead/3rd_party/navsim_workspace/dataset/maps does not exist!
a1325310017c5057,False,5,/mnt/chenpeijian/autodrive/StreetWorld/lead/3rd_party/navsim_workspace/dataset/maps does not exist!
a161122c95815233,False,5,/mnt/chenpeijian/autodrive/StreetWorld/lead/3rd_party/navsim_workspace/dataset/maps does not exist!
a1ac8820c36e51c3,False,5,/mnt/chenpeijian/autodrive/StreetWorld/lead/3rd_party/navsim_workspace/dataset/maps does not exist!
a1e689b17ca65053,False,5,/mnt/chenpeijian/autodrive/StreetWorld/lead/3rd_party/navsim_workspace/dataset/maps does not exist!
a21ebf4902fa5e27,False,5,/mnt/chenpeijian/autodrive/StreetWorld/lead/3rd_party/navsim_workspace/dataset/maps does not exist!
a25bc88dbb4f5f72,False,5,/mnt/chenpeijian/autodrive/StreetWorld/lead/3rd_party/navsim_workspace/dataset/maps does not exist!
a28e9a19b6a05733,False,5,/mnt/chenpeijian/autodrive/StreetWorld/lead/3rd_party/navsim_workspace/dataset/maps does not exist!
a2cc6aa1e3c252a7,False,5,/mnt/chenpeijian/autodrive/StreetWorld/lead/3rd_party/navsim_workspace/dataset/maps does not exist!
a30baeb5294658b3,False,5,/mnt/chenpeijian/autodrive/StreetWorld/lead/3rd_party/navsim_workspace/dataset/maps does not exist!
a35a1d0c099151cc,False,5,/mnt/chenpeijian/autodrive/StreetWorld/lead/3rd_party/navsim_workspace/dataset/maps does not exist!
a38bd3c8068d5ebb,False,5,/mnt/chenpeijian/autodrive/StreetWorld/lead/3rd_party/navsim_workspace/dataset/maps does not exist!
a3af72210c7553c4,False,5,/mnt/chenpeijian/autodrive/StreetWorld/lead/3rd_party/navsim_workspace/dataset/maps does not exist!
a3f2ea7187975b13,False,5,/mnt/chenpeijian/autodrive/StreetWorld/lead/3rd_party/navsim_workspace/dataset/maps does not exist!
a422962469ff5d27,False,5,/mnt/chenpeijian/autodrive/StreetWorld/lead/3rd_party/navsim_workspace/dataset/maps does not exist!
a452d968db965d77,False,5,/mnt/chenpeijian/autodrive/StreetWorld/lead/3rd_party/navsim_workspace/dataset/maps does not exist!
a4ab5ff4ba7259f9,False,5,/mnt/chenpeijian/autodrive/StreetWorld/lead/3rd_party/navsim_workspace/dataset/maps does not exist!
a4f2f32aa59f53b9,False,5,/mnt/chenpeijian/autodrive/StreetWorld/lead/3rd_party/navsim_workspace/dataset/maps does not exist!
a547f498303e5b17,False,5,/mnt/chenpeijian/autodrive/StreetWorld/lead/3rd_party/navsim_workspace/dataset/maps does not exist!
a5977f7fb4fd5386,False,5,/mnt/chenpeijian/autodrive/StreetWorld/lead/3rd_party/navsim_workspace/dataset/maps does not exist!
a5be642219735a49,False,5,/mnt/chenpeijian/autodrive/StreetWorld/lead/3rd_party/navsim_workspace/dataset/maps does not exist!
a5de46cebb7d5260,False,5,/mnt/chenpeijian/autodrive/StreetWorld/lead/3rd_party/navsim_workspace/dataset/maps does not exist!
a60f7352182a5e93,False,5,/mnt/chenpeijian/autodrive/StreetWorld/lead/3rd_party/navsim_workspace/dataset/maps does not exist!
a622f6b5e06f52d0,False,5,/mnt/chenpeijian/autodrive/StreetWorld/lead/3rd_party/navsim_workspace/dataset/maps does not exist!
a66018d8ad8f594d,False,5,/mnt/chenpeijian/autodrive/StreetWorld/lead/3rd_party/navsim_workspace/dataset/maps does not exist!
a681a147f3375cac,False,5,/mnt/chenpeijian/autodrive/StreetWorld/lead/3rd_party/navsim_workspace/dataset/maps does not exist!
a6b9a83019915658,False,5,/mnt/chenpeijian/autodrive/StreetWorld/lead/3rd_party/navsim_workspace/dataset/maps does not exist!
a709a9bbafe555e1,False,5,/mnt/chenpeijian/autodrive/StreetWorld/lead/3rd_party/navsim_workspace/dataset/maps does not exist!
a756084987b256e5,False,5,/mnt/chenpeijian/autodrive/StreetWorld/lead/3rd_party/navsim_workspace/dataset/maps does not exist!
a780d35138495c38,False,5,/mnt/chenpeijian/autodrive/StreetWorld/lead/3rd_party/navsim_workspace/dataset/maps does not exist!
a7ca0cd746e7551e,False,5,/mnt/chenpeijian/autodrive/StreetWorld/lead/3rd_party/navsim_workspace/dataset/maps does not exist!
a7f5d22750b75466,False,5,/mnt/chenpeijian/autodrive/StreetWorld/lead/3rd_party/navsim_workspace/dataset/maps does not exist!
a82ce9edf79d56a6,False,5,/mnt/chenpeijian/autodrive/StreetWorld/lead/3rd_party/navsim_workspace/dataset/maps does not exist!
a85f6afede71548f,False,5,/mnt/chenpeijian/autodrive/StreetWorld/lead/3rd_party/navsim_workspace/dataset/maps does not exist!
a8a34f54618050f6,False,5,/mnt/chenpeijian/autodrive/StreetWorld/lead/3rd_party/navsim_workspace/dataset/maps does not exist!
a8ca647927f25ae9,False,5,/mnt/chenpeijian/autodrive/StreetWorld/lead/3rd_party/navsim_workspace/dataset/maps does not exist!
a8ee480d197e56dd,False,5,/mnt/chenpeijian/autodrive/StreetWorld/lead/3rd_party/navsim_workspace/dataset/maps does not exist!
a924bf802fe25fa6,False,5,/mnt/chenpeijian/autodrive/StreetWorld/lead/3rd_party/navsim_workspace/dataset/maps does not exist!
a93fa981f60d50af,False,5,/mnt/chenpeijian/autodrive/StreetWorld/lead/3rd_party/navsim_workspace/dataset/maps does not exist!
a9853ab9c01c53d2,False,5,/mnt/chenpeijian/autodrive/StreetWorld/lead/3rd_party/navsim_workspace/dataset/maps does not exist!
a9956fd52aa15f39,False,5,/mnt/chenpeijian/autodrive/StreetWorld/lead/3rd_party/navsim_workspace/dataset/maps does not exist!
a9c368a110585b1a,False,5,/mnt/chenpeijian/autodrive/StreetWorld/lead/3rd_party/navsim_workspace/dataset/maps does not exist!
a9ffe9bb174851e6,False,5,/mnt/chenpeijian/autodrive/StreetWorld/lead/3rd_party/navsim_workspace/dataset/maps does not exist!
aa2c4edb15d45c84,False,5,/mnt/chenpeijian/autodrive/StreetWorld/lead/3rd_party/navsim_workspace/dataset/maps does not exist!
aa58dfcb46765181,False,5,/mnt/chenpeijian/autodrive/StreetWorld/lead/3rd_party/navsim_workspace/dataset/maps does not exist!
aab09057df0a515d,False,5,/mnt/chenpeijian/autodrive/StreetWorld/lead/3rd_party/navsim_workspace/dataset/maps does not exist!
aaf1c9da44cb567b,False,5,/mnt/chenpeijian/autodrive/StreetWorld/lead/3rd_party/navsim_workspace/dataset/maps does not exist!
ab052def6aec532e,False,5,/mnt/chenpeijian/autodrive/StreetWorld/lead/3rd_party/navsim_workspace/dataset/maps does not exist!
ab4175e25b6c5d76,False,5,/mnt/chenpeijian/autodrive/StreetWorld/lead/3rd_party/navsim_workspace/dataset/maps does not exist!
ab74b3b32d8c5006,False,5,/mnt/chenpeijian/autodrive/StreetWorld/lead/3rd_party/navsim_workspace/dataset/maps does not exist!
ab8af92e0bda5def,False,5,/mnt/chenpeijian/autodrive/StreetWorld/lead/3rd_party/navsim_workspace/dataset/maps does not exist!
abb2ccc5501c58f3,False,5,/mnt/chenpeijian/autodrive/StreetWorld/lead/3rd_party/navsim_workspace/dataset/maps does not exist!
abe1ac610c3d5b82,False,5,/mnt/chenpeijian/autodrive/StreetWorld/lead/3rd_party/navsim_workspace/dataset/maps does not exist!
ac2046c2652451fc,False,5,/mnt/chenpeijian/autodrive/StreetWorld/lead/3rd_party/navsim_workspace/dataset/maps does not exist!
ac3410e696505284,False,5,/mnt/chenpeijian/autodrive/StreetWorld/lead/3rd_party/navsim_workspace/dataset/maps does not exist!
ac5327106349541c,False,5,/mnt/chenpeijian/autodrive/StreetWorld/lead/3rd_party/navsim_workspace/dataset/maps does not exist!
ac944958cb6d5209,False,5,/mnt/chenpeijian/autodrive/StreetWorld/lead/3rd_party/navsim_workspace/dataset/maps does not exist!
acfe9f2fe77c5b79,False,5,/mnt/chenpeijian/autodrive/StreetWorld/lead/3rd_party/navsim_workspace/dataset/maps does not exist!
ad34e2d0d3865530,False,5,/mnt/chenpeijian/autodrive/StreetWorld/lead/3rd_party/navsim_workspace/dataset/maps does not exist!
ad568870afa55435,False,5,/mnt/chenpeijian/autodrive/StreetWorld/lead/3rd_party/navsim_workspace/dataset/maps does not exist!
ad8912b904665e0f,False,5,/mnt/chenpeijian/autodrive/StreetWorld/lead/3rd_party/navsim_workspace/dataset/maps does not exist!
ada62613f2ce5a33,False,5,/mnt/chenpeijian/autodrive/StreetWorld/lead/3rd_party/navsim_workspace/dataset/maps does not exist!
ade979d99d51517f,False,5,/mnt/chenpeijian/autodrive/StreetWorld/lead/3rd_party/navsim_workspace/dataset/maps does not exist!
ae06592110305073,False,5,/mnt/chenpeijian/autodrive/StreetWorld/lead/3rd_party/navsim_workspace/dataset/maps does not exist!
ae28b46a42d051a4,False,5,/mnt/chenpeijian/autodrive/StreetWorld/lead/3rd_party/navsim_workspace/dataset/maps does not exist!
ae821f2ac8d55180,False,5,/mnt/chenpeijian/autodrive/StreetWorld/lead/3rd_party/navsim_workspace/dataset/maps does not exist!
aee1ca352fdd55f1,False,5,/mnt/chenpeijian/autodrive/StreetWorld/lead/3rd_party/navsim_workspace/dataset/maps does not exist!
aefbf6f8b9fe5824,False,5,/mnt/chenpeijian/autodrive/StreetWorld/lead/3rd_party/navsim_workspace/dataset/maps does not exist!
af58d13139de5d3f,False,5,/mnt/chenpeijian/autodrive/StreetWorld/lead/3rd_party/navsim_workspace/dataset/maps does not exist!
afa0bb26045b5981,False,5,/mnt/chenpeijian/autodrive/StreetWorld/lead/3rd_party/navsim_workspace/dataset/maps does not exist!
afbf82af256b5711,False,5,/mnt/chenpeijian/autodrive/StreetWorld/lead/3rd_party/navsim_workspace/dataset/maps does not exist!
afe3f2650ff85a95,False,5,/mnt/chenpeijian/autodrive/StreetWorld/lead/3rd_party/navsim_workspace/dataset/maps does not exist!
b00afb2388cd5007,False,5,/mnt/chenpeijian/autodrive/StreetWorld/lead/3rd_party/navsim_workspace/dataset/maps does not exist!
b04064e074f55bb0,False,5,/mnt/chenpeijian/autodrive/StreetWorld/lead/3rd_party/navsim_workspace/dataset/maps does not exist!
b07ccbd562295ef9,False,5,/mnt/chenpeijian/autodrive/StreetWorld/lead/3rd_party/navsim_workspace/dataset/maps does not exist!
b0a7f01e57205fb4,False,5,/mnt/chenpeijian/autodrive/StreetWorld/lead/3rd_party/navsim_workspace/dataset/maps does not exist!
b0e6764ee8a35223,False,5,/mnt/chenpeijian/autodrive/StreetWorld/lead/3rd_party/navsim_workspace/dataset/maps does not exist!
b12f2581dde259f4,False,5,/mnt/chenpeijian/autodrive/StreetWorld/lead/3rd_party/navsim_workspace/dataset/maps does not exist!
b1520b6af9705191,False,5,/mnt/chenpeijian/autodrive/StreetWorld/lead/3rd_party/navsim_workspace/dataset/maps does not exist!
b17966d55b335270,False,5,/mnt/chenpeijian/autodrive/StreetWorld/lead/3rd_party/navsim_workspace/dataset/maps does not exist!
b197862351735b60,False,5,/mnt/chenpeijian/autodrive/StreetWorld/lead/3rd_party/navsim_workspace/dataset/maps does not exist!
b1bcfdce40d5572e,False,5,/mnt/chenpeijian/autodrive/StreetWorld/lead/3rd_party/navsim_workspace/dataset/maps does not exist!
b1e10e4f03155c70,False,5,/mnt/chenpeijian/autodrive/StreetWorld/lead/3rd_party/navsim_workspace/dataset/maps does not exist!
b22ea864484d514f,False,5,/mnt/chenpeijian/autodrive/StreetWorld/lead/3rd_party/navsim_workspace/dataset/maps does not exist!
b27bfe84cc545daa,False,5,/mnt/chenpeijian/autodrive/StreetWorld/lead/3rd_party/navsim_workspace/dataset/maps does not exist!
b2b49c0ddec25abc,False,5,/mnt/chenpeijian/autodrive/StreetWorld/lead/3rd_party/navsim_workspace/dataset/maps does not exist!
b2e0a5dfbb575ce1,False,5,/mnt/chenpeijian/autodrive/StreetWorld/lead/3rd_party/navsim_workspace/dataset/maps does not exist!
b2f8e3b0a7a1565e,False,5,/mnt/chenpeijian/autodrive/StreetWorld/lead/3rd_party/navsim_workspace/dataset/maps does not exist!
b31417a335cf5955,False,5,/mnt/chenpeijian/autodrive/StreetWorld/lead/3rd_party/navsim_workspace/dataset/maps does not exist!
b354451e4f8859f9,False,5,/mnt/chenpeijian/autodrive/StreetWorld/lead/3rd_party/navsim_workspace/dataset/maps does not exist!
b38af8cb560c5295,False,5,/mnt/chenpeijian/autodrive/StreetWorld/lead/3rd_party/navsim_workspace/dataset/maps does not exist!
b3b8544db9025d6a,False,5,/mnt/chenpeijian/autodrive/StreetWorld/lead/3rd_party/navsim_workspace/dataset/maps does not exist!
b4175792b94a5cf2,False,5,/mnt/chenpeijian/autodrive/StreetWorld/lead/3rd_party/navsim_workspace/dataset/maps does not exist!
b435ec4c5baa5a2c,False,5,/mnt/chenpeijian/autodrive/StreetWorld/lead/3rd_party/navsim_workspace/dataset/maps does not exist!
b462af5600bf5f88,False,5,/mnt/chenpeijian/autodrive/StreetWorld/lead/3rd_party/navsim_workspace/dataset/maps does not exist!
b4899f9464d058f2,False,5,/mnt/chenpeijian/autodrive/StreetWorld/lead/3rd_party/navsim_workspace/dataset/maps does not exist!
b4bcd9085faf5842,False,5,/mnt/chenpeijian/autodrive/StreetWorld/lead/3rd_party/navsim_workspace/dataset/maps does not exist!
b4dbd03935ce53fa,False,5,/mnt/chenpeijian/autodrive/StreetWorld/lead/3rd_party/navsim_workspace/dataset/maps does not exist!
b504737fcab3545b,False,5,/mnt/chenpeijian/autodrive/StreetWorld/lead/3rd_party/navsim_workspace/dataset/maps does not exist!
b52b4358ca335eb9,False,5,/mnt/chenpeijian/autodrive/StreetWorld/lead/3rd_party/navsim_workspace/dataset/maps does not exist!
b562ff054b765717,False,5,/mnt/chenpeijian/autodrive/StreetWorld/lead/3rd_party/navsim_workspace/dataset/maps does not exist!
b5b422189a075a27,False,5,/mnt/chenpeijian/autodrive/StreetWorld/lead/3rd_party/navsim_workspace/dataset/maps does not exist!
b5be372c45f05a96,False,5,/mnt/chenpeijian/autodrive/StreetWorld/lead/3rd_party/navsim_workspace/dataset/maps does not exist!
b5ee0c4a00765073,False,5,/mnt/chenpeijian/autodrive/StreetWorld/lead/3rd_party/navsim_workspace/dataset/maps does not exist!
b60cd9b5f9a75b57,False,5,/mnt/chenpeijian/autodrive/StreetWorld/lead/3rd_party/navsim_workspace/dataset/maps does not exist!
b628faa4178d5eaf,False,5,/mnt/chenpeijian/autodrive/StreetWorld/lead/3rd_party/navsim_workspace/dataset/maps does not exist!
b648072650cc5932,False,5,/mnt/chenpeijian/autodrive/StreetWorld/lead/3rd_party/navsim_workspace/dataset/maps does not exist!
b66f066aad62515e,False,5,/mnt/chenpeijian/autodrive/StreetWorld/lead/3rd_party/navsim_workspace/dataset/maps does not exist!
b6a5d96d702a5ffd,False,5,/mnt/chenpeijian/autodrive/StreetWorld/lead/3rd_party/navsim_workspace/dataset/maps does not exist!
b7122fd86c855943,False,5,/mnt/chenpeijian/autodrive/StreetWorld/lead/3rd_party/navsim_workspace/dataset/maps does not exist!
b7620d238eaf5023,False,5,/mnt/chenpeijian/autodrive/StreetWorld/lead/3rd_party/navsim_workspace/dataset/maps does not exist!
b793d920bf6f53cd,False,5,/mnt/chenpeijian/autodrive/StreetWorld/lead/3rd_party/navsim_workspace/dataset/maps does not exist!
b7c35b12755c5d44,False,5,/mnt/chenpeijian/autodrive/StreetWorld/lead/3rd_party/navsim_workspace/dataset/maps does not exist!
b7e61e7b15265bb9,False,5,/mnt/chenpeijian/autodrive/StreetWorld/lead/3rd_party/navsim_workspace/dataset/maps does not exist!
b805c900794c53f5,False,5,/mnt/chenpeijian/autodrive/StreetWorld/lead/3rd_party/navsim_workspace/dataset/maps does not exist!
b8314864431a5665,False,5,/mnt/chenpeijian/autodrive/StreetWorld/lead/3rd_party/navsim_workspace/dataset/maps does not exist!
b845e97a49a75cd0,False,5,/mnt/chenpeijian/autodrive/StreetWorld/lead/3rd_party/navsim_workspace/dataset/maps does not exist!
b867b28707205c0b,False,5,/mnt/chenpeijian/autodrive/StreetWorld/lead/3rd_party/navsim_workspace/dataset/maps does not exist!
b87ed2985e545397,False,5,/mnt/chenpeijian/autodrive/StreetWorld/lead/3rd_party/navsim_workspace/dataset/maps does not exist!
b8b3f457e7ac5382,False,5,/mnt/chenpeijian/autodrive/StreetWorld/lead/3rd_party/navsim_workspace/dataset/maps does not exist!
b8d114f0304d5f87,False,5,/mnt/chenpeijian/autodrive/StreetWorld/lead/3rd_party/navsim_workspace/dataset/maps does not exist!
b9013028b5d45eee,False,5,/mnt/chenpeijian/autodrive/StreetWorld/lead/3rd_party/navsim_workspace/dataset/maps does not exist!
b937ec3b9c845118,False,5,/mnt/chenpeijian/autodrive/StreetWorld/lead/3rd_party/navsim_workspace/dataset/maps does not exist!
b966c10ea361593f,False,5,/mnt/chenpeijian/autodrive/StreetWorld/lead/3rd_party/navsim_workspace/dataset/maps does not exist!
b9a8107ff09d5961,False,5,/mnt/chenpeijian/autodrive/StreetWorld/lead/3rd_party/navsim_workspace/dataset/maps does not exist!
b9e84e372b3958ac,False,5,/mnt/chenpeijian/autodrive/StreetWorld/lead/3rd_party/navsim_workspace/dataset/maps does not exist!
ba3833aabbb85e7b,False,5,/mnt/chenpeijian/autodrive/StreetWorld/lead/3rd_party/navsim_workspace/dataset/maps does not exist!
ba62104a517e5a9b,False,5,/mnt/chenpeijian/autodrive/StreetWorld/lead/3rd_party/navsim_workspace/dataset/maps does not exist!
ba84537a483f508a,False,5,/mnt/chenpeijian/autodrive/StreetWorld/lead/3rd_party/navsim_workspace/dataset/maps does not exist!
baa0c0c3397d5ed5,False,5,/mnt/chenpeijian/autodrive/StreetWorld/lead/3rd_party/navsim_workspace/dataset/maps does not exist!
baf0c6e99bec57db,False,5,/mnt/chenpeijian/autodrive/StreetWorld/lead/3rd_party/navsim_workspace/dataset/maps does not exist!
bb2645c10ec25a6b,False,5,/mnt/chenpeijian/autodrive/StreetWorld/lead/3rd_party/navsim_workspace/dataset/maps does not exist!
bb6cb09beb1e5e3f,False,5,/mnt/chenpeijian/autodrive/StreetWorld/lead/3rd_party/navsim_workspace/dataset/maps does not exist!
bbc93f086726531e,False,5,/mnt/chenpeijian/autodrive/StreetWorld/lead/3rd_party/navsim_workspace/dataset/maps does not exist!
bc23c66181b15e25,False,5,/mnt/chenpeijian/autodrive/StreetWorld/lead/3rd_party/navsim_workspace/dataset/maps does not exist!
bc63d7f1ab7759ee,False,5,/mnt/chenpeijian/autodrive/StreetWorld/lead/3rd_party/navsim_workspace/dataset/maps does not exist!
bc88b69c56ec5a0f,False,5,/mnt/chenpeijian/autodrive/StreetWorld/lead/3rd_party/navsim_workspace/dataset/maps does not exist!
bc958ef21282524c,False,5,/mnt/chenpeijian/autodrive/StreetWorld/lead/3rd_party/navsim_workspace/dataset/maps does not exist!
bcbe67b78b825aec,False,5,/mnt/chenpeijian/autodrive/StreetWorld/lead/3rd_party/navsim_workspace/dataset/maps does not exist!
bd06d301fe645a28,False,5,/mnt/chenpeijian/autodrive/StreetWorld/lead/3rd_party/navsim_workspace/dataset/maps does not exist!
bd35995b3dcb53e8,False,5,/mnt/chenpeijian/autodrive/StreetWorld/lead/3rd_party/navsim_workspace/dataset/maps does not exist!
bd5e1c226cca5d3e,False,5,/mnt/chenpeijian/autodrive/StreetWorld/lead/3rd_party/navsim_workspace/dataset/maps does not exist!
bdaa773585685d09,False,5,/mnt/chenpeijian/autodrive/StreetWorld/lead/3rd_party/navsim_workspace/dataset/maps does not exist!
bddb70b4743352ce,False,5,/mnt/chenpeijian/autodrive/StreetWorld/lead/3rd_party/navsim_workspace/dataset/maps does not exist!
bdffdc5fc2fa542b,False,5,/mnt/chenpeijian/autodrive/StreetWorld/lead/3rd_party/navsim_workspace/dataset/maps does not exist!
be2d7d1ddb305428,False,5,/mnt/chenpeijian/autodrive/StreetWorld/lead/3rd_party/navsim_workspace/dataset/maps does not exist!
be7004554c8750bc,False,5,/mnt/chenpeijian/autodrive/StreetWorld/lead/3rd_party/navsim_workspace/dataset/maps does not exist!
beaa12171da45b46,False,5,/mnt/chenpeijian/autodrive/StreetWorld/lead/3rd_party/navsim_workspace/dataset/maps does not exist!
bee76fa92b735b00,False,5,/mnt/chenpeijian/autodrive/StreetWorld/lead/3rd_party/navsim_workspace/dataset/maps does not exist!
befdd4140e4252e5,False,5,/mnt/chenpeijian/autodrive/StreetWorld/lead/3rd_party/navsim_workspace/dataset/maps does not exist!
bf1f3fe1ca935bba,False,5,/mnt/chenpeijian/autodrive/StreetWorld/lead/3rd_party/navsim_workspace/dataset/maps does not exist!
bf4d95ea76b75de7,False,5,/mnt/chenpeijian/autodrive/StreetWorld/lead/3rd_party/navsim_workspace/dataset/maps does not exist!
bf896d504b4356c7,False,5,/mnt/chenpeijian/autodrive/StreetWorld/lead/3rd_party/navsim_workspace/dataset/maps does not exist!
bfb373d958725fc8,False,5,/mnt/chenpeijian/autodrive/StreetWorld/lead/3rd_party/navsim_workspace/dataset/maps does not exist!
bff12156468e5f16,False,5,/mnt/chenpeijian/autodrive/StreetWorld/lead/3rd_party/navsim_workspace/dataset/maps does not exist!
c02bb4d7993e5bbb,False,5,/mnt/chenpeijian/autodrive/StreetWorld/lead/3rd_party/navsim_workspace/dataset/maps does not exist!
c05f89f644505f4c,False,5,/mnt/chenpeijian/autodrive/StreetWorld/lead/3rd_party/navsim_workspace/dataset/maps does not exist!
c08100986326547c,False,5,/mnt/chenpeijian/autodrive/StreetWorld/lead/3rd_party/navsim_workspace/dataset/maps does not exist!
c09d506d3891507c,False,5,/mnt/chenpeijian/autodrive/StreetWorld/lead/3rd_party/navsim_workspace/dataset/maps does not exist!
c0d51ca7b8af5414,False,5,/mnt/chenpeijian/autodrive/StreetWorld/lead/3rd_party/navsim_workspace/dataset/maps does not exist!
c1019bca7cd95123,False,5,/mnt/chenpeijian/autodrive/StreetWorld/lead/3rd_party/navsim_workspace/dataset/maps does not exist!
c133861a233a51de,False,5,/mnt/chenpeijian/autodrive/StreetWorld/lead/3rd_party/navsim_workspace/dataset/maps does not exist!
c195a8cb7ccb59fd,False,5,/mnt/chenpeijian/autodrive/StreetWorld/lead/3rd_party/navsim_workspace/dataset/maps does not exist!
c1e1661e600c570e,False,5,/mnt/chenpeijian/autodrive/StreetWorld/lead/3rd_party/navsim_workspace/dataset/maps does not exist!
c20652fc6a78529b,False,5,/mnt/chenpeijian/autodrive/StreetWorld/lead/3rd_party/navsim_workspace/dataset/maps does not exist!
c2331abea9b5551f,False,5,/mnt/chenpeijian/autodrive/StreetWorld/lead/3rd_party/navsim_workspace/dataset/maps does not exist!
c282872767cb5199,False,5,/mnt/chenpeijian/autodrive/StreetWorld/lead/3rd_party/navsim_workspace/dataset/maps does not exist!
c296ded44f9a509a,False,5,/mnt/chenpeijian/autodrive/StreetWorld/lead/3rd_party/navsim_workspace/dataset/maps does not exist!
c2cb368d78e858c7,False,5,/mnt/chenpeijian/autodrive/StreetWorld/lead/3rd_party/navsim_workspace/dataset/maps does not exist!
c30e5bb7e0595851,False,5,/mnt/chenpeijian/autodrive/StreetWorld/lead/3rd_party/navsim_workspace/dataset/maps does not exist!
c35a248a5941531d,False,5,/mnt/chenpeijian/autodrive/StreetWorld/lead/3rd_party/navsim_workspace/dataset/maps does not exist!
c3907cc0d2ed5600,False,5,/mnt/chenpeijian/autodrive/StreetWorld/lead/3rd_party/navsim_workspace/dataset/maps does not exist!
c3cdc9086b1a55f6,False,5,/mnt/chenpeijian/autodrive/StreetWorld/lead/3rd_party/navsim_workspace/dataset/maps does not exist!
c40ede27ed35520b,False,5,/mnt/chenpeijian/autodrive/StreetWorld/lead/3rd_party/navsim_workspace/dataset/maps does not exist!
c447b75808ee5ea6,False,5,/mnt/chenpeijian/autodrive/StreetWorld/lead/3rd_party/navsim_workspace/dataset/maps does not exist!
c48cfa7c240d5808,False,5,/mnt/chenpeijian/autodrive/StreetWorld/lead/3rd_party/navsim_workspace/dataset/maps does not exist!
c4bacbfebba15b26,False,5,/mnt/chenpeijian/autodrive/StreetWorld/lead/3rd_party/navsim_workspace/dataset/maps does not exist!
c4fbbd685a1953c5,False,5,/mnt/chenpeijian/autodrive/StreetWorld/lead/3rd_party/navsim_workspace/dataset/maps does not exist!
c520f76d99f359f2,False,5,/mnt/chenpeijian/autodrive/StreetWorld/lead/3rd_party/navsim_workspace/dataset/maps does not exist!
c54227acd96156e1,False,5,/mnt/chenpeijian/autodrive/StreetWorld/lead/3rd_party/navsim_workspace/dataset/maps does not exist!
c5a2a467d5e25058,False,5,/mnt/chenpeijian/autodrive/StreetWorld/lead/3rd_party/navsim_workspace/dataset/maps does not exist!
c5dfe79ae983556a,False,5,/mnt/chenpeijian/autodrive/StreetWorld/lead/3rd_party/navsim_workspace/dataset/maps does not exist!
c5ff90667143574a,False,5,/mnt/chenpeijian/autodrive/StreetWorld/lead/3rd_party/navsim_workspace/dataset/maps does not exist!
c63599ac19bc5e9a,False,5,/mnt/chenpeijian/autodrive/StreetWorld/lead/3rd_party/navsim_workspace/dataset/maps does not exist!
c65c265780365bb1,False,5,/mnt/chenpeijian/autodrive/StreetWorld/lead/3rd_party/navsim_workspace/dataset/maps does not exist!
c678ab21b707538f,False,5,/mnt/chenpeijian/autodrive/StreetWorld/lead/3rd_party/navsim_workspace/dataset/maps does not exist!
c69d4cbd79ea52a0,False,5,/mnt/chenpeijian/autodrive/StreetWorld/lead/3rd_party/navsim_workspace/dataset/maps does not exist!
c6c7e6c737cb5f4c,False,5,/mnt/chenpeijian/autodrive/StreetWorld/lead/3rd_party/navsim_workspace/dataset/maps does not exist!
c70300305bb9547e,False,5,/mnt/chenpeijian/autodrive/StreetWorld/lead/3rd_party/navsim_workspace/dataset/maps does not exist!
c73482934be65cec,False,5,/mnt/chenpeijian/autodrive/StreetWorld/lead/3rd_party/navsim_workspace/dataset/maps does not exist!
c77d485da6ce5075,False,5,/mnt/chenpeijian/autodrive/StreetWorld/lead/3rd_party/navsim_workspace/dataset/maps does not exist!
c7b030a4025a5066,False,5,/mnt/chenpeijian/autodrive/StreetWorld/lead/3rd_party/navsim_workspace/dataset/maps does not exist!
c7f3aa98380354ba,False,5,/mnt/chenpeijian/autodrive/StreetWorld/lead/3rd_party/navsim_workspace/dataset/maps does not exist!
c81f2105e14758ea,False,5,/mnt/chenpeijian/autodrive/StreetWorld/lead/3rd_party/navsim_workspace/dataset/maps does not exist!
c844ccab55295a05,False,5,/mnt/chenpeijian/autodrive/StreetWorld/lead/3rd_party/navsim_workspace/dataset/maps does not exist!
c87dc623a8b3564d,False,5,/mnt/chenpeijian/autodrive/StreetWorld/lead/3rd_party/navsim_workspace/dataset/maps does not exist!
c8d4707fcc465f8b,False,5,/mnt/chenpeijian/autodrive/StreetWorld/lead/3rd_party/navsim_workspace/dataset/maps does not exist!
c9150b81da695ae9,False,5,/mnt/chenpeijian/autodrive/StreetWorld/lead/3rd_party/navsim_workspace/dataset/maps does not exist!
c9374cc3f2d45d75,False,5,/mnt/chenpeijian/autodrive/StreetWorld/lead/3rd_party/navsim_workspace/dataset/maps does not exist!
c95d7e81eec75f65,False,5,/mnt/chenpeijian/autodrive/StreetWorld/lead/3rd_party/navsim_workspace/dataset/maps does not exist!
c968e1d258265a2b,False,5,/mnt/chenpeijian/autodrive/StreetWorld/lead/3rd_party/navsim_workspace/dataset/maps does not exist!
c9968e9ec0135b9d,False,5,/mnt/chenpeijian/autodrive/StreetWorld/lead/3rd_party/navsim_workspace/dataset/maps does not exist!
c9b41d0b992158c6,False,5,/mnt/chenpeijian/autodrive/StreetWorld/lead/3rd_party/navsim_workspace/dataset/maps does not exist!
c9fb5f51480b5ff8,False,5,/mnt/chenpeijian/autodrive/StreetWorld/lead/3rd_party/navsim_workspace/dataset/maps does not exist!
ca4be8d422eb5f56,False,5,/mnt/chenpeijian/autodrive/StreetWorld/lead/3rd_party/navsim_workspace/dataset/maps does not exist!
ca7c752bcdfa5e4d,False,5,/mnt/chenpeijian/autodrive/StreetWorld/lead/3rd_party/navsim_workspace/dataset/maps does not exist!
caa3170f8c3b5cfe,False,5,/mnt/chenpeijian/autodrive/StreetWorld/lead/3rd_party/navsim_workspace/dataset/maps does not exist!
caee3d86c00351e6,False,5,/mnt/chenpeijian/autodrive/StreetWorld/lead/3rd_party/navsim_workspace/dataset/maps does not exist!
cb2a52e9af3a5e0a,False,5,/mnt/chenpeijian/autodrive/StreetWorld/lead/3rd_party/navsim_workspace/dataset/maps does not exist!
cb70f332bc5f5bcf,False,5,/mnt/chenpeijian/autodrive/StreetWorld/lead/3rd_party/navsim_workspace/dataset/maps does not exist!
cbb499611c3f53ca,False,5,/mnt/chenpeijian/autodrive/StreetWorld/lead/3rd_party/navsim_workspace/dataset/maps does not exist!
cbd04a396e145288,False,5,/mnt/chenpeijian/autodrive/StreetWorld/lead/3rd_party/navsim_workspace/dataset/maps does not exist!
cc0668b663b25703,False,5,/mnt/chenpeijian/autodrive/StreetWorld/lead/3rd_party/navsim_workspace/dataset/maps does not exist!
cc652b7870745fa5,False,5,/mnt/chenpeijian/autodrive/StreetWorld/lead/3rd_party/navsim_workspace/dataset/maps does not exist!
cc853dd8697f51b3,False,5,/mnt/chenpeijian/autodrive/StreetWorld/lead/3rd_party/navsim_workspace/dataset/maps does not exist!
cc9e361d27725cb7,False,5,/mnt/chenpeijian/autodrive/StreetWorld/lead/3rd_party/navsim_workspace/dataset/maps does not exist!
ccce59bb3b3a5c29,False,5,/mnt/chenpeijian/autodrive/StreetWorld/lead/3rd_party/navsim_workspace/dataset/maps does not exist!
cce0795c7ff05129,False,5,/mnt/chenpeijian/autodrive/StreetWorld/lead/3rd_party/navsim_workspace/dataset/maps does not exist!
cd177406e5b056d6,False,5,/mnt/chenpeijian/autodrive/StreetWorld/lead/3rd_party/navsim_workspace/dataset/maps does not exist!
cd59c2696d01521a,False,5,/mnt/chenpeijian/autodrive/StreetWorld/lead/3rd_party/navsim_workspace/dataset/maps does not exist!
cd78333fa2c45328,False,5,/mnt/chenpeijian/autodrive/StreetWorld/lead/3rd_party/navsim_workspace/dataset/maps does not exist!
cd96f8a73c7a5d07,False,5,/mnt/chenpeijian/autodrive/StreetWorld/lead/3rd_party/navsim_workspace/dataset/maps does not exist!
cdc6e3f7dcb25376,False,5,/mnt/chenpeijian/autodrive/StreetWorld/lead/3rd_party/navsim_workspace/dataset/maps does not exist!
cde54c98cbec5255,False,5,/mnt/chenpeijian/autodrive/StreetWorld/lead/3rd_party/navsim_workspace/dataset/maps does not exist!
cdf6bdc01f055c77,False,5,/mnt/chenpeijian/autodrive/StreetWorld/lead/3rd_party/navsim_workspace/dataset/maps does not exist!
ce23b8e489255237,False,5,/mnt/chenpeijian/autodrive/StreetWorld/lead/3rd_party/navsim_workspace/dataset/maps does not exist!
ce3ff067f10b526b,False,5,/mnt/chenpeijian/autodrive/StreetWorld/lead/3rd_party/navsim_workspace/dataset/maps does not exist!
cea4eb2a60da5354,False,5,/mnt/chenpeijian/autodrive/StreetWorld/lead/3rd_party/navsim_workspace/dataset/maps does not exist!
cebdffcaf8595c9e,False,5,/mnt/chenpeijian/autodrive/StreetWorld/lead/3rd_party/navsim_workspace/dataset/maps does not exist!
ceedeccf36c35c11,False,5,/mnt/chenpeijian/autodrive/StreetWorld/lead/3rd_party/navsim_workspace/dataset/maps does not exist!
cf1ba57897845189,False,5,/mnt/chenpeijian/autodrive/StreetWorld/lead/3rd_party/navsim_workspace/dataset/maps does not exist!
cf50ffa22c81555d,False,5,/mnt/chenpeijian/autodrive/StreetWorld/lead/3rd_party/navsim_workspace/dataset/maps does not exist!
cf7d3181a516574a,False,5,/mnt/chenpeijian/autodrive/StreetWorld/lead/3rd_party/navsim_workspace/dataset/maps does not exist!
cfb755b8d37458ac,False,5,/mnt/chenpeijian/autodrive/StreetWorld/lead/3rd_party/navsim_workspace/dataset/maps does not exist!
cffc9ea8b6ea5920,False,5,/mnt/chenpeijian/autodrive/StreetWorld/lead/3rd_party/navsim_workspace/dataset/maps does not exist!
d02d0643d42c5d91,False,5,/mnt/chenpeijian/autodrive/StreetWorld/lead/3rd_party/navsim_workspace/dataset/maps does not exist!
d08754ee7c5c5949,False,5,/mnt/chenpeijian/autodrive/StreetWorld/lead/3rd_party/navsim_workspace/dataset/maps does not exist!
d099441c0eb55204,False,5,/mnt/chenpeijian/autodrive/StreetWorld/lead/3rd_party/navsim_workspace/dataset/maps does not exist!
d0c18f1bd62950d5,False,5,/mnt/chenpeijian/autodrive/StreetWorld/lead/3rd_party/navsim_workspace/dataset/maps does not exist!
d0fccf42f606569a,False,5,/mnt/chenpeijian/autodrive/StreetWorld/lead/3rd_party/navsim_workspace/dataset/maps does not exist!
d11fc492a41e5279,False,5,/mnt/chenpeijian/autodrive/StreetWorld/lead/3rd_party/navsim_workspace/dataset/maps does not exist!
d142ab856b7653df,False,5,/mnt/chenpeijian/autodrive/StreetWorld/lead/3rd_party/navsim_workspace/dataset/maps does not exist!
d192ad1c7fa95445,False,5,/mnt/chenpeijian/autodrive/StreetWorld/lead/3rd_party/navsim_workspace/dataset/maps does not exist!
d1c5fed75ec951fa,False,5,/mnt/chenpeijian/autodrive/StreetWorld/lead/3rd_party/navsim_workspace/dataset/maps does not exist!
d1e6f085af9b5199,False,5,/mnt/chenpeijian/autodrive/StreetWorld/lead/3rd_party/navsim_workspace/dataset/maps does not exist!
d22135cc2a13514f,False,5,/mnt/chenpeijian/autodrive/StreetWorld/lead/3rd_party/navsim_workspace/dataset/maps does not exist!
d24706485f0452eb,False,5,/mnt/chenpeijian/autodrive/StreetWorld/lead/3rd_party/navsim_workspace/dataset/maps does not exist!
d2853234152359b3,False,5,/mnt/chenpeijian/autodrive/StreetWorld/lead/3rd_party/navsim_workspace/dataset/maps does not exist!
d2c7bb24957c56ad,False,5,/mnt/chenpeijian/autodrive/StreetWorld/lead/3rd_party/navsim_workspace/dataset/maps does not exist!
d3102c58562a5689,False,5,/mnt/chenpeijian/autodrive/StreetWorld/lead/3rd_party/navsim_workspace/dataset/maps does not exist!
d33c6db306f35ef9,False,5,/mnt/chenpeijian/autodrive/StreetWorld/lead/3rd_party/navsim_workspace/dataset/maps does not exist!
d38070017e4e53c3,False,5,/mnt/chenpeijian/autodrive/StreetWorld/lead/3rd_party/navsim_workspace/dataset/maps does not exist!
d3cca8ce7e1458ad,False,5,/mnt/chenpeijian/autodrive/StreetWorld/lead/3rd_party/navsim_workspace/dataset/maps does not exist!
d3fe95784a34578f,False,5,/mnt/chenpeijian/autodrive/StreetWorld/lead/3rd_party/navsim_workspace/dataset/maps does not exist!
d44d7aacab755892,False,5,/mnt/chenpeijian/autodrive/StreetWorld/lead/3rd_party/navsim_workspace/dataset/maps does not exist!
d471c0c48cb05f04,False,5,/mnt/chenpeijian/autodrive/StreetWorld/lead/3rd_party/navsim_workspace/dataset/maps does not exist!
d4af857a65825fc1,False,5,/mnt/chenpeijian/autodrive/StreetWorld/lead/3rd_party/navsim_workspace/dataset/maps does not exist!
d4e5d3e55e3751f9,False,5,/mnt/chenpeijian/autodrive/StreetWorld/lead/3rd_party/navsim_workspace/dataset/maps does not exist!
d54047580ffb5dba,False,5,/mnt/chenpeijian/autodrive/StreetWorld/lead/3rd_party/navsim_workspace/dataset/maps does not exist!
d55a7602f48e582b,False,5,/mnt/chenpeijian/autodrive/StreetWorld/lead/3rd_party/navsim_workspace/dataset/maps does not exist!
d58a453c3f155916,False,5,/mnt/chenpeijian/autodrive/StreetWorld/lead/3rd_party/navsim_workspace/dataset/maps does not exist!
d5ec09025a1e5a0d,False,5,/mnt/chenpeijian/autodrive/StreetWorld/lead/3rd_party/navsim_workspace/dataset/maps does not exist!
d5ff634ca2dd5801,False,5,/mnt/chenpeijian/autodrive/StreetWorld/lead/3rd_party/navsim_workspace/dataset/maps does not exist!
d64a3964875f5b41,False,5,/mnt/chenpeijian/autodrive/StreetWorld/lead/3rd_party/navsim_workspace/dataset/maps does not exist!
d6641a8596f25d47,False,5,/mnt/chenpeijian/autodrive/StreetWorld/lead/3rd_party/navsim_workspace/dataset/maps does not exist!
d68ae36caae15586,False,5,/mnt/chenpeijian/autodrive/StreetWorld/lead/3rd_party/navsim_workspace/dataset/maps does not exist!
d69b6aacdd0459e3,False,5,/mnt/chenpeijian/autodrive/StreetWorld/lead/3rd_party/navsim_workspace/dataset/maps does not exist!
d6ec2a0b9fe25a58,False,5,/mnt/chenpeijian/autodrive/StreetWorld/lead/3rd_party/navsim_workspace/dataset/maps does not exist!
d70c87fa9c59524a,False,5,/mnt/chenpeijian/autodrive/StreetWorld/lead/3rd_party/navsim_workspace/dataset/maps does not exist!
d72d183a16e05cf3,False,5,/mnt/chenpeijian/autodrive/StreetWorld/lead/3rd_party/navsim_workspace/dataset/maps does not exist!
d76955208924513a,False,5,/mnt/chenpeijian/autodrive/StreetWorld/lead/3rd_party/navsim_workspace/dataset/maps does not exist!
d78ce77ffdf75554,False,5,/mnt/chenpeijian/autodrive/StreetWorld/lead/3rd_party/navsim_workspace/dataset/maps does not exist!
d7ba299450ae53e2,False,5,/mnt/chenpeijian/autodrive/StreetWorld/lead/3rd_party/navsim_workspace/dataset/maps does not exist!
d7ff11915cdf538e,False,5,/mnt/chenpeijian/autodrive/StreetWorld/lead/3rd_party/navsim_workspace/dataset/maps does not exist!
d82f1b20a55d5bcd,False,5,/mnt/chenpeijian/autodrive/StreetWorld/lead/3rd_party/navsim_workspace/dataset/maps does not exist!
d849d3813e3052d0,False,5,/mnt/chenpeijian/autodrive/StreetWorld/lead/3rd_party/navsim_workspace/dataset/maps does not exist!
d8952813d8de574d,False,5,/mnt/chenpeijian/autodrive/StreetWorld/lead/3rd_party/navsim_workspace/dataset/maps does not exist!
d8c1754607175755,False,5,/mnt/chenpeijian/autodrive/StreetWorld/lead/3rd_party/navsim_workspace/dataset/maps does not exist!
d90cd23a434f5c55,False,5,/mnt/chenpeijian/autodrive/StreetWorld/lead/3rd_party/navsim_workspace/dataset/maps does not exist!
d926deb799a65bea,False,5,/mnt/chenpeijian/autodrive/StreetWorld/lead/3rd_party/navsim_workspace/dataset/maps does not exist!
d94860755c1f5594,False,5,/mnt/chenpeijian/autodrive/StreetWorld/lead/3rd_party/navsim_workspace/dataset/maps does not exist!
d98a25449e205e55,False,5,/mnt/chenpeijian/autodrive/StreetWorld/lead/3rd_party/navsim_workspace/dataset/maps does not exist!
d9d22fcc4d395fc9,False,5,/mnt/chenpeijian/autodrive/StreetWorld/lead/3rd_party/navsim_workspace/dataset/maps does not exist!
da03ba74198a524b,False,5,/mnt/chenpeijian/autodrive/StreetWorld/lead/3rd_party/navsim_workspace/dataset/maps does not exist!
da4d89151b245e0c,False,5,/mnt/chenpeijian/autodrive/StreetWorld/lead/3rd_party/navsim_workspace/dataset/maps does not exist!
da848499bd6759c9,False,5,/mnt/chenpeijian/autodrive/StreetWorld/lead/3rd_party/navsim_workspace/dataset/maps does not exist!
dac84d4f931e54ab,False,5,/mnt/chenpeijian/autodrive/StreetWorld/lead/3rd_party/navsim_workspace/dataset/maps does not exist!
daf38cecd5045cf6,False,5,/mnt/chenpeijian/autodrive/StreetWorld/lead/3rd_party/navsim_workspace/dataset/maps does not exist!
db180d0c665454aa,False,5,/mnt/chenpeijian/autodrive/StreetWorld/lead/3rd_party/navsim_workspace/dataset/maps does not exist!
db601036b2fb58d7,False,5,/mnt/chenpeijian/autodrive/StreetWorld/lead/3rd_party/navsim_workspace/dataset/maps does not exist!
db86c1d1516f557d,False,5,/mnt/chenpeijian/autodrive/StreetWorld/lead/3rd_party/navsim_workspace/dataset/maps does not exist!
dbcb1f2c3979500d,False,5,/mnt/chenpeijian/autodrive/StreetWorld/lead/3rd_party/navsim_workspace/dataset/maps does not exist!
dc05b41a768b5015,False,5,/mnt/chenpeijian/autodrive/StreetWorld/lead/3rd_party/navsim_workspace/dataset/maps does not exist!
dc39a0845cde5b42,False,5,/mnt/chenpeijian/autodrive/StreetWorld/lead/3rd_party/navsim_workspace/dataset/maps does not exist!
dc8fc926ef0451f1,False,5,/mnt/chenpeijian/autodrive/StreetWorld/lead/3rd_party/navsim_workspace/dataset/maps does not exist!
dcb8fbfc6c1d5fd6,False,5,/mnt/chenpeijian/autodrive/StreetWorld/lead/3rd_party/navsim_workspace/dataset/maps does not exist!
dcf3da6b34935bc8,False,5,/mnt/chenpeijian/autodrive/StreetWorld/lead/3rd_party/navsim_workspace/dataset/maps does not exist!
dd1ab5d48c6358ef,False,5,/mnt/chenpeijian/autodrive/StreetWorld/lead/3rd_party/navsim_workspace/dataset/maps does not exist!
dd2bc3e6bb8353b8,False,5,/mnt/chenpeijian/autodrive/StreetWorld/lead/3rd_party/navsim_workspace/dataset/maps does not exist!
dd4e7db697465be3,False,5,/mnt/chenpeijian/autodrive/StreetWorld/lead/3rd_party/navsim_workspace/dataset/maps does not exist!
dd79f9aa92105761,False,5,/mnt/chenpeijian/autodrive/StreetWorld/lead/3rd_party/navsim_workspace/dataset/maps does not exist!
dda361f4db52537a,False,5,/mnt/chenpeijian/autodrive/StreetWorld/lead/3rd_party/navsim_workspace/dataset/maps does not exist!
ddd6640cba7e584c,False,5,/mnt/chenpeijian/autodrive/StreetWorld/lead/3rd_party/navsim_workspace/dataset/maps does not exist!
dded75c35039515f,False,5,/mnt/chenpeijian/autodrive/StreetWorld/lead/3rd_party/navsim_workspace/dataset/maps does not exist!
de16c26b38425a6b,False,5,/mnt/chenpeijian/autodrive/StreetWorld/lead/3rd_party/navsim_workspace/dataset/maps does not exist!
de31419c6502517b,False,5,/mnt/chenpeijian/autodrive/StreetWorld/lead/3rd_party/navsim_workspace/dataset/maps does not exist!
de56fef875ac5a5e,False,5,/mnt/chenpeijian/autodrive/StreetWorld/lead/3rd_party/navsim_workspace/dataset/maps does not exist!
de9dd93857cf5ab5,False,5,/mnt/chenpeijian/autodrive/StreetWorld/lead/3rd_party/navsim_workspace/dataset/maps does not exist!
decd6b1dd7f65e1e,False,5,/mnt/chenpeijian/autodrive/StreetWorld/lead/3rd_party/navsim_workspace/dataset/maps does not exist!
def47af8d5a35090,False,5,/mnt/chenpeijian/autodrive/StreetWorld/lead/3rd_party/navsim_workspace/dataset/maps does not exist!
df11795878cb5419,False,5,/mnt/chenpeijian/autodrive/StreetWorld/lead/3rd_party/navsim_workspace/dataset/maps does not exist!
df30f32cd2ee5633,False,5,/mnt/chenpeijian/autodrive/StreetWorld/lead/3rd_party/navsim_workspace/dataset/maps does not exist!
df4dfd432ba25781,False,5,/mnt/chenpeijian/autodrive/StreetWorld/lead/3rd_party/navsim_workspace/dataset/maps does not exist!
df92aab39a395584,False,5,/mnt/chenpeijian/autodrive/StreetWorld/lead/3rd_party/navsim_workspace/dataset/maps does not exist!
dfeb840d983e55ca,False,5,/mnt/chenpeijian/autodrive/StreetWorld/lead/3rd_party/navsim_workspace/dataset/maps does not exist!
e0190f0059145fc6,False,5,/mnt/chenpeijian/autodrive/StreetWorld/lead/3rd_party/navsim_workspace/dataset/maps does not exist!
e0388cc13b635cd7,False,5,/mnt/chenpeijian/autodrive/StreetWorld/lead/3rd_party/navsim_workspace/dataset/maps does not exist!
e058b97f439c51c7,False,5,/mnt/chenpeijian/autodrive/StreetWorld/lead/3rd_party/navsim_workspace/dataset/maps does not exist!
e09bc42b58285147,False,5,/mnt/chenpeijian/autodrive/StreetWorld/lead/3rd_party/navsim_workspace/dataset/maps does not exist!
e0cc59c7dc8c50bd,False,5,/mnt/chenpeijian/autodrive/StreetWorld/lead/3rd_party/navsim_workspace/dataset/maps does not exist!
e102672eb1975e6f,False,5,/mnt/chenpeijian/autodrive/StreetWorld/lead/3rd_party/navsim_workspace/dataset/maps does not exist!
e132b016eee85b16,False,5,/mnt/chenpeijian/autodrive/StreetWorld/lead/3rd_party/navsim_workspace/dataset/maps does not exist!
e16c585e12445a60,False,5,/mnt/chenpeijian/autodrive/StreetWorld/lead/3rd_party/navsim_workspace/dataset/maps does not exist!
e194cef299cf5264,False,5,/mnt/chenpeijian/autodrive/StreetWorld/lead/3rd_party/navsim_workspace/dataset/maps does not exist!
e1db7cf1ba505f99,False,5,/mnt/chenpeijian/autodrive/StreetWorld/lead/3rd_party/navsim_workspace/dataset/maps does not exist!
e2209d1558d75150,False,5,/mnt/chenpeijian/autodrive/StreetWorld/lead/3rd_party/navsim_workspace/dataset/maps does not exist!
e247c988c28957fc,False,5,/mnt/chenpeijian/autodrive/StreetWorld/lead/3rd_party/navsim_workspace/dataset/maps does not exist!
e27b4628314951bb,False,5,/mnt/chenpeijian/autodrive/StreetWorld/lead/3rd_party/navsim_workspace/dataset/maps does not exist!
e2e2578cd6b6505f,False,5,/mnt/chenpeijian/autodrive/StreetWorld/lead/3rd_party/navsim_workspace/dataset/maps does not exist!
e309a82b568d5669,False,5,/mnt/chenpeijian/autodrive/StreetWorld/lead/3rd_party/navsim_workspace/dataset/maps does not exist!
e344674ba93250b5,False,5,/mnt/chenpeijian/autodrive/StreetWorld/lead/3rd_party/navsim_workspace/dataset/maps does not exist!
e36849f8d9e15ce8,False,5,/mnt/chenpeijian/autodrive/StreetWorld/lead/3rd_party/navsim_workspace/dataset/maps does not exist!
e3b8bfc261ac5969,False,5,/mnt/chenpeijian/autodrive/StreetWorld/lead/3rd_party/navsim_workspace/dataset/maps does not exist!
e3ee2f8d1057557d,False,5,/mnt/chenpeijian/autodrive/StreetWorld/lead/3rd_party/navsim_workspace/dataset/maps does not exist!
e4174e91095b530b,False,5,/mnt/chenpeijian/autodrive/StreetWorld/lead/3rd_party/navsim_workspace/dataset/maps does not exist!
e453e4cb030955c7,False,5,/mnt/chenpeijian/autodrive/StreetWorld/lead/3rd_party/navsim_workspace/dataset/maps does not exist!
e49e37e5fed25c9a,False,5,/mnt/chenpeijian/autodrive/StreetWorld/lead/3rd_party/navsim_workspace/dataset/maps does not exist!
e4d27e2ed6ac513e,False,5,/mnt/chenpeijian/autodrive/StreetWorld/lead/3rd_party/navsim_workspace/dataset/maps does not exist!
e5224fa3a0f95b04,False,5,/mnt/chenpeijian/autodrive/StreetWorld/lead/3rd_party/navsim_workspace/dataset/maps does not exist!
e55ee684113c5e7d,False,5,/mnt/chenpeijian/autodrive/StreetWorld/lead/3rd_party/navsim_workspace/dataset/maps does not exist!
e57f09cee57d5ee1,False,5,/mnt/chenpeijian/autodrive/StreetWorld/lead/3rd_party/navsim_workspace/dataset/maps does not exist!
e5b0b2c83a395163,False,5,/mnt/chenpeijian/autodrive/StreetWorld/lead/3rd_party/navsim_workspace/dataset/maps does not exist!
e5d2a01ab5b0562a,False,5,/mnt/chenpeijian/autodrive/StreetWorld/lead/3rd_party/navsim_workspace/dataset/maps does not exist!
e5e21bbf8d665374,False,5,/mnt/chenpeijian/autodrive/StreetWorld/lead/3rd_party/navsim_workspace/dataset/maps does not exist!
e61699cda2f15e01,False,5,/mnt/chenpeijian/autodrive/StreetWorld/lead/3rd_party/navsim_workspace/dataset/maps does not exist!
e63b6dfddfc855da,False,5,/mnt/chenpeijian/autodrive/StreetWorld/lead/3rd_party/navsim_workspace/dataset/maps does not exist!
e67729beeaa95c34,False,5,/mnt/chenpeijian/autodrive/StreetWorld/lead/3rd_party/navsim_workspace/dataset/maps does not exist!
e698c7da1faf53f5,False,5,/mnt/chenpeijian/autodrive/StreetWorld/lead/3rd_party/navsim_workspace/dataset/maps does not exist!
e6bdb406a21e55ba,False,5,/mnt/chenpeijian/autodrive/StreetWorld/lead/3rd_party/navsim_workspace/dataset/maps does not exist!
e6dae41a69575555,False,5,/mnt/chenpeijian/autodrive/StreetWorld/lead/3rd_party/navsim_workspace/dataset/maps does not exist!
e704fb7745a75fd7,False,5,/mnt/chenpeijian/autodrive/StreetWorld/lead/3rd_party/navsim_workspace/dataset/maps does not exist!
e7295df63d0751d2,False,5,/mnt/chenpeijian/autodrive/StreetWorld/lead/3rd_party/navsim_workspace/dataset/maps does not exist!
e76485315c2c5028,False,5,/mnt/chenpeijian/autodrive/StreetWorld/lead/3rd_party/navsim_workspace/dataset/maps does not exist!
e776468d9bf65a8a,False,5,/mnt/chenpeijian/autodrive/StreetWorld/lead/3rd_party/navsim_workspace/dataset/maps does not exist!
e7b0fe1f4b13597c,False,5,/mnt/chenpeijian/autodrive/StreetWorld/lead/3rd_party/navsim_workspace/dataset/maps does not exist!
e7d1f889fc4d5309,False,5,/mnt/chenpeijian/autodrive/StreetWorld/lead/3rd_party/navsim_workspace/dataset/maps does not exist!
e826fc97761759f9,False,5,/mnt/chenpeijian/autodrive/StreetWorld/lead/3rd_party/navsim_workspace/dataset/maps does not exist!
e84ff3e29bc05254,False,5,/mnt/chenpeijian/autodrive/StreetWorld/lead/3rd_party/navsim_workspace/dataset/maps does not exist!
e88e44d720f65e0e,False,5,/mnt/chenpeijian/autodrive/StreetWorld/lead/3rd_party/navsim_workspace/dataset/maps does not exist!
e8bc2f6b295e5867,False,5,/mnt/chenpeijian/autodrive/StreetWorld/lead/3rd_party/navsim_workspace/dataset/maps does not exist!
e8e49013253b5e7c,False,5,/mnt/chenpeijian/autodrive/StreetWorld/lead/3rd_party/navsim_workspace/dataset/maps does not exist!
e91f2da06b8e517f,False,5,/mnt/chenpeijian/autodrive/StreetWorld/lead/3rd_party/navsim_workspace/dataset/maps does not exist!
e96f254899095cf1,False,5,/mnt/chenpeijian/autodrive/StreetWorld/lead/3rd_party/navsim_workspace/dataset/maps does not exist!
e993f3cb1dd051df,False,5,/mnt/chenpeijian/autodrive/StreetWorld/lead/3rd_party/navsim_workspace/dataset/maps does not exist!
e9cb16355c1f5d9b,False,5,/mnt/chenpeijian/autodrive/StreetWorld/lead/3rd_party/navsim_workspace/dataset/maps does not exist!
e9fd1602f4555be6,False,5,/mnt/chenpeijian/autodrive/StreetWorld/lead/3rd_party/navsim_workspace/dataset/maps does not exist!
ea23b2bb8e5756b8,False,5,/mnt/chenpeijian/autodrive/StreetWorld/lead/3rd_party/navsim_workspace/dataset/maps does not exist!
ea408ea92ea9549b,False,5,/mnt/chenpeijian/autodrive/StreetWorld/lead/3rd_party/navsim_workspace/dataset/maps does not exist!
ea85208e83eb57b6,False,5,/mnt/chenpeijian/autodrive/StreetWorld/lead/3rd_party/navsim_workspace/dataset/maps does not exist!
ead04653ed0c5545,False,5,/mnt/chenpeijian/autodrive/StreetWorld/lead/3rd_party/navsim_workspace/dataset/maps does not exist!
eb1315c4860c5189,False,5,/mnt/chenpeijian/autodrive/StreetWorld/lead/3rd_party/navsim_workspace/dataset/maps does not exist!
eb3e272209a4520f,False,5,/mnt/chenpeijian/autodrive/StreetWorld/lead/3rd_party/navsim_workspace/dataset/maps does not exist!
eb72736f2edf5380,False,5,/mnt/chenpeijian/autodrive/StreetWorld/lead/3rd_party/navsim_workspace/dataset/maps does not exist!
ebb383e16f7c5121,False,5,/mnt/chenpeijian/autodrive/StreetWorld/lead/3rd_party/navsim_workspace/dataset/maps does not exist!
ebfa82f4906755d4,False,5,/mnt/chenpeijian/autodrive/StreetWorld/lead/3rd_party/navsim_workspace/dataset/maps does not exist!
ec372e5b0ad7504f,False,5,/mnt/chenpeijian/autodrive/StreetWorld/lead/3rd_party/navsim_workspace/dataset/maps does not exist!
ec68f8027f415301,False,5,/mnt/chenpeijian/autodrive/StreetWorld/lead/3rd_party/navsim_workspace/dataset/maps does not exist!
ecaca52a9b295117,False,5,/mnt/chenpeijian/autodrive/StreetWorld/lead/3rd_party/navsim_workspace/dataset/maps does not exist!
ecd769043adc5346,False,5,/mnt/chenpeijian/autodrive/StreetWorld/lead/3rd_party/navsim_workspace/dataset/maps does not exist!
ed02d0df47ca55e7,False,5,/mnt/chenpeijian/autodrive/StreetWorld/lead/3rd_party/navsim_workspace/dataset/maps does not exist!
ed2466a660ba5661,False,5,/mnt/chenpeijian/autodrive/StreetWorld/lead/3rd_party/navsim_workspace/dataset/maps does not exist!
ed69e15d85ab50a6,False,5,/mnt/chenpeijian/autodrive/StreetWorld/lead/3rd_party/navsim_workspace/dataset/maps does not exist!
ed95bd64d5a555c8,False,5,/mnt/chenpeijian/autodrive/StreetWorld/lead/3rd_party/navsim_workspace/dataset/maps does not exist!
eda5fa80573953b8,False,5,/mnt/chenpeijian/autodrive/StreetWorld/lead/3rd_party/navsim_workspace/dataset/maps does not exist!
ee380d59f0f450c6,False,5,/mnt/chenpeijian/autodrive/StreetWorld/lead/3rd_party/navsim_workspace/dataset/maps does not exist!
ee69970ae6f85870,False,5,/mnt/chenpeijian/autodrive/StreetWorld/lead/3rd_party/navsim_workspace/dataset/maps does not exist!
ee88e21932e6564f,False,5,/mnt/chenpeijian/autodrive/StreetWorld/lead/3rd_party/navsim_workspace/dataset/maps does not exist!
ee99fbc3e9a25112,False,5,/mnt/chenpeijian/autodrive/StreetWorld/lead/3rd_party/navsim_workspace/dataset/maps does not exist!
eec0bc4e1b185d67,False,5,/mnt/chenpeijian/autodrive/StreetWorld/lead/3rd_party/navsim_workspace/dataset/maps does not exist!
eef98aae7e42579d,False,5,/mnt/chenpeijian/autodrive/StreetWorld/lead/3rd_party/navsim_workspace/dataset/maps does not exist!
ef23fc3dea3551b5,False,5,/mnt/chenpeijian/autodrive/StreetWorld/lead/3rd_party/navsim_workspace/dataset/maps does not exist!
ef65f88fc1a55fdc,False,5,/mnt/chenpeijian/autodrive/StreetWorld/lead/3rd_party/navsim_workspace/dataset/maps does not exist!
ef7822ee7fa35042,False,5,/mnt/chenpeijian/autodrive/StreetWorld/lead/3rd_party/navsim_workspace/dataset/maps does not exist!
ef97c6e9f11b59a7,False,5,/mnt/chenpeijian/autodrive/StreetWorld/lead/3rd_party/navsim_workspace/dataset/maps does not exist!
efd0435305f5532a,False,5,/mnt/chenpeijian/autodrive/StreetWorld/lead/3rd_party/navsim_workspace/dataset/maps does not exist!
f01212b1c5b25520,False,5,/mnt/chenpeijian/autodrive/StreetWorld/lead/3rd_party/navsim_workspace/dataset/maps does not exist!
f02b15cc225b5d9a,False,5,/mnt/chenpeijian/autodrive/StreetWorld/lead/3rd_party/navsim_workspace/dataset/maps does not exist!
f07e9b76d6e0503d,False,5,/mnt/chenpeijian/autodrive/StreetWorld/lead/3rd_party/navsim_workspace/dataset/maps does not exist!
f0cdcc3967335c01,False,5,/mnt/chenpeijian/autodrive/StreetWorld/lead/3rd_party/navsim_workspace/dataset/maps does not exist!
f105b1f7e3a65303,False,5,/mnt/chenpeijian/autodrive/StreetWorld/lead/3rd_party/navsim_workspace/dataset/maps does not exist!
f14e7ed78b5d55b4,False,5,/mnt/chenpeijian/autodrive/StreetWorld/lead/3rd_party/navsim_workspace/dataset/maps does not exist!
f199bfb931d65f4f,False,5,/mnt/chenpeijian/autodrive/StreetWorld/lead/3rd_party/navsim_workspace/dataset/maps does not exist!
f1b8c54a906f525e,False,5,/mnt/chenpeijian/autodrive/StreetWorld/lead/3rd_party/navsim_workspace/dataset/maps does not exist!
f1e870d5d8275cac,False,5,/mnt/chenpeijian/autodrive/StreetWorld/lead/3rd_party/navsim_workspace/dataset/maps does not exist!
f2117260382b5d83,False,5,/mnt/chenpeijian/autodrive/StreetWorld/lead/3rd_party/navsim_workspace/dataset/maps does not exist!
f231f20bdcb55426,False,5,/mnt/chenpeijian/autodrive/StreetWorld/lead/3rd_party/navsim_workspace/dataset/maps does not exist!
f252e2d96f805926,False,5,/mnt/chenpeijian/autodrive/StreetWorld/lead/3rd_party/navsim_workspace/dataset/maps does not exist!
f2655b7cd5d15a20,False,5,/mnt/chenpeijian/autodrive/StreetWorld/lead/3rd_party/navsim_workspace/dataset/maps does not exist!
f2b83fb414eb5cf0,False,5,/mnt/chenpeijian/autodrive/StreetWorld/lead/3rd_party/navsim_workspace/dataset/maps does not exist!
f2f5b666a04b53f8,False,5,/mnt/chenpeijian/autodrive/StreetWorld/lead/3rd_party/navsim_workspace/dataset/maps does not exist!
f32d809c7175588c,False,5,/mnt/chenpeijian/autodrive/StreetWorld/lead/3rd_party/navsim_workspace/dataset/maps does not exist!
f3521da962a75e3d,False,5,/mnt/chenpeijian/autodrive/StreetWorld/lead/3rd_party/navsim_workspace/dataset/maps does not exist!
f376ed0415235e20,False,5,/mnt/chenpeijian/autodrive/StreetWorld/lead/3rd_party/navsim_workspace/dataset/maps does not exist!
f39952caeb2b5014,False,5,/mnt/chenpeijian/autodrive/StreetWorld/lead/3rd_party/navsim_workspace/dataset/maps does not exist!
f3e32c06633756e9,False,5,/mnt/chenpeijian/autodrive/StreetWorld/lead/3rd_party/navsim_workspace/dataset/maps does not exist!
f407714273645434,False,5,/mnt/chenpeijian/autodrive/StreetWorld/lead/3rd_party/navsim_workspace/dataset/maps does not exist!
f424ee234e385b95,False,5,/mnt/chenpeijian/autodrive/StreetWorld/lead/3rd_party/navsim_workspace/dataset/maps does not exist!
f470121c6add5665,False,5,/mnt/chenpeijian/autodrive/StreetWorld/lead/3rd_party/navsim_workspace/dataset/maps does not exist!
f4af3907bb665bf7,False,5,/mnt/chenpeijian/autodrive/StreetWorld/lead/3rd_party/navsim_workspace/dataset/maps does not exist!
f4fc2446b41e55ba,False,5,/mnt/chenpeijian/autodrive/StreetWorld/lead/3rd_party/navsim_workspace/dataset/maps does not exist!
f53ece8c1cb9562c,False,5,/mnt/chenpeijian/autodrive/StreetWorld/lead/3rd_party/navsim_workspace/dataset/maps does not exist!
f583323fe0215871,False,5,/mnt/chenpeijian/autodrive/StreetWorld/lead/3rd_party/navsim_workspace/dataset/maps does not exist!
f5af188b17e85ef0,False,5,/mnt/chenpeijian/autodrive/StreetWorld/lead/3rd_party/navsim_workspace/dataset/maps does not exist!
f5d9b1df3fef57ec,False,5,/mnt/chenpeijian/autodrive/StreetWorld/lead/3rd_party/navsim_workspace/dataset/maps does not exist!
f606d0e6eda7549a,False,5,/mnt/chenpeijian/autodrive/StreetWorld/lead/3rd_party/navsim_workspace/dataset/maps does not exist!
f6268af57ef35a2b,False,5,/mnt/chenpeijian/autodrive/StreetWorld/lead/3rd_party/navsim_workspace/dataset/maps does not exist!
f641cb06f2175d36,False,5,/mnt/chenpeijian/autodrive/StreetWorld/lead/3rd_party/navsim_workspace/dataset/maps does not exist!
f6855b72b0aa57e2,False,5,/mnt/chenpeijian/autodrive/StreetWorld/lead/3rd_party/navsim_workspace/dataset/maps does not exist!
f6b3ef5ef2085e46,False,5,/mnt/chenpeijian/autodrive/StreetWorld/lead/3rd_party/navsim_workspace/dataset/maps does not exist!
f6e64f5e788b5101,False,5,/mnt/chenpeijian/autodrive/StreetWorld/lead/3rd_party/navsim_workspace/dataset/maps does not exist!
f714eb04f5495273,False,5,/mnt/chenpeijian/autodrive/StreetWorld/lead/3rd_party/navsim_workspace/dataset/maps does not exist!
f733e02fa876535a,False,5,/mnt/chenpeijian/autodrive/StreetWorld/lead/3rd_party/navsim_workspace/dataset/maps does not exist!
f7544894729252f5,False,5,/mnt/chenpeijian/autodrive/StreetWorld/lead/3rd_party/navsim_workspace/dataset/maps does not exist!
f78a67043d9e5477,False,5,/mnt/chenpeijian/autodrive/StreetWorld/lead/3rd_party/navsim_workspace/dataset/maps does not exist!
f7a5f237abcd5b04,False,5,/mnt/chenpeijian/autodrive/StreetWorld/lead/3rd_party/navsim_workspace/dataset/maps does not exist!
f7e52770089e5230,False,5,/mnt/chenpeijian/autodrive/StreetWorld/lead/3rd_party/navsim_workspace/dataset/maps does not exist!
f84498af5b4f55eb,False,5,/mnt/chenpeijian/autodrive/StreetWorld/lead/3rd_party/navsim_workspace/dataset/maps does not exist!
f897914e6f0c52e5,False,5,/mnt/chenpeijian/autodrive/StreetWorld/lead/3rd_party/navsim_workspace/dataset/maps does not exist!
f8d3738f77c05163,False,5,/mnt/chenpeijian/autodrive/StreetWorld/lead/3rd_party/navsim_workspace/dataset/maps does not exist!
f8f1d3aa1a30553d,False,5,/mnt/chenpeijian/autodrive/StreetWorld/lead/3rd_party/navsim_workspace/dataset/maps does not exist!
f93a7b7a8fe95c6f,False,5,/mnt/chenpeijian/autodrive/StreetWorld/lead/3rd_party/navsim_workspace/dataset/maps does not exist!
f962927ff5dc518c,False,5,/mnt/chenpeijian/autodrive/StreetWorld/lead/3rd_party/navsim_workspace/dataset/maps does not exist!
f99a74d444e651d3,False,5,/mnt/chenpeijian/autodrive/StreetWorld/lead/3rd_party/navsim_workspace/dataset/maps does not exist!
f9de30ccbddd50dc,False,5,/mnt/chenpeijian/autodrive/StreetWorld/lead/3rd_party/navsim_workspace/dataset/maps does not exist!
fa39ec6686705dac,False,5,/mnt/chenpeijian/autodrive/StreetWorld/lead/3rd_party/navsim_workspace/dataset/maps does not exist!
fa70c2e191965353,False,5,/mnt/chenpeijian/autodrive/StreetWorld/lead/3rd_party/navsim_workspace/dataset/maps does not exist!
fa861c2b864254dc,False,5,/mnt/chenpeijian/autodrive/StreetWorld/lead/3rd_party/navsim_workspace/dataset/maps does not exist!
fac35c75801751bd,False,5,/mnt/chenpeijian/autodrive/StreetWorld/lead/3rd_party/navsim_workspace/dataset/maps does not exist!
faf7e71648b65503,False,5,/mnt/chenpeijian/autodrive/StreetWorld/lead/3rd_party/navsim_workspace/dataset/maps does not exist!
fb2289e9d46258f2,False,5,/mnt/chenpeijian/autodrive/StreetWorld/lead/3rd_party/navsim_workspace/dataset/maps does not exist!
fb3e4b836ab758db,False,5,/mnt/chenpeijian/autodrive/StreetWorld/lead/3rd_party/navsim_workspace/dataset/maps does not exist!
fb6e02b5752e5754,False,5,/mnt/chenpeijian/autodrive/StreetWorld/lead/3rd_party/navsim_workspace/dataset/maps does not exist!
fbb8f13bd26a5eee,False,5,/mnt/chenpeijian/autodrive/StreetWorld/lead/3rd_party/navsim_workspace/dataset/maps does not exist!
fbf241ca4b6758d8,False,5,/mnt/chenpeijian/autodrive/StreetWorld/lead/3rd_party/navsim_workspace/dataset/maps does not exist!
fc0a60a9d8245aea,False,5,/mnt/chenpeijian/autodrive/StreetWorld/lead/3rd_party/navsim_workspace/dataset/maps does not exist!
fc1b6762387f5209,False,5,/mnt/chenpeijian/autodrive/StreetWorld/lead/3rd_party/navsim_workspace/dataset/maps does not exist!
fc529b3abdc65998,False,5,/mnt/chenpeijian/autodrive/StreetWorld/lead/3rd_party/navsim_workspace/dataset/maps does not exist!
fca1702dec8a50c6,False,5,/mnt/chenpeijian/autodrive/StreetWorld/lead/3rd_party/navsim_workspace/dataset/maps does not exist!
fccd90b794b15d6a,False,5,/mnt/chenpeijian/autodrive/StreetWorld/lead/3rd_party/navsim_workspace/dataset/maps does not exist!
fd16b1d0d41352ee,False,5,/mnt/chenpeijian/autodrive/StreetWorld/lead/3rd_party/navsim_workspace/dataset/maps does not exist!
fd4c64e354f953bd,False,5,/mnt/chenpeijian/autodrive/StreetWorld/lead/3rd_party/navsim_workspace/dataset/maps does not exist!
fd7c51a15e5b54a6,False,5,/mnt/chenpeijian/autodrive/StreetWorld/lead/3rd_party/navsim_workspace/dataset/maps does not exist!
fda0145d54065b7c,False,5,/mnt/chenpeijian/autodrive/StreetWorld/lead/3rd_party/navsim_workspace/dataset/maps does not exist!
fdcbf84507845615,False,5,/mnt/chenpeijian/autodrive/StreetWorld/lead/3rd_party/navsim_workspace/dataset/maps does not exist!
fde793c65573590a,False,5,/mnt/chenpeijian/autodrive/StreetWorld/lead/3rd_party/navsim_workspace/dataset/maps does not exist!
fe2270288c1d5628,False,5,/mnt/chenpeijian/autodrive/StreetWorld/lead/3rd_party/navsim_workspace/dataset/maps does not exist!
fe4bac0ae9bc5639,False,5,/mnt/chenpeijian/autodrive/StreetWorld/lead/3rd_party/navsim_workspace/dataset/maps does not exist!
fe6105aa925d5621,False,5,/mnt/chenpeijian/autodrive/StreetWorld/lead/3rd_party/navsim_workspace/dataset/maps does not exist!
fe810492129f57a8,False,5,/mnt/chenpeijian/autodrive/StreetWorld/lead/3rd_party/navsim_workspace/dataset/maps does not exist!
fec541917e3f5029,False,5,/mnt/chenpeijian/autodrive/StreetWorld/lead/3rd_party/navsim_workspace/dataset/maps does not exist!
ff1044970b525386,False,5,/mnt/chenpeijian/autodrive/StreetWorld/lead/3rd_party/navsim_workspace/dataset/maps does not exist!
ff412420037b524a,False,5,/mnt/chenpeijian/autodrive/StreetWorld/lead/3rd_party/navsim_workspace/dataset/maps does not exist!
ff6f020133855f6a,False,5,/mnt/chenpeijian/autodrive/StreetWorld/lead/3rd_party/navsim_workspace/dataset/maps does not exist!
ff9058bacb845910,False,5,/mnt/chenpeijian/autodrive/StreetWorld/lead/3rd_party/navsim_workspace/dataset/maps does not exist!
ffcbea07e13e540d,False,5,/mnt/chenpeijian/autodrive/StreetWorld/lead/3rd_party/navsim_workspace/dataset/maps does not exist!
ffe87d190cd358c8,False,5,/mnt/chenpeijian/autodrive/StreetWorld/lead/3rd_party/navsim_workspace/dataset/maps does not exist!
average,False,0,
